Number,Name,Ht,Wt,Yr,G,%Min,ORtg,%Poss,%Shots,eFG%,TS%,OR%,DR%,ARate,TORate,Blk%,Stl%,FC/40,FD/40,FTRate,FTM-A,Pct,2PM-A,Player.2Pt%,3PM-A,Player.3Pt%,KenPomPlayerURL,Game -1,Game -2,Game -3,Game -4,Game -5,Game -6,Team,Team.Conference,Team.AdjTempo,Team.AdjTempo.Rank,Team.AdjOE,Team.AdjOE.Rank,Team.Off-eFG%,Team.Off-eFG%.Rank,Team.Off-TO%,Team.Off-TO%.Rank,Team.Off-OR%,Team.Off-OR%.Rank,Team.Off-FTRate,Team.Off-FTRate.Rank,Team.AdjDE,Team.AdjDE.Rank,Team.Def-eFG%,Team.Def-eFG%.Rank,Team.Def-TO%,Team.Def-TO%.Rank,Team.Def-OR%,Team.Def-OR%.Rank,Team.Def-FTRate,Team.Def-FTRate.Rank,Team.3P%,Team.3P%.Rank,Team.2P%,Team.2P%.Rank,Team.FT%,Team.FT%.Rank,Team.Blk%,Team.Blk%.Rank,Team.Stl%,Team.Stl%.Rank,Team.NST%,Team.NST%.Rank,Team.2P Dist,Team.2P Dist.Rank,Team.A%,Team.A%.Rank,Team.3PA%,Team.3PA%.Rank,Team.Off-FT,Team.Off-FT.Rank,Team.Off-2P,Team.Off-2P.Rank,Team.Off-3P,Team.Off-3P.Rank,Team.Def-FT,Team.Def-FT.Rank,Team.Def-2P,Team.Def-2P.Rank,Team.Def-3P,Team.Def-3P.Rank,Team.Def.Conference,Team.Def.3P%,Team.Def.3P%.Rank,Team.Def.2P%,Team.Def.2P%.Rank,Team.Def.FT%,Team.Def.FT%.Rank,Team.Def.Blk%,Team.Def.Blk%.Rank,Team.Def.Stl%,Team.Def.Stl%.Rank,Team.Def.NST%,Team.Def.NST%.Rank,Team.Def.2P Dist,Team.Def.2P Dist.Rank,Team.Def.A%,Team.Def.A%.Rank,Team.Def.3PA%,Team.Def.3PA%.Rank,Team.Def.AdjDE,Team.Def.AdjDE.Rank,NextOpponent,KenPomResult,Opponent.Conference,Opponent.AdjTempo,Opponent.AdjTempo.Rank,Opponent.AdjOE,Opponent.AdjOE.Rank,Opponent.Off-eFG%,Opponent.Off-eFG%.Rank,Opponent.Off-TO%,Opponent.Off-TO%.Rank,Opponent.Off-OR%,Opponent.Off-OR%.Rank,Opponent.Off-FTRate,Opponent.Off-FTRate.Rank,Opponent.AdjDE,Opponent.AdjDE.Rank,Opponent.Def-eFG%,Opponent.Def-eFG%.Rank,Opponent.Def-TO%,Opponent.Def-TO%.Rank,Opponent.Def-OR%,Opponent.Def-OR%.Rank,Opponent.Def-FTRate,Opponent.Def-FTRate.Rank,Opponent.3P%,Opponent.3P%.Rank,Opponent.2P%,Opponent.2P%.Rank,Opponent.FT%,Opponent.FT%.Rank,Opponent.Blk%,Opponent.Blk%.Rank,Opponent.Stl%,Opponent.Stl%.Rank,Opponent.NST%,Opponent.NST%.Rank,Opponent.2P Dist,Opponent.2P Dist.Rank,Opponent.A%,Opponent.A%.Rank,Opponent.3PA%,Opponent.3PA%.Rank,Opponent.Off-FT,Opponent.Off-FT.Rank,Opponent.Off-2P,Opponent.Off-2P.Rank,Opponent.Off-3P,Opponent.Off-3P.Rank,Opponent.Def-FT,Opponent.Def-FT.Rank,Opponent.Def-2P,Opponent.Def-2P.Rank,Opponent.Def-3P,Opponent.Def-3P.Rank,Opponent.Def.Conference,Opponent.Def.3P%,Opponent.Def.3P%.Rank,Opponent.Def.2P%,Opponent.Def.2P%.Rank,Opponent.Def.FT%,Opponent.Def.FT%.Rank,Opponent.Def.Blk%,Opponent.Def.Blk%.Rank,Opponent.Def.Stl%,Opponent.Def.Stl%.Rank,Opponent.Def.NST%,Opponent.Def.NST%.Rank,Opponent.Def.2P Dist,Opponent.Def.2P Dist.Rank,Opponent.Def.A%,Opponent.Def.A%.Rank,Opponent.Def.3PA%,Opponent.Def.3PA%.Rank,Opponent.Def.AdjDE,Opponent.Def.AdjDE.Rank,Game Fouls -1,Game Fouls -2,Game Fouls -3,Game Fouls -4,Game Fouls -5,Game Fouls -6,Last3AvgMins,Last3MinutesDetail,Last5AvgMins,Last3MinsStdDev,Last5MinsStdDev,Last5FoulsDetail,MinsProj,MinsProjConfidence,MinsProjInjurySummary,MinsProjConfidenceJustification
15.0,Aday Mara,7-3,255.0,Jr,38.0,57.7,119.2,23.9,21.1,67.5,65.7,10.8,20.8,19.1,20.0,12.5,0.8,3.8,4.9,48.9,75-136,0.551,183-269,0.68,3-9,0.333,https://kenpom.com/player.php?p=55279,18.0,27.0,26.0,21.0,27.0,31.0,Michigan,B10,70.9,22.0,128.2,5.0,58.8,6.0,16.3,159.0,34.9,50.0,38.1,100.0,89.2,1.0,44.9,1.0,15.0,288.0,27.3,46.0,25.9,13.0,36.9,30.0,61.3,2.0,74.2,121.0,8.7,122.0,8.9,107.0,7.5,223.0,4.7,19.0,61.4,22.0,41.9,137.0,19.4,204.0,48.8,186.0,31.8,178.0,17.7,292.0,46.6,279.0,35.7,41.0,B10,30.4,18.0,44.3,3.0,74.2,279.0,16.8,3.0,7.7,318.0,7.3,169.0,7.2,4.0,47.6,58.0,42.7,286.0,89.2,1.0,Arizona,"W, 79-78",B12,69.8,56.0,128.6,4.0,55.1,35.0,15.0,67.0,38.4,5.0,44.3,7.0,89.8,2.0,45.0,2.0,16.3,200.0,26.8,30.0,27.2,24.0,36.7,36.0,55.2,53.0,73.5,153.0,8.6,105.0,8.6,81.0,6.4,86.0,5.7,141.0,54.8,119.0,26.4,363.0,22.8,46.0,56.8,14.0,20.4,361.0,17.8,287.0,50.3,122.0,31.9,156.0,B12,31.0,35.0,44.1,2.0,71.5,128.0,10.9,91.0,10.2,117.0,6.0,326.0,7.0,15.0,49.4,101.0,37.5,115.0,89.8,2.0,1.7,2.6,2.5,2.0,2.6,2.9,23.666666666666668,"[26, 27, 18]",23.8,4.027681991198191,3.655133376499413,"[2.6, 2, 2.5, 2.6, 1.7]",,,,
3.0,Elliot Cadeau,6-1,180.0,Jr,38.0,67.0,113.1,22.6,19.8,51.6,54.8,1.3,8.9,33.8,21.5,0.9,1.5,3.1,3.8,35.6,75-108,0.694,65-141,0.461,61-162,0.377,https://kenpom.com/player.php?p=55027,34.0,34.0,37.0,26.0,38.0,21.0,Michigan,B10,70.9,22.0,128.2,5.0,58.8,6.0,16.3,159.0,34.9,50.0,38.1,100.0,89.2,1.0,44.9,1.0,15.0,288.0,27.3,46.0,25.9,13.0,36.9,30.0,61.3,2.0,74.2,121.0,8.7,122.0,8.9,107.0,7.5,223.0,4.7,19.0,61.4,22.0,41.9,137.0,19.4,204.0,48.8,186.0,31.8,178.0,17.7,292.0,46.6,279.0,35.7,41.0,B10,30.4,18.0,44.3,3.0,74.2,279.0,16.8,3.0,7.7,318.0,7.3,169.0,7.2,4.0,47.6,58.0,42.7,286.0,89.2,1.0,Arizona,"W, 79-78",B12,69.8,56.0,128.6,4.0,55.1,35.0,15.0,67.0,38.4,5.0,44.3,7.0,89.8,2.0,45.0,2.0,16.3,200.0,26.8,30.0,27.2,24.0,36.7,36.0,55.2,53.0,73.5,153.0,8.6,105.0,8.6,81.0,6.4,86.0,5.7,141.0,54.8,119.0,26.4,363.0,22.8,46.0,56.8,14.0,20.4,361.0,17.8,287.0,50.3,122.0,31.9,156.0,B12,31.0,35.0,44.1,2.0,71.5,128.0,10.9,91.0,10.2,117.0,6.0,326.0,7.0,15.0,49.4,101.0,37.5,115.0,89.8,2.0,2.6,2.6,2.9,2.0,2.9,1.6,35.0,"[37, 34, 34]",33.8,1.4142135623730951,4.214261501141095,"[2.9, 2, 2.9, 2.6, 2.6]",,,,
2.0,LJ Cason,6-2,195.0,So,28.0,34.2,112.1,21.8,20.6,60.6,62.5,1.5,8.8,20.8,23.7,0.0,2.8,1.8,3.7,34.2,39-55,0.709,48-79,0.608,33-82,0.402,https://kenpom.com/player.php?p=56798,0.0,0.0,0.0,0.0,0.0,0.0,Michigan,B10,70.9,22.0,128.2,5.0,58.8,6.0,16.3,159.0,34.9,50.0,38.1,100.0,89.2,1.0,44.9,1.0,15.0,288.0,27.3,46.0,25.9,13.0,36.9,30.0,61.3,2.0,74.2,121.0,8.7,122.0,8.9,107.0,7.5,223.0,4.7,19.0,61.4,22.0,41.9,137.0,19.4,204.0,48.8,186.0,31.8,178.0,17.7,292.0,46.6,279.0,35.7,41.0,B10,30.4,18.0,44.3,3.0,74.2,279.0,16.8,3.0,7.7,318.0,7.3,169.0,7.2,4.0,47.6,58.0,42.7,286.0,89.2,1.0,Arizona,"W, 79-78",B12,69.8,56.0,128.6,4.0,55.1,35.0,15.0,67.0,38.4,5.0,44.3,7.0,89.8,2.0,45.0,2.0,16.3,200.0,26.8,30.0,27.2,24.0,36.7,36.0,55.2,53.0,73.5,153.0,8.6,105.0,8.6,81.0,6.4,86.0,5.7,141.0,54.8,119.0,26.4,363.0,22.8,46.0,56.8,14.0,20.4,361.0,17.8,287.0,50.3,122.0,31.9,156.0,B12,31.0,35.0,44.1,2.0,71.5,128.0,10.9,91.0,10.2,117.0,6.0,326.0,7.0,15.0,49.4,101.0,37.5,115.0,89.8,2.0,0.0,0.0,0.0,0.0,0.0,0.0,0.0,"[0, 0, 0]",0.0,0.0,0.0,"[0, 0, 0, 0, 0]",,,,
21.0,Morez Johnson,6-9,250.0,So,38.0,62.6,131.3,21.0,20.9,64.5,67.8,12.4,19.3,8.1,13.7,4.8,1.5,3.6,4.8,50.2,116-150,0.773,175-266,0.658,12-33,0.364,https://kenpom.com/player.php?p=56077,23.0,24.0,27.0,26.0,24.0,32.0,Michigan,B10,70.9,22.0,128.2,5.0,58.8,6.0,16.3,159.0,34.9,50.0,38.1,100.0,89.2,1.0,44.9,1.0,15.0,288.0,27.3,46.0,25.9,13.0,36.9,30.0,61.3,2.0,74.2,121.0,8.7,122.0,8.9,107.0,7.5,223.0,4.7,19.0,61.4,22.0,41.9,137.0,19.4,204.0,48.8,186.0,31.8,178.0,17.7,292.0,46.6,279.0,35.7,41.0,B10,30.4,18.0,44.3,3.0,74.2,279.0,16.8,3.0,7.7,318.0,7.3,169.0,7.2,4.0,47.6,58.0,42.7,286.0,89.2,1.0,Arizona,"W, 79-78",B12,69.8,56.0,128.6,4.0,55.1,35.0,15.0,67.0,38.4,5.0,44.3,7.0,89.8,2.0,45.0,2.0,16.3,200.0,26.8,30.0,27.2,24.0,36.7,36.0,55.2,53.0,73.5,153.0,8.6,105.0,8.6,81.0,6.4,86.0,5.7,141.0,54.8,119.0,26.4,363.0,22.8,46.0,56.8,14.0,20.4,361.0,17.8,287.0,50.3,122.0,31.9,156.0,B12,31.0,35.0,44.1,2.0,71.5,128.0,10.9,91.0,10.2,117.0,6.0,326.0,7.0,15.0,49.4,101.0,37.5,115.0,89.8,2.0,2.1,2.2,2.4,2.3,2.2,2.9,24.666666666666668,"[27, 24, 23]",24.8,1.699673171197595,1.4696938456699067,"[2.2, 2.3, 2.4, 2.2, 2.1]",,,,
4.0,Nimari Burnett,6-5,195.0,Sr,38.0,49.5,125.4,16.9,21.1,58.4,60.5,3.8,10.5,9.8,10.5,0.6,1.4,3.0,2.8,21.8,40-52,0.769,51-84,0.607,59-155,0.381,https://kenpom.com/player.php?p=50096,27.0,17.0,24.0,26.0,28.0,14.0,Michigan,B10,70.9,22.0,128.2,5.0,58.8,6.0,16.3,159.0,34.9,50.0,38.1,100.0,89.2,1.0,44.9,1.0,15.0,288.0,27.3,46.0,25.9,13.0,36.9,30.0,61.3,2.0,74.2,121.0,8.7,122.0,8.9,107.0,7.5,223.0,4.7,19.0,61.4,22.0,41.9,137.0,19.4,204.0,48.8,186.0,31.8,178.0,17.7,292.0,46.6,279.0,35.7,41.0,B10,30.4,18.0,44.3,3.0,74.2,279.0,16.8,3.0,7.7,318.0,7.3,169.0,7.2,4.0,47.6,58.0,42.7,286.0,89.2,1.0,Arizona,"W, 79-78",B12,69.8,56.0,128.6,4.0,55.1,35.0,15.0,67.0,38.4,5.0,44.3,7.0,89.8,2.0,45.0,2.0,16.3,200.0,26.8,30.0,27.2,24.0,36.7,36.0,55.2,53.0,73.5,153.0,8.6,105.0,8.6,81.0,6.4,86.0,5.7,141.0,54.8,119.0,26.4,363.0,22.8,46.0,56.8,14.0,20.4,361.0,17.8,287.0,50.3,122.0,31.9,156.0,B12,31.0,35.0,44.1,2.0,71.5,128.0,10.9,91.0,10.2,117.0,6.0,326.0,7.0,15.0,49.4,101.0,37.5,115.0,89.8,2.0,2.0,1.3,1.8,2.0,2.1,1.0,22.666666666666668,"[24, 17, 27]",24.4,4.189935029992178,3.9293765408777,"[2.1, 2, 1.8, 1.3, 2]",,,,
5.0,Oscar Goodman,6-7,235.0,Fr,15.0,5.6,101.6,17.1,18.9,41.7,43.3,9.2,15.2,12.7,15.4,3.9,0.7,5.7,2.0,12.5,2-3,0.667,10-18,0.556,0-6,0.0,https://kenpom.com/player.php?p=58415,3.0,0.0,1.0,3.0,0.0,0.0,Michigan,B10,70.9,22.0,128.2,5.0,58.8,6.0,16.3,159.0,34.9,50.0,38.1,100.0,89.2,1.0,44.9,1.0,15.0,288.0,27.3,46.0,25.9,13.0,36.9,30.0,61.3,2.0,74.2,121.0,8.7,122.0,8.9,107.0,7.5,223.0,4.7,19.0,61.4,22.0,41.9,137.0,19.4,204.0,48.8,186.0,31.8,178.0,17.7,292.0,46.6,279.0,35.7,41.0,B10,30.4,18.0,44.3,3.0,74.2,279.0,16.8,3.0,7.7,318.0,7.3,169.0,7.2,4.0,47.6,58.0,42.7,286.0,89.2,1.0,Arizona,"W, 79-78",B12,69.8,56.0,128.6,4.0,55.1,35.0,15.0,67.0,38.4,5.0,44.3,7.0,89.8,2.0,45.0,2.0,16.3,200.0,26.8,30.0,27.2,24.0,36.7,36.0,55.2,53.0,73.5,153.0,8.6,105.0,8.6,81.0,6.4,86.0,5.7,141.0,54.8,119.0,26.4,363.0,22.8,46.0,56.8,14.0,20.4,361.0,17.8,287.0,50.3,122.0,31.9,156.0,B12,31.0,35.0,44.1,2.0,71.5,128.0,10.9,91.0,10.2,117.0,6.0,326.0,7.0,15.0,49.4,101.0,37.5,115.0,89.8,2.0,0.4,0.0,0.1,0.4,0.0,0.0,1.3333333333333333,"[1, 0, 3]",1.4,1.247219128924647,1.3564659966250538,"[0, 0.4, 0.1, 0, 0.4]",,,,
11.0,Roddy Gayle,6-5,210.0,Sr,37.0,50.2,109.3,18.0,17.9,52.2,56.4,5.1,11.9,10.0,19.1,2.6,2.0,3.1,3.5,38.0,59-78,0.756,77-142,0.542,20-63,0.317,https://kenpom.com/player.php?p=53359,22.0,26.0,20.0,23.0,13.0,27.0,Michigan,B10,70.9,22.0,128.2,5.0,58.8,6.0,16.3,159.0,34.9,50.0,38.1,100.0,89.2,1.0,44.9,1.0,15.0,288.0,27.3,46.0,25.9,13.0,36.9,30.0,61.3,2.0,74.2,121.0,8.7,122.0,8.9,107.0,7.5,223.0,4.7,19.0,61.4,22.0,41.9,137.0,19.4,204.0,48.8,186.0,31.8,178.0,17.7,292.0,46.6,279.0,35.7,41.0,B10,30.4,18.0,44.3,3.0,74.2,279.0,16.8,3.0,7.7,318.0,7.3,169.0,7.2,4.0,47.6,58.0,42.7,286.0,89.2,1.0,Arizona,"W, 79-78",B12,69.8,56.0,128.6,4.0,55.1,35.0,15.0,67.0,38.4,5.0,44.3,7.0,89.8,2.0,45.0,2.0,16.3,200.0,26.8,30.0,27.2,24.0,36.7,36.0,55.2,53.0,73.5,153.0,8.6,105.0,8.6,81.0,6.4,86.0,5.7,141.0,54.8,119.0,26.4,363.0,22.8,46.0,56.8,14.0,20.4,361.0,17.8,287.0,50.3,122.0,31.9,156.0,B12,31.0,35.0,44.1,2.0,71.5,128.0,10.9,91.0,10.2,117.0,6.0,326.0,7.0,15.0,49.4,101.0,37.5,115.0,89.8,2.0,1.7,2.0,1.6,1.8,1.0,2.1,22.666666666666668,"[20, 26, 22]",20.8,2.494438257849294,4.354308211415448,"[1, 1.8, 1.6, 2, 1.7]",,,,
1.0,Trey McKenney,6-4,225.0,Fr,38.0,54.2,123.9,17.4,20.6,58.6,63.3,2.5,10.0,6.4,13.3,0.1,1.1,2.5,3.4,32.2,73-82,0.89,55-91,0.604,63-164,0.384,https://kenpom.com/player.php?p=58414,19.0,28.0,23.0,25.0,23.0,28.0,Michigan,B10,70.9,22.0,128.2,5.0,58.8,6.0,16.3,159.0,34.9,50.0,38.1,100.0,89.2,1.0,44.9,1.0,15.0,288.0,27.3,46.0,25.9,13.0,36.9,30.0,61.3,2.0,74.2,121.0,8.7,122.0,8.9,107.0,7.5,223.0,4.7,19.0,61.4,22.0,41.9,137.0,19.4,204.0,48.8,186.0,31.8,178.0,17.7,292.0,46.6,279.0,35.7,41.0,B10,30.4,18.0,44.3,3.0,74.2,279.0,16.8,3.0,7.7,318.0,7.3,169.0,7.2,4.0,47.6,58.0,42.7,286.0,89.2,1.0,Arizona,"W, 79-78",B12,69.8,56.0,128.6,4.0,55.1,35.0,15.0,67.0,38.4,5.0,44.3,7.0,89.8,2.0,45.0,2.0,16.3,200.0,26.8,30.0,27.2,24.0,36.7,36.0,55.2,53.0,73.5,153.0,8.6,105.0,8.6,81.0,6.4,86.0,5.7,141.0,54.8,119.0,26.4,363.0,22.8,46.0,56.8,14.0,20.4,361.0,17.8,287.0,50.3,122.0,31.9,156.0,B12,31.0,35.0,44.1,2.0,71.5,128.0,10.9,91.0,10.2,117.0,6.0,326.0,7.0,15.0,49.4,101.0,37.5,115.0,89.8,2.0,1.2,1.8,1.4,1.6,1.4,1.8,23.333333333333332,"[23, 28, 19]",23.6,3.681787005729087,2.9393876913398134,"[1.4, 1.6, 1.4, 1.8, 1.2]",,,,
42.0,Will Tschetter,6-8,230.0,Sr,38.0,33.9,126.2,12.0,13.7,52.4,57.9,4.8,10.2,6.8,10.8,0.8,0.4,3.6,2.5,31.1,30-33,0.909,12-24,0.5,29-82,0.354,https://kenpom.com/player.php?p=51113,15.0,9.0,7.0,19.0,13.0,13.0,Michigan,B10,70.9,22.0,128.2,5.0,58.8,6.0,16.3,159.0,34.9,50.0,38.1,100.0,89.2,1.0,44.9,1.0,15.0,288.0,27.3,46.0,25.9,13.0,36.9,30.0,61.3,2.0,74.2,121.0,8.7,122.0,8.9,107.0,7.5,223.0,4.7,19.0,61.4,22.0,41.9,137.0,19.4,204.0,48.8,186.0,31.8,178.0,17.7,292.0,46.6,279.0,35.7,41.0,B10,30.4,18.0,44.3,3.0,74.2,279.0,16.8,3.0,7.7,318.0,7.3,169.0,7.2,4.0,47.6,58.0,42.7,286.0,89.2,1.0,Arizona,"W, 79-78",B12,69.8,56.0,128.6,4.0,55.1,35.0,15.0,67.0,38.4,5.0,44.3,7.0,89.8,2.0,45.0,2.0,16.3,200.0,26.8,30.0,27.2,24.0,36.7,36.0,55.2,53.0,73.5,153.0,8.6,105.0,8.6,81.0,6.4,86.0,5.7,141.0,54.8,119.0,26.4,363.0,22.8,46.0,56.8,14.0,20.4,361.0,17.8,287.0,50.3,122.0,31.9,156.0,B12,31.0,35.0,44.1,2.0,71.5,128.0,10.9,91.0,10.2,117.0,6.0,326.0,7.0,15.0,49.4,101.0,37.5,115.0,89.8,2.0,1.4,0.8,0.6,1.7,1.2,1.2,10.333333333333334,"[7, 9, 15]",12.6,3.39934634239519,4.2708313008125245,"[1.2, 1.7, 0.6, 0.8, 1.4]",,,,
23.0,Yaxel Lendeborg,6-9,240.0,Sr,38.0,75.9,138.1,20.6,21.4,60.6,64.9,8.3,16.5,18.3,9.7,4.5,2.1,2.2,4.4,42.6,129-158,0.816,129-199,0.648,64-172,0.372,https://kenpom.com/player.php?p=55504,35.0,35.0,32.0,27.0,34.0,34.0,Michigan,B10,70.9,22.0,128.2,5.0,58.8,6.0,16.3,159.0,34.9,50.0,38.1,100.0,89.2,1.0,44.9,1.0,15.0,288.0,27.3,46.0,25.9,13.0,36.9,30.0,61.3,2.0,74.2,121.0,8.7,122.0,8.9,107.0,7.5,223.0,4.7,19.0,61.4,22.0,41.9,137.0,19.4,204.0,48.8,186.0,31.8,178.0,17.7,292.0,46.6,279.0,35.7,41.0,B10,30.4,18.0,44.3,3.0,74.2,279.0,16.8,3.0,7.7,318.0,7.3,169.0,7.2,4.0,47.6,58.0,42.7,286.0,89.2,1.0,Arizona,"W, 79-78",B12,69.8,56.0,128.6,4.0,55.1,35.0,15.0,67.0,38.4,5.0,44.3,7.0,89.8,2.0,45.0,2.0,16.3,200.0,26.8,30.0,27.2,24.0,36.7,36.0,55.2,53.0,73.5,153.0,8.6,105.0,8.6,81.0,6.4,86.0,5.7,141.0,54.8,119.0,26.4,363.0,22.8,46.0,56.8,14.0,20.4,361.0,17.8,287.0,50.3,122.0,31.9,156.0,B12,31.0,35.0,44.1,2.0,71.5,128.0,10.9,91.0,10.2,117.0,6.0,326.0,7.0,15.0,49.4,101.0,37.5,115.0,89.8,2.0,1.9,1.9,1.8,1.5,1.9,1.9,34.0,"[32, 35, 35]",32.6,1.4142135623730951,3.006659275674582,"[1.9, 1.5, 1.8, 1.9, 1.9]",,,,
3.0,Anthony Dell'Orso,6-6,205.0,Sr,38.0,52.4,111.1,19.3,22.6,50.0,53.8,0.8,8.8,14.4,16.1,0.8,2.2,2.3,2.8,23.8,54-65,0.831,63-125,0.504,49-148,0.331,https://kenpom.com/player.php?p=52478,9.0,13.0,19.0,22.0,22.0,30.0,Arizona,B12,69.8,56.0,128.6,4.0,55.1,35.0,15.0,67.0,38.4,5.0,44.3,7.0,89.8,2.0,45.0,2.0,16.3,200.0,26.8,30.0,27.2,24.0,36.7,36.0,55.2,53.0,73.5,153.0,8.6,105.0,8.6,81.0,6.4,86.0,5.7,141.0,54.8,119.0,26.4,363.0,22.8,46.0,56.8,14.0,20.4,361.0,17.8,287.0,50.3,122.0,31.9,156.0,B12,31.0,35.0,44.1,2.0,71.5,128.0,10.9,91.0,10.2,117.0,6.0,326.0,7.0,15.0,49.4,101.0,37.5,115.0,89.8,2.0,Michigan,"L, 79-78",B10,70.9,22.0,128.2,5.0,58.8,6.0,16.3,159.0,34.9,50.0,38.1,100.0,89.2,1.0,44.9,1.0,15.0,288.0,27.3,46.0,25.9,13.0,36.9,30.0,61.3,2.0,74.2,121.0,8.7,122.0,8.9,107.0,7.5,223.0,4.7,19.0,61.4,22.0,41.9,137.0,19.4,204.0,48.8,186.0,31.8,178.0,17.7,292.0,46.6,279.0,35.7,41.0,B10,30.4,18.0,44.3,3.0,74.2,279.0,16.8,3.0,7.7,318.0,7.3,169.0,7.2,4.0,47.6,58.0,42.7,286.0,89.2,1.0,0.5,0.7,1.1,1.3,1.3,1.7,13.666666666666666,"[19, 13, 9]",17.0,4.109609335312651,5.176871642217914,"[1.3, 1.3, 1.1, 0.7, 0.5]",,,,
5.0,Brayden Burries,6-4,205.0,Fr,38.0,73.9,125.9,21.7,24.2,58.2,62.5,2.1,14.4,14.5,13.1,0.7,2.8,2.7,4.3,40.0,133-165,0.806,138-243,0.568,68-169,0.402,https://kenpom.com/player.php?p=59285,33.0,34.0,26.0,28.0,33.0,19.0,Arizona,B12,69.8,56.0,128.6,4.0,55.1,35.0,15.0,67.0,38.4,5.0,44.3,7.0,89.8,2.0,45.0,2.0,16.3,200.0,26.8,30.0,27.2,24.0,36.7,36.0,55.2,53.0,73.5,153.0,8.6,105.0,8.6,81.0,6.4,86.0,5.7,141.0,54.8,119.0,26.4,363.0,22.8,46.0,56.8,14.0,20.4,361.0,17.8,287.0,50.3,122.0,31.9,156.0,B12,31.0,35.0,44.1,2.0,71.5,128.0,10.9,91.0,10.2,117.0,6.0,326.0,7.0,15.0,49.4,101.0,37.5,115.0,89.8,2.0,Michigan,"L, 79-78",B10,70.9,22.0,128.2,5.0,58.8,6.0,16.3,159.0,34.9,50.0,38.1,100.0,89.2,1.0,44.9,1.0,15.0,288.0,27.3,46.0,25.9,13.0,36.9,30.0,61.3,2.0,74.2,121.0,8.7,122.0,8.9,107.0,7.5,223.0,4.7,19.0,61.4,22.0,41.9,137.0,19.4,204.0,48.8,186.0,31.8,178.0,17.7,292.0,46.6,279.0,35.7,41.0,B10,30.4,18.0,44.3,3.0,74.2,279.0,16.8,3.0,7.7,318.0,7.3,169.0,7.2,4.0,47.6,58.0,42.7,286.0,89.2,1.0,2.2,2.3,1.8,1.9,2.2,1.3,31.0,"[26, 34, 33]",30.8,3.559026084010437,3.1874754901018454,"[2.2, 1.9, 1.8, 2.3, 2.2]",,,,
2.0,Dwayne Aristode,6-8,215.0,Fr,34.0,30.0,129.1,12.0,13.8,63.7,62.7,5.5,8.4,8.7,13.3,0.7,2.0,2.5,1.8,21.1,10-20,0.5,17-31,0.548,29-64,0.453,https://kenpom.com/player.php?p=57945,1.0,7.0,3.0,15.0,7.0,8.0,Arizona,B12,69.8,56.0,128.6,4.0,55.1,35.0,15.0,67.0,38.4,5.0,44.3,7.0,89.8,2.0,45.0,2.0,16.3,200.0,26.8,30.0,27.2,24.0,36.7,36.0,55.2,53.0,73.5,153.0,8.6,105.0,8.6,81.0,6.4,86.0,5.7,141.0,54.8,119.0,26.4,363.0,22.8,46.0,56.8,14.0,20.4,361.0,17.8,287.0,50.3,122.0,31.9,156.0,B12,31.0,35.0,44.1,2.0,71.5,128.0,10.9,91.0,10.2,117.0,6.0,326.0,7.0,15.0,49.4,101.0,37.5,115.0,89.8,2.0,Michigan,"L, 79-78",B10,70.9,22.0,128.2,5.0,58.8,6.0,16.3,159.0,34.9,50.0,38.1,100.0,89.2,1.0,44.9,1.0,15.0,288.0,27.3,46.0,25.9,13.0,36.9,30.0,61.3,2.0,74.2,121.0,8.7,122.0,8.9,107.0,7.5,223.0,4.7,19.0,61.4,22.0,41.9,137.0,19.4,204.0,48.8,186.0,31.8,178.0,17.7,292.0,46.6,279.0,35.7,41.0,B10,30.4,18.0,44.3,3.0,74.2,279.0,16.8,3.0,7.7,318.0,7.3,169.0,7.2,4.0,47.6,58.0,42.7,286.0,89.2,1.0,0.1,0.4,0.2,0.9,0.4,0.5,3.6666666666666665,"[3, 7, 1]",6.6,2.494438257849294,4.8,"[0.4, 0.9, 0.2, 0.4, 0.1]",,,,
21.0,Evan Nelson,6-2,175.0,Sr,24.0,5.4,87.5,12.1,10.5,53.9,53.9,1.5,13.2,12.2,39.5,1.2,2.0,1.5,0.9,0.0,0-0,0.0,1-3,0.333,4-10,0.4,https://kenpom.com/player.php?p=49891,0.0,1.0,0.0,3.0,0.0,0.0,Arizona,B12,69.8,56.0,128.6,4.0,55.1,35.0,15.0,67.0,38.4,5.0,44.3,7.0,89.8,2.0,45.0,2.0,16.3,200.0,26.8,30.0,27.2,24.0,36.7,36.0,55.2,53.0,73.5,153.0,8.6,105.0,8.6,81.0,6.4,86.0,5.7,141.0,54.8,119.0,26.4,363.0,22.8,46.0,56.8,14.0,20.4,361.0,17.8,287.0,50.3,122.0,31.9,156.0,B12,31.0,35.0,44.1,2.0,71.5,128.0,10.9,91.0,10.2,117.0,6.0,326.0,7.0,15.0,49.4,101.0,37.5,115.0,89.8,2.0,Michigan,"L, 79-78",B10,70.9,22.0,128.2,5.0,58.8,6.0,16.3,159.0,34.9,50.0,38.1,100.0,89.2,1.0,44.9,1.0,15.0,288.0,27.3,46.0,25.9,13.0,36.9,30.0,61.3,2.0,74.2,121.0,8.7,122.0,8.9,107.0,7.5,223.0,4.7,19.0,61.4,22.0,41.9,137.0,19.4,204.0,48.8,186.0,31.8,178.0,17.7,292.0,46.6,279.0,35.7,41.0,B10,30.4,18.0,44.3,3.0,74.2,279.0,16.8,3.0,7.7,318.0,7.3,169.0,7.2,4.0,47.6,58.0,42.7,286.0,89.2,1.0,0.0,0.0,0.0,0.1,0.0,0.0,0.3333333333333333,"[0, 1, 0]",0.8,0.4714045207910317,1.1661903789690602,"[0, 0.1, 0, 0, 0]",,,,
8.0,Ivan Kharchenkov,6-7,230.0,Fr,38.0,70.5,117.8,17.4,18.3,55.2,58.2,4.7,11.2,13.2,16.2,1.1,2.7,2.2,3.0,33.0,72-98,0.735,116-195,0.595,32-102,0.314,https://kenpom.com/player.php?p=59287,38.0,35.0,36.0,26.0,36.0,32.0,Arizona,B12,69.8,56.0,128.6,4.0,55.1,35.0,15.0,67.0,38.4,5.0,44.3,7.0,89.8,2.0,45.0,2.0,16.3,200.0,26.8,30.0,27.2,24.0,36.7,36.0,55.2,53.0,73.5,153.0,8.6,105.0,8.6,81.0,6.4,86.0,5.7,141.0,54.8,119.0,26.4,363.0,22.8,46.0,56.8,14.0,20.4,361.0,17.8,287.0,50.3,122.0,31.9,156.0,B12,31.0,35.0,44.1,2.0,71.5,128.0,10.9,91.0,10.2,117.0,6.0,326.0,7.0,15.0,49.4,101.0,37.5,115.0,89.8,2.0,Michigan,"L, 79-78",B10,70.9,22.0,128.2,5.0,58.8,6.0,16.3,159.0,34.9,50.0,38.1,100.0,89.2,1.0,44.9,1.0,15.0,288.0,27.3,46.0,25.9,13.0,36.9,30.0,61.3,2.0,74.2,121.0,8.7,122.0,8.9,107.0,7.5,223.0,4.7,19.0,61.4,22.0,41.9,137.0,19.4,204.0,48.8,186.0,31.8,178.0,17.7,292.0,46.6,279.0,35.7,41.0,B10,30.4,18.0,44.3,3.0,74.2,279.0,16.8,3.0,7.7,318.0,7.3,169.0,7.2,4.0,47.6,58.0,42.7,286.0,89.2,1.0,2.1,1.9,2.0,1.4,2.0,1.8,36.333333333333336,"[36, 35, 38]",34.2,1.247219128924647,4.214261501141095,"[2, 1.4, 2, 1.9, 2.1]",,,,
0.0,Jaden Bradley,6-3,205.0,Sr,38.0,76.3,119.6,21.2,20.6,49.6,56.4,1.9,9.7,23.6,14.8,0.3,2.6,2.6,4.5,50.4,147-182,0.808,140-295,0.475,26-66,0.394,https://kenpom.com/player.php?p=52396,38.0,33.0,39.0,23.0,34.0,31.0,Arizona,B12,69.8,56.0,128.6,4.0,55.1,35.0,15.0,67.0,38.4,5.0,44.3,7.0,89.8,2.0,45.0,2.0,16.3,200.0,26.8,30.0,27.2,24.0,36.7,36.0,55.2,53.0,73.5,153.0,8.6,105.0,8.6,81.0,6.4,86.0,5.7,141.0,54.8,119.0,26.4,363.0,22.8,46.0,56.8,14.0,20.4,361.0,17.8,287.0,50.3,122.0,31.9,156.0,B12,31.0,35.0,44.1,2.0,71.5,128.0,10.9,91.0,10.2,117.0,6.0,326.0,7.0,15.0,49.4,101.0,37.5,115.0,89.8,2.0,Michigan,"L, 79-78",B10,70.9,22.0,128.2,5.0,58.8,6.0,16.3,159.0,34.9,50.0,38.1,100.0,89.2,1.0,44.9,1.0,15.0,288.0,27.3,46.0,25.9,13.0,36.9,30.0,61.3,2.0,74.2,121.0,8.7,122.0,8.9,107.0,7.5,223.0,4.7,19.0,61.4,22.0,41.9,137.0,19.4,204.0,48.8,186.0,31.8,178.0,17.7,292.0,46.6,279.0,35.7,41.0,B10,30.4,18.0,44.3,3.0,74.2,279.0,16.8,3.0,7.7,318.0,7.3,169.0,7.2,4.0,47.6,58.0,42.7,286.0,89.2,1.0,2.5,2.1,2.5,1.5,2.2,2.0,36.666666666666664,"[39, 33, 38]",33.4,2.6246692913372702,5.678027826631356,"[2.2, 1.5, 2.5, 2.1, 2.5]",,,,
10.0,Koa Peat,6-8,235.0,Fr,35.0,63.5,116.3,24.4,24.7,54.6,56.4,8.9,12.2,17.2,13.8,2.5,1.3,3.3,4.7,44.0,98-159,0.616,188-342,0.55,6-19,0.316,https://kenpom.com/player.php?p=59288,34.0,30.0,32.0,28.0,27.0,26.0,Arizona,B12,69.8,56.0,128.6,4.0,55.1,35.0,15.0,67.0,38.4,5.0,44.3,7.0,89.8,2.0,45.0,2.0,16.3,200.0,26.8,30.0,27.2,24.0,36.7,36.0,55.2,53.0,73.5,153.0,8.6,105.0,8.6,81.0,6.4,86.0,5.7,141.0,54.8,119.0,26.4,363.0,22.8,46.0,56.8,14.0,20.4,361.0,17.8,287.0,50.3,122.0,31.9,156.0,B12,31.0,35.0,44.1,2.0,71.5,128.0,10.9,91.0,10.2,117.0,6.0,326.0,7.0,15.0,49.4,101.0,37.5,115.0,89.8,2.0,Michigan,"L, 79-78",B10,70.9,22.0,128.2,5.0,58.8,6.0,16.3,159.0,34.9,50.0,38.1,100.0,89.2,1.0,44.9,1.0,15.0,288.0,27.3,46.0,25.9,13.0,36.9,30.0,61.3,2.0,74.2,121.0,8.7,122.0,8.9,107.0,7.5,223.0,4.7,19.0,61.4,22.0,41.9,137.0,19.4,204.0,48.8,186.0,31.8,178.0,17.7,292.0,46.6,279.0,35.7,41.0,B10,30.4,18.0,44.3,3.0,74.2,279.0,16.8,3.0,7.7,318.0,7.3,169.0,7.2,4.0,47.6,58.0,42.7,286.0,89.2,1.0,2.8,2.5,2.6,2.3,2.2,2.1,32.0,"[32, 30, 34]",30.2,1.632993161855452,2.5612496949731396,"[2.2, 2.3, 2.6, 2.5, 2.8]",,,,
13.0,Motiejus Krivas,7-2,260.0,Jr,38.0,63.1,127.2,19.1,16.0,57.8,64.0,14.8,19.8,7.0,15.6,7.6,1.5,4.1,4.8,70.3,128-163,0.785,128-219,0.584,4-13,0.308,https://kenpom.com/player.php?p=55294,35.0,23.0,32.0,22.0,25.0,27.0,Arizona,B12,69.8,56.0,128.6,4.0,55.1,35.0,15.0,67.0,38.4,5.0,44.3,7.0,89.8,2.0,45.0,2.0,16.3,200.0,26.8,30.0,27.2,24.0,36.7,36.0,55.2,53.0,73.5,153.0,8.6,105.0,8.6,81.0,6.4,86.0,5.7,141.0,54.8,119.0,26.4,363.0,22.8,46.0,56.8,14.0,20.4,361.0,17.8,287.0,50.3,122.0,31.9,156.0,B12,31.0,35.0,44.1,2.0,71.5,128.0,10.9,91.0,10.2,117.0,6.0,326.0,7.0,15.0,49.4,101.0,37.5,115.0,89.8,2.0,Michigan,"L, 79-78",B10,70.9,22.0,128.2,5.0,58.8,6.0,16.3,159.0,34.9,50.0,38.1,100.0,89.2,1.0,44.9,1.0,15.0,288.0,27.3,46.0,25.9,13.0,36.9,30.0,61.3,2.0,74.2,121.0,8.7,122.0,8.9,107.0,7.5,223.0,4.7,19.0,61.4,22.0,41.9,137.0,19.4,204.0,48.8,186.0,31.8,178.0,17.7,292.0,46.6,279.0,35.7,41.0,B10,30.4,18.0,44.3,3.0,74.2,279.0,16.8,3.0,7.7,318.0,7.3,169.0,7.2,4.0,47.6,58.0,42.7,286.0,89.2,1.0,3.6,2.4,3.3,2.3,2.6,2.8,30.0,"[32, 23, 35]",27.4,5.0990195135927845,5.161395160225576,"[2.6, 2.3, 3.3, 2.4, 3.6]",,,,
15.0,Sidi Gueye,6-11,215.0,Fr,26.0,5.8,124.1,15.8,13.6,72.2,71.0,6.8,16.8,9.3,20.1,9.3,1.3,5.5,3.7,61.1,7-11,0.636,13-18,0.722,0-0,0.0,https://kenpom.com/player.php?p=59289,0.0,1.0,0.0,7.0,1.0,0.0,Arizona,B12,69.8,56.0,128.6,4.0,55.1,35.0,15.0,67.0,38.4,5.0,44.3,7.0,89.8,2.0,45.0,2.0,16.3,200.0,26.8,30.0,27.2,24.0,36.7,36.0,55.2,53.0,73.5,153.0,8.6,105.0,8.6,81.0,6.4,86.0,5.7,141.0,54.8,119.0,26.4,363.0,22.8,46.0,56.8,14.0,20.4,361.0,17.8,287.0,50.3,122.0,31.9,156.0,B12,31.0,35.0,44.1,2.0,71.5,128.0,10.9,91.0,10.2,117.0,6.0,326.0,7.0,15.0,49.4,101.0,37.5,115.0,89.8,2.0,Michigan,"L, 79-78",B10,70.9,22.0,128.2,5.0,58.8,6.0,16.3,159.0,34.9,50.0,38.1,100.0,89.2,1.0,44.9,1.0,15.0,288.0,27.3,46.0,25.9,13.0,36.9,30.0,61.3,2.0,74.2,121.0,8.7,122.0,8.9,107.0,7.5,223.0,4.7,19.0,61.4,22.0,41.9,137.0,19.4,204.0,48.8,186.0,31.8,178.0,17.7,292.0,46.6,279.0,35.7,41.0,B10,30.4,18.0,44.3,3.0,74.2,279.0,16.8,3.0,7.7,318.0,7.3,169.0,7.2,4.0,47.6,58.0,42.7,286.0,89.2,1.0,0.0,0.1,0.0,1.0,0.1,0.0,0.3333333333333333,"[0, 1, 0]",1.8,0.4714045207910317,2.638181191654584,"[0.1, 1, 0, 0.1, 0]",,,,
30.0,Tobe Awaka,6-8,250.0,Sr,38.0,52.0,127.5,21.1,18.1,60.0,61.9,20.1,26.2,6.5,12.8,3.2,1.0,5.2,5.1,68.1,95-147,0.646,122-205,0.595,5-11,0.455,https://kenpom.com/player.php?p=53032,11.0,24.0,13.0,18.0,14.0,27.0,Arizona,B12,69.8,56.0,128.6,4.0,55.1,35.0,15.0,67.0,38.4,5.0,44.3,7.0,89.8,2.0,45.0,2.0,16.3,200.0,26.8,30.0,27.2,24.0,36.7,36.0,55.2,53.0,73.5,153.0,8.6,105.0,8.6,81.0,6.4,86.0,5.7,141.0,54.8,119.0,26.4,363.0,22.8,46.0,56.8,14.0,20.4,361.0,17.8,287.0,50.3,122.0,31.9,156.0,B12,31.0,35.0,44.1,2.0,71.5,128.0,10.9,91.0,10.2,117.0,6.0,326.0,7.0,15.0,49.4,101.0,37.5,115.0,89.8,2.0,Michigan,"L, 79-78",B10,70.9,22.0,128.2,5.0,58.8,6.0,16.3,159.0,34.9,50.0,38.1,100.0,89.2,1.0,44.9,1.0,15.0,288.0,27.3,46.0,25.9,13.0,36.9,30.0,61.3,2.0,74.2,121.0,8.7,122.0,8.9,107.0,7.5,223.0,4.7,19.0,61.4,22.0,41.9,137.0,19.4,204.0,48.8,186.0,31.8,178.0,17.7,292.0,46.6,279.0,35.7,41.0,B10,30.4,18.0,44.3,3.0,74.2,279.0,16.8,3.0,7.7,318.0,7.3,169.0,7.2,4.0,47.6,58.0,42.7,286.0,89.2,1.0,1.4,3.1,1.7,2.3,1.8,3.5,16.0,"[13, 24, 11]",16.0,5.715476066494082,4.604345773288535,"[1.8, 2.3, 1.7, 3.1, 1.4]",,,,
2.0,Andrej Stojakovic,6-7,215.0,Jr,33.0,59.2,120.2,23.7,24.8,53.4,58.5,6.0,12.8,7.4,13.1,2.0,0.9,2.1,4.8,38.0,102-124,0.823,144-244,0.59,20-82,0.244,https://kenpom.com/player.php?p=54816,26.0,29.0,26.0,20.0,31.0,19.0,Illinois,B10,65.3,296.0,131.8,1.0,55.1,36.0,13.2,10.0,39.5,3.0,33.0,237.0,97.4,20.0,47.4,27.0,11.8,365.0,26.8,28.0,19.4,1.0,34.8,128.0,57.9,22.0,78.0,16.0,8.3,88.0,8.1,46.0,5.0,6.0,4.9,35.0,50.6,230.0,49.8,15.0,19.0,232.0,42.8,337.0,38.3,29.0,13.1,365.0,50.1,130.0,36.9,23.0,B10,31.1,37.0,48.0,43.0,73.2,233.0,12.8,29.0,5.6,364.0,6.1,315.0,7.0,10.0,51.7,162.0,43.1,300.0,97.4,20.0,Connecticut,"W, 74-70",BE,64.7,319.0,122.8,28.0,55.0,37.0,16.7,179.0,35.8,30.0,30.1,306.0,93.7,9.0,46.0,9.0,18.0,98.0,28.6,87.0,40.5,307.0,34.6,144.0,57.2,26.0,71.9,210.0,9.6,204.0,8.6,86.0,8.1,284.0,5.6,113.0,65.4,7.0,40.3,162.0,16.5,333.0,51.8,104.0,31.7,179.0,24.0,19.0,48.6,203.0,27.4,316.0,BE,30.7,30.0,46.0,13.0,71.9,154.0,15.2,9.0,10.4,104.0,7.5,137.0,6.2,130.0,50.4,124.0,36.0,79.0,93.7,9.0,1.4,1.5,1.4,1.0,1.6,1.0,27.0,"[26, 29, 26]",26.4,1.4142135623730951,3.7202150475476548,"[1.6, 1, 1.4, 1.5, 1.4]",,,,
3.0,Ben Humrichous,6-9,235.0,Sr,36.0,55.2,137.6,11.4,14.6,54.2,55.9,5.8,13.5,6.0,4.0,3.1,1.1,2.2,1.8,13.4,19-24,0.792,13-24,0.542,56-155,0.361,https://kenpom.com/player.php?p=55378,19.0,15.0,27.0,20.0,24.0,27.0,Illinois,B10,65.3,296.0,131.8,1.0,55.1,36.0,13.2,10.0,39.5,3.0,33.0,237.0,97.4,20.0,47.4,27.0,11.8,365.0,26.8,28.0,19.4,1.0,34.8,128.0,57.9,22.0,78.0,16.0,8.3,88.0,8.1,46.0,5.0,6.0,4.9,35.0,50.6,230.0,49.8,15.0,19.0,232.0,42.8,337.0,38.3,29.0,13.1,365.0,50.1,130.0,36.9,23.0,B10,31.1,37.0,48.0,43.0,73.2,233.0,12.8,29.0,5.6,364.0,6.1,315.0,7.0,10.0,51.7,162.0,43.1,300.0,97.4,20.0,Connecticut,"W, 74-70",BE,64.7,319.0,122.8,28.0,55.0,37.0,16.7,179.0,35.8,30.0,30.1,306.0,93.7,9.0,46.0,9.0,18.0,98.0,28.6,87.0,40.5,307.0,34.6,144.0,57.2,26.0,71.9,210.0,9.6,204.0,8.6,86.0,8.1,284.0,5.6,113.0,65.4,7.0,40.3,162.0,16.5,333.0,51.8,104.0,31.7,179.0,24.0,19.0,48.6,203.0,27.4,316.0,BE,30.7,30.0,46.0,13.0,71.9,154.0,15.2,9.0,10.4,104.0,7.5,137.0,6.2,130.0,50.4,124.0,36.0,79.0,93.7,9.0,1.0,0.8,1.5,1.1,1.3,1.5,20.333333333333332,"[27, 15, 19]",21.0,4.988876515698588,4.147288270665544,"[1.3, 1.1, 1.5, 0.8, 1]",,,,
1.0,Brandon Lee,6-4,195.0,Fr,18.0,5.1,114.1,20.2,15.8,44.4,59.7,3.2,5.7,6.7,20.1,0.0,1.6,7.5,5.9,83.3,14-15,0.933,8-17,0.471,0-1,0.0,https://kenpom.com/player.php?p=57909,0.0,0.0,1.0,4.0,0.0,0.0,Illinois,B10,65.3,296.0,131.8,1.0,55.1,36.0,13.2,10.0,39.5,3.0,33.0,237.0,97.4,20.0,47.4,27.0,11.8,365.0,26.8,28.0,19.4,1.0,34.8,128.0,57.9,22.0,78.0,16.0,8.3,88.0,8.1,46.0,5.0,6.0,4.9,35.0,50.6,230.0,49.8,15.0,19.0,232.0,42.8,337.0,38.3,29.0,13.1,365.0,50.1,130.0,36.9,23.0,B10,31.1,37.0,48.0,43.0,73.2,233.0,12.8,29.0,5.6,364.0,6.1,315.0,7.0,10.0,51.7,162.0,43.1,300.0,97.4,20.0,Connecticut,"W, 74-70",BE,64.7,319.0,122.8,28.0,55.0,37.0,16.7,179.0,35.8,30.0,30.1,306.0,93.7,9.0,46.0,9.0,18.0,98.0,28.6,87.0,40.5,307.0,34.6,144.0,57.2,26.0,71.9,210.0,9.6,204.0,8.6,86.0,8.1,284.0,5.6,113.0,65.4,7.0,40.3,162.0,16.5,333.0,51.8,104.0,31.7,179.0,24.0,19.0,48.6,203.0,27.4,316.0,BE,30.7,30.0,46.0,13.0,71.9,154.0,15.2,9.0,10.4,104.0,7.5,137.0,6.2,130.0,50.4,124.0,36.0,79.0,93.7,9.0,0.0,0.0,0.2,0.8,0.0,0.0,0.3333333333333333,"[1, 0, 0]",1.0,0.4714045207910317,1.5491933384829668,"[0, 0.8, 0.2, 0, 0]",,,,
0.0,David Mirkovic,6-9,250.0,Fr,36.0,72.7,123.9,23.2,22.1,56.6,59.6,10.4,20.3,16.5,16.8,1.2,0.9,2.7,3.9,30.5,83-109,0.761,118-208,0.567,56-149,0.376,https://kenpom.com/player.php?p=57910,38.0,34.0,23.0,28.0,37.0,35.0,Illinois,B10,65.3,296.0,131.8,1.0,55.1,36.0,13.2,10.0,39.5,3.0,33.0,237.0,97.4,20.0,47.4,27.0,11.8,365.0,26.8,28.0,19.4,1.0,34.8,128.0,57.9,22.0,78.0,16.0,8.3,88.0,8.1,46.0,5.0,6.0,4.9,35.0,50.6,230.0,49.8,15.0,19.0,232.0,42.8,337.0,38.3,29.0,13.1,365.0,50.1,130.0,36.9,23.0,B10,31.1,37.0,48.0,43.0,73.2,233.0,12.8,29.0,5.6,364.0,6.1,315.0,7.0,10.0,51.7,162.0,43.1,300.0,97.4,20.0,Connecticut,"W, 74-70",BE,64.7,319.0,122.8,28.0,55.0,37.0,16.7,179.0,35.8,30.0,30.1,306.0,93.7,9.0,46.0,9.0,18.0,98.0,28.6,87.0,40.5,307.0,34.6,144.0,57.2,26.0,71.9,210.0,9.6,204.0,8.6,86.0,8.1,284.0,5.6,113.0,65.4,7.0,40.3,162.0,16.5,333.0,51.8,104.0,31.7,179.0,24.0,19.0,48.6,203.0,27.4,316.0,BE,30.7,30.0,46.0,13.0,71.9,154.0,15.2,9.0,10.4,104.0,7.5,137.0,6.2,130.0,50.4,124.0,36.0,79.0,93.7,9.0,2.6,2.3,1.6,1.9,2.5,2.4,31.666666666666668,"[23, 34, 38]",32.0,6.342099196813483,5.692099788303083,"[2.5, 1.9, 1.6, 2.3, 2.6]",,,,
15.0,Jake Davis,6-6,215.0,Jr,36.0,48.6,146.8,10.9,13.5,61.6,62.6,6.1,6.5,5.7,4.7,1.3,0.9,2.7,1.8,15.1,16-22,0.727,9-14,0.643,54-132,0.409,https://kenpom.com/player.php?p=54592,14.0,13.0,14.0,17.0,28.0,21.0,Illinois,B10,65.3,296.0,131.8,1.0,55.1,36.0,13.2,10.0,39.5,3.0,33.0,237.0,97.4,20.0,47.4,27.0,11.8,365.0,26.8,28.0,19.4,1.0,34.8,128.0,57.9,22.0,78.0,16.0,8.3,88.0,8.1,46.0,5.0,6.0,4.9,35.0,50.6,230.0,49.8,15.0,19.0,232.0,42.8,337.0,38.3,29.0,13.1,365.0,50.1,130.0,36.9,23.0,B10,31.1,37.0,48.0,43.0,73.2,233.0,12.8,29.0,5.6,364.0,6.1,315.0,7.0,10.0,51.7,162.0,43.1,300.0,97.4,20.0,Connecticut,"W, 74-70",BE,64.7,319.0,122.8,28.0,55.0,37.0,16.7,179.0,35.8,30.0,30.1,306.0,93.7,9.0,46.0,9.0,18.0,98.0,28.6,87.0,40.5,307.0,34.6,144.0,57.2,26.0,71.9,210.0,9.6,204.0,8.6,86.0,8.1,284.0,5.6,113.0,65.4,7.0,40.3,162.0,16.5,333.0,51.8,104.0,31.7,179.0,24.0,19.0,48.6,203.0,27.4,316.0,BE,30.7,30.0,46.0,13.0,71.9,154.0,15.2,9.0,10.4,104.0,7.5,137.0,6.2,130.0,50.4,124.0,36.0,79.0,93.7,9.0,0.9,0.9,0.9,1.1,1.9,1.4,13.666666666666666,"[14, 13, 14]",17.2,0.4714045207910317,5.5641710972974225,"[1.9, 1.1, 0.9, 0.9, 0.9]",,,,
31.0,Jason Jakstys,6-10,225.0,Fr,9.0,3.3,174.6,10.7,6.8,80.0,76.4,17.4,22.4,6.7,0.0,9.4,1.3,5.8,3.8,120.0,4-6,0.667,4-5,0.8,0-0,0.0,https://kenpom.com/player.php?p=56076,0.0,0.0,0.0,0.0,0.0,0.0,Illinois,B10,65.3,296.0,131.8,1.0,55.1,36.0,13.2,10.0,39.5,3.0,33.0,237.0,97.4,20.0,47.4,27.0,11.8,365.0,26.8,28.0,19.4,1.0,34.8,128.0,57.9,22.0,78.0,16.0,8.3,88.0,8.1,46.0,5.0,6.0,4.9,35.0,50.6,230.0,49.8,15.0,19.0,232.0,42.8,337.0,38.3,29.0,13.1,365.0,50.1,130.0,36.9,23.0,B10,31.1,37.0,48.0,43.0,73.2,233.0,12.8,29.0,5.6,364.0,6.1,315.0,7.0,10.0,51.7,162.0,43.1,300.0,97.4,20.0,Connecticut,"W, 74-70",BE,64.7,319.0,122.8,28.0,55.0,37.0,16.7,179.0,35.8,30.0,30.1,306.0,93.7,9.0,46.0,9.0,18.0,98.0,28.6,87.0,40.5,307.0,34.6,144.0,57.2,26.0,71.9,210.0,9.6,204.0,8.6,86.0,8.1,284.0,5.6,113.0,65.4,7.0,40.3,162.0,16.5,333.0,51.8,104.0,31.7,179.0,24.0,19.0,48.6,203.0,27.4,316.0,BE,30.7,30.0,46.0,13.0,71.9,154.0,15.2,9.0,10.4,104.0,7.5,137.0,6.2,130.0,50.4,124.0,36.0,79.0,93.7,9.0,0.0,0.0,0.0,0.0,0.0,0.0,0.0,"[0, 0, 0]",0.0,0.0,0.0,"[0, 0, 0, 0, 0]",,,,
23.0,Keaton Wagler,6-6,185.0,Fr,36.0,83.4,131.1,25.4,23.6,54.2,59.7,6.8,9.8,23.3,12.4,1.3,1.7,2.3,5.5,48.2,168-211,0.796,110-229,0.48,85-209,0.407,https://kenpom.com/player.php?p=57911,37.0,38.0,32.0,32.0,43.0,34.0,Illinois,B10,65.3,296.0,131.8,1.0,55.1,36.0,13.2,10.0,39.5,3.0,33.0,237.0,97.4,20.0,47.4,27.0,11.8,365.0,26.8,28.0,19.4,1.0,34.8,128.0,57.9,22.0,78.0,16.0,8.3,88.0,8.1,46.0,5.0,6.0,4.9,35.0,50.6,230.0,49.8,15.0,19.0,232.0,42.8,337.0,38.3,29.0,13.1,365.0,50.1,130.0,36.9,23.0,B10,31.1,37.0,48.0,43.0,73.2,233.0,12.8,29.0,5.6,364.0,6.1,315.0,7.0,10.0,51.7,162.0,43.1,300.0,97.4,20.0,Connecticut,"W, 74-70",BE,64.7,319.0,122.8,28.0,55.0,37.0,16.7,179.0,35.8,30.0,30.1,306.0,93.7,9.0,46.0,9.0,18.0,98.0,28.6,87.0,40.5,307.0,34.6,144.0,57.2,26.0,71.9,210.0,9.6,204.0,8.6,86.0,8.1,284.0,5.6,113.0,65.4,7.0,40.3,162.0,16.5,333.0,51.8,104.0,31.7,179.0,24.0,19.0,48.6,203.0,27.4,316.0,BE,30.7,30.0,46.0,13.0,71.9,154.0,15.2,9.0,10.4,104.0,7.5,137.0,6.2,130.0,50.4,124.0,36.0,79.0,93.7,9.0,2.1,2.2,1.8,1.8,2.5,2.0,35.666666666666664,"[32, 38, 37]",36.4,2.6246692913372702,4.127953488110059,"[2.5, 1.8, 1.8, 2.2, 2.1]",,,,
4.0,Kylan Boswell,6-2,215.0,Sr,29.0,60.1,126.3,20.6,20.2,51.5,56.3,5.3,9.2,18.1,11.5,0.0,1.5,2.7,4.3,40.9,85-110,0.773,86-156,0.551,35-113,0.31,https://kenpom.com/player.php?p=53510,27.0,30.0,34.0,27.0,17.0,22.0,Illinois,B10,65.3,296.0,131.8,1.0,55.1,36.0,13.2,10.0,39.5,3.0,33.0,237.0,97.4,20.0,47.4,27.0,11.8,365.0,26.8,28.0,19.4,1.0,34.8,128.0,57.9,22.0,78.0,16.0,8.3,88.0,8.1,46.0,5.0,6.0,4.9,35.0,50.6,230.0,49.8,15.0,19.0,232.0,42.8,337.0,38.3,29.0,13.1,365.0,50.1,130.0,36.9,23.0,B10,31.1,37.0,48.0,43.0,73.2,233.0,12.8,29.0,5.6,364.0,6.1,315.0,7.0,10.0,51.7,162.0,43.1,300.0,97.4,20.0,Connecticut,"W, 74-70",BE,64.7,319.0,122.8,28.0,55.0,37.0,16.7,179.0,35.8,30.0,30.1,306.0,93.7,9.0,46.0,9.0,18.0,98.0,28.6,87.0,40.5,307.0,34.6,144.0,57.2,26.0,71.9,210.0,9.6,204.0,8.6,86.0,8.1,284.0,5.6,113.0,65.4,7.0,40.3,162.0,16.5,333.0,51.8,104.0,31.7,179.0,24.0,19.0,48.6,203.0,27.4,316.0,BE,30.7,30.0,46.0,13.0,71.9,154.0,15.2,9.0,10.4,104.0,7.5,137.0,6.2,130.0,50.4,124.0,36.0,79.0,93.7,9.0,1.8,2.0,2.3,1.8,1.1,1.5,30.333333333333332,"[34, 30, 27]",27.0,2.8674417556808756,5.621387729022079,"[1.1, 1.8, 2.3, 2, 1.8]",,,,
77.0,Mihailo Petrovic,6-2,180.0,So,19.0,7.5,91.2,25.9,21.7,36.1,39.9,5.5,8.9,32.4,28.1,0.0,1.7,2.6,3.0,16.7,5-6,0.833,10-26,0.385,2-10,0.2,https://kenpom.com/player.php?p=58921,0.0,0.0,1.0,4.0,0.0,0.0,Illinois,B10,65.3,296.0,131.8,1.0,55.1,36.0,13.2,10.0,39.5,3.0,33.0,237.0,97.4,20.0,47.4,27.0,11.8,365.0,26.8,28.0,19.4,1.0,34.8,128.0,57.9,22.0,78.0,16.0,8.3,88.0,8.1,46.0,5.0,6.0,4.9,35.0,50.6,230.0,49.8,15.0,19.0,232.0,42.8,337.0,38.3,29.0,13.1,365.0,50.1,130.0,36.9,23.0,B10,31.1,37.0,48.0,43.0,73.2,233.0,12.8,29.0,5.6,364.0,6.1,315.0,7.0,10.0,51.7,162.0,43.1,300.0,97.4,20.0,Connecticut,"W, 74-70",BE,64.7,319.0,122.8,28.0,55.0,37.0,16.7,179.0,35.8,30.0,30.1,306.0,93.7,9.0,46.0,9.0,18.0,98.0,28.6,87.0,40.5,307.0,34.6,144.0,57.2,26.0,71.9,210.0,9.6,204.0,8.6,86.0,8.1,284.0,5.6,113.0,65.4,7.0,40.3,162.0,16.5,333.0,51.8,104.0,31.7,179.0,24.0,19.0,48.6,203.0,27.4,316.0,BE,30.7,30.0,46.0,13.0,71.9,154.0,15.2,9.0,10.4,104.0,7.5,137.0,6.2,130.0,50.4,124.0,36.0,79.0,93.7,9.0,0.0,0.0,0.1,0.3,0.0,0.0,0.3333333333333333,"[1, 0, 0]",1.0,0.4714045207910317,1.5491933384829668,"[0, 0.3, 0.1, 0, 0]",,,,
13.0,Tomislav Ivisic,7-1,255.0,Jr,33.0,57.0,123.2,19.5,20.5,58.1,59.8,8.2,16.5,11.5,16.4,2.6,0.7,3.1,2.7,18.5,36-48,0.75,79-107,0.738,48-153,0.314,https://kenpom.com/player.php?p=55994,27.0,29.0,23.0,21.0,24.0,19.0,Illinois,B10,65.3,296.0,131.8,1.0,55.1,36.0,13.2,10.0,39.5,3.0,33.0,237.0,97.4,20.0,47.4,27.0,11.8,365.0,26.8,28.0,19.4,1.0,34.8,128.0,57.9,22.0,78.0,16.0,8.3,88.0,8.1,46.0,5.0,6.0,4.9,35.0,50.6,230.0,49.8,15.0,19.0,232.0,42.8,337.0,38.3,29.0,13.1,365.0,50.1,130.0,36.9,23.0,B10,31.1,37.0,48.0,43.0,73.2,233.0,12.8,29.0,5.6,364.0,6.1,315.0,7.0,10.0,51.7,162.0,43.1,300.0,97.4,20.0,Connecticut,"W, 74-70",BE,64.7,319.0,122.8,28.0,55.0,37.0,16.7,179.0,35.8,30.0,30.1,306.0,93.7,9.0,46.0,9.0,18.0,98.0,28.6,87.0,40.5,307.0,34.6,144.0,57.2,26.0,71.9,210.0,9.6,204.0,8.6,86.0,8.1,284.0,5.6,113.0,65.4,7.0,40.3,162.0,16.5,333.0,51.8,104.0,31.7,179.0,24.0,19.0,48.6,203.0,27.4,316.0,BE,30.7,30.0,46.0,13.0,71.9,154.0,15.2,9.0,10.4,104.0,7.5,137.0,6.2,130.0,50.4,124.0,36.0,79.0,93.7,9.0,2.1,2.2,1.8,1.6,1.9,1.5,26.333333333333332,"[23, 29, 27]",24.8,2.494438257849294,2.85657137141714,"[1.9, 1.6, 1.8, 2.2, 2.1]",,,,
44.0,Zvonimir Ivisic,7-2,250.0,Jr,36.0,43.1,127.8,16.1,17.8,59.4,61.1,7.4,21.7,2.8,10.8,12.9,0.8,2.9,3.1,30.6,36-52,0.692,59-71,0.831,28-99,0.283,https://kenpom.com/player.php?p=55760,12.0,12.0,17.0,21.0,21.0,23.0,Illinois,B10,65.3,296.0,131.8,1.0,55.1,36.0,13.2,10.0,39.5,3.0,33.0,237.0,97.4,20.0,47.4,27.0,11.8,365.0,26.8,28.0,19.4,1.0,34.8,128.0,57.9,22.0,78.0,16.0,8.3,88.0,8.1,46.0,5.0,6.0,4.9,35.0,50.6,230.0,49.8,15.0,19.0,232.0,42.8,337.0,38.3,29.0,13.1,365.0,50.1,130.0,36.9,23.0,B10,31.1,37.0,48.0,43.0,73.2,233.0,12.8,29.0,5.6,364.0,6.1,315.0,7.0,10.0,51.7,162.0,43.1,300.0,97.4,20.0,Connecticut,"W, 74-70",BE,64.7,319.0,122.8,28.0,55.0,37.0,16.7,179.0,35.8,30.0,30.1,306.0,93.7,9.0,46.0,9.0,18.0,98.0,28.6,87.0,40.5,307.0,34.6,144.0,57.2,26.0,71.9,210.0,9.6,204.0,8.6,86.0,8.1,284.0,5.6,113.0,65.4,7.0,40.3,162.0,16.5,333.0,51.8,104.0,31.7,179.0,24.0,19.0,48.6,203.0,27.4,316.0,BE,30.7,30.0,46.0,13.0,71.9,154.0,15.2,9.0,10.4,104.0,7.5,137.0,6.2,130.0,50.4,124.0,36.0,79.0,93.7,9.0,0.9,0.9,1.2,1.5,1.5,1.7,13.666666666666666,"[17, 12, 12]",16.6,2.357022603955158,4.029888335921977,"[1.5, 1.5, 1.2, 0.9, 0.9]",,,,
9.0,Alec Millender,6-1,190.0,Sr,18.0,3.9,105.2,15.2,12.8,40.9,44.3,8.4,2.0,18.8,20.4,0.0,3.1,3.4,2.4,27.3,2-3,0.667,3-4,0.75,1-7,0.143,https://kenpom.com/player.php?p=56653,0.0,0.0,1.0,7.0,1.0,2.0,Connecticut,BE,64.7,319.0,122.8,28.0,55.0,37.0,16.7,179.0,35.8,30.0,30.1,306.0,93.7,9.0,46.0,9.0,18.0,98.0,28.6,87.0,40.5,307.0,34.6,144.0,57.2,26.0,71.9,210.0,9.6,204.0,8.6,86.0,8.1,284.0,5.6,113.0,65.4,7.0,40.3,162.0,16.5,333.0,51.8,104.0,31.7,179.0,24.0,19.0,48.6,203.0,27.4,316.0,BE,30.7,30.0,46.0,13.0,71.9,154.0,15.2,9.0,10.4,104.0,7.5,137.0,6.2,130.0,50.4,124.0,36.0,79.0,93.7,9.0,Illinois,"L, 74-70",B10,65.3,296.0,131.8,1.0,55.1,36.0,13.2,10.0,39.5,3.0,33.0,237.0,97.4,20.0,47.4,27.0,11.8,365.0,26.8,28.0,19.4,1.0,34.8,128.0,57.9,22.0,78.0,16.0,8.3,88.0,8.1,46.0,5.0,6.0,4.9,35.0,50.6,230.0,49.8,15.0,19.0,232.0,42.8,337.0,38.3,29.0,13.1,365.0,50.1,130.0,36.9,23.0,B10,31.1,37.0,48.0,43.0,73.2,233.0,12.8,29.0,5.6,364.0,6.1,315.0,7.0,10.0,51.7,162.0,43.1,300.0,97.4,20.0,0.0,0.0,0.1,0.6,0.1,0.2,0.3333333333333333,"[1, 0, 0]",1.8,0.4714045207910317,2.638181191654584,"[0.1, 0.6, 0.1, 0, 0]",,,,
11.0,Alex Karaban,6-8,230.0,Sr,38.0,85.0,126.1,17.5,20.3,57.0,59.8,6.5,11.5,12.1,11.2,2.9,1.4,2.4,2.6,19.6,64-75,0.853,109-194,0.562,73-189,0.386,https://kenpom.com/player.php?p=52265,38.0,37.0,36.0,38.0,37.0,35.0,Connecticut,BE,64.7,319.0,122.8,28.0,55.0,37.0,16.7,179.0,35.8,30.0,30.1,306.0,93.7,9.0,46.0,9.0,18.0,98.0,28.6,87.0,40.5,307.0,34.6,144.0,57.2,26.0,71.9,210.0,9.6,204.0,8.6,86.0,8.1,284.0,5.6,113.0,65.4,7.0,40.3,162.0,16.5,333.0,51.8,104.0,31.7,179.0,24.0,19.0,48.6,203.0,27.4,316.0,BE,30.7,30.0,46.0,13.0,71.9,154.0,15.2,9.0,10.4,104.0,7.5,137.0,6.2,130.0,50.4,124.0,36.0,79.0,93.7,9.0,Illinois,"L, 74-70",B10,65.3,296.0,131.8,1.0,55.1,36.0,13.2,10.0,39.5,3.0,33.0,237.0,97.4,20.0,47.4,27.0,11.8,365.0,26.8,28.0,19.4,1.0,34.8,128.0,57.9,22.0,78.0,16.0,8.3,88.0,8.1,46.0,5.0,6.0,4.9,35.0,50.6,230.0,49.8,15.0,19.0,232.0,42.8,337.0,38.3,29.0,13.1,365.0,50.1,130.0,36.9,23.0,B10,31.1,37.0,48.0,43.0,73.2,233.0,12.8,29.0,5.6,364.0,6.1,315.0,7.0,10.0,51.7,162.0,43.1,300.0,97.4,20.0,2.3,2.2,2.2,2.3,2.2,2.1,37.0,"[36, 37, 38]",37.2,0.816496580927726,0.7483314773547882,"[2.2, 2.3, 2.2, 2.2, 2.3]",,,,
24.0,Braylon Mullins,6-6,196.0,Fr,31.0,56.7,111.9,19.9,25.1,53.6,55.6,3.4,11.0,9.6,13.8,2.7,2.2,4.1,2.3,11.1,31-35,0.886,72-118,0.61,65-198,0.328,https://kenpom.com/player.php?p=58096,26.0,29.0,32.0,37.0,27.0,32.0,Connecticut,BE,64.7,319.0,122.8,28.0,55.0,37.0,16.7,179.0,35.8,30.0,30.1,306.0,93.7,9.0,46.0,9.0,18.0,98.0,28.6,87.0,40.5,307.0,34.6,144.0,57.2,26.0,71.9,210.0,9.6,204.0,8.6,86.0,8.1,284.0,5.6,113.0,65.4,7.0,40.3,162.0,16.5,333.0,51.8,104.0,31.7,179.0,24.0,19.0,48.6,203.0,27.4,316.0,BE,30.7,30.0,46.0,13.0,71.9,154.0,15.2,9.0,10.4,104.0,7.5,137.0,6.2,130.0,50.4,124.0,36.0,79.0,93.7,9.0,Illinois,"L, 74-70",B10,65.3,296.0,131.8,1.0,55.1,36.0,13.2,10.0,39.5,3.0,33.0,237.0,97.4,20.0,47.4,27.0,11.8,365.0,26.8,28.0,19.4,1.0,34.8,128.0,57.9,22.0,78.0,16.0,8.3,88.0,8.1,46.0,5.0,6.0,4.9,35.0,50.6,230.0,49.8,15.0,19.0,232.0,42.8,337.0,38.3,29.0,13.1,365.0,50.1,130.0,36.9,23.0,B10,31.1,37.0,48.0,43.0,73.2,233.0,12.8,29.0,5.6,364.0,6.1,315.0,7.0,10.0,51.7,162.0,43.1,300.0,97.4,20.0,2.7,3.0,3.3,3.8,2.8,3.3,29.0,"[32, 29, 26]",30.2,2.449489742783178,3.9698866482558417,"[2.8, 3.8, 3.3, 3, 2.7]",,,,
4.0,Dwayne Koroma,6-8,212.0,Sr,17.0,6.0,104.5,15.5,12.0,56.2,56.5,9.4,10.1,5.4,21.4,1.3,4.6,7.4,3.9,68.8,6-11,0.545,9-16,0.562,0-0,0.0,https://kenpom.com/player.php?p=48940,0.0,0.0,1.0,0.0,0.0,1.0,Connecticut,BE,64.7,319.0,122.8,28.0,55.0,37.0,16.7,179.0,35.8,30.0,30.1,306.0,93.7,9.0,46.0,9.0,18.0,98.0,28.6,87.0,40.5,307.0,34.6,144.0,57.2,26.0,71.9,210.0,9.6,204.0,8.6,86.0,8.1,284.0,5.6,113.0,65.4,7.0,40.3,162.0,16.5,333.0,51.8,104.0,31.7,179.0,24.0,19.0,48.6,203.0,27.4,316.0,BE,30.7,30.0,46.0,13.0,71.9,154.0,15.2,9.0,10.4,104.0,7.5,137.0,6.2,130.0,50.4,124.0,36.0,79.0,93.7,9.0,Illinois,"L, 74-70",B10,65.3,296.0,131.8,1.0,55.1,36.0,13.2,10.0,39.5,3.0,33.0,237.0,97.4,20.0,47.4,27.0,11.8,365.0,26.8,28.0,19.4,1.0,34.8,128.0,57.9,22.0,78.0,16.0,8.3,88.0,8.1,46.0,5.0,6.0,4.9,35.0,50.6,230.0,49.8,15.0,19.0,232.0,42.8,337.0,38.3,29.0,13.1,365.0,50.1,130.0,36.9,23.0,B10,31.1,37.0,48.0,43.0,73.2,233.0,12.8,29.0,5.6,364.0,6.1,315.0,7.0,10.0,51.7,162.0,43.1,300.0,97.4,20.0,0.0,0.0,0.2,0.0,0.0,0.2,0.3333333333333333,"[1, 0, 0]",0.2,0.4714045207910317,0.4000000000000001,"[0, 0, 0.2, 0, 0]",,,,
12.0,Eric Reibe,7-1,260.0,Fr,38.0,35.2,124.3,18.4,20.1,67.5,65.9,10.6,18.2,7.0,13.5,6.3,1.1,6.1,3.3,30.6,25-48,0.521,100-144,0.694,4-13,0.308,https://kenpom.com/player.php?p=58097,7.0,7.0,10.0,5.0,11.0,16.0,Connecticut,BE,64.7,319.0,122.8,28.0,55.0,37.0,16.7,179.0,35.8,30.0,30.1,306.0,93.7,9.0,46.0,9.0,18.0,98.0,28.6,87.0,40.5,307.0,34.6,144.0,57.2,26.0,71.9,210.0,9.6,204.0,8.6,86.0,8.1,284.0,5.6,113.0,65.4,7.0,40.3,162.0,16.5,333.0,51.8,104.0,31.7,179.0,24.0,19.0,48.6,203.0,27.4,316.0,BE,30.7,30.0,46.0,13.0,71.9,154.0,15.2,9.0,10.4,104.0,7.5,137.0,6.2,130.0,50.4,124.0,36.0,79.0,93.7,9.0,Illinois,"L, 74-70",B10,65.3,296.0,131.8,1.0,55.1,36.0,13.2,10.0,39.5,3.0,33.0,237.0,97.4,20.0,47.4,27.0,11.8,365.0,26.8,28.0,19.4,1.0,34.8,128.0,57.9,22.0,78.0,16.0,8.3,88.0,8.1,46.0,5.0,6.0,4.9,35.0,50.6,230.0,49.8,15.0,19.0,232.0,42.8,337.0,38.3,29.0,13.1,365.0,50.1,130.0,36.9,23.0,B10,31.1,37.0,48.0,43.0,73.2,233.0,12.8,29.0,5.6,364.0,6.1,315.0,7.0,10.0,51.7,162.0,43.1,300.0,97.4,20.0,1.1,1.1,1.5,0.8,1.7,2.4,8.0,"[10, 7, 7]",8.0,1.4142135623730951,2.1908902300206643,"[1.7, 0.8, 1.5, 1.1, 1.1]",,,,
23.0,Jayden Ross,6-7,205.0,Jr,36.0,40.9,121.0,12.4,12.6,61.3,62.8,5.3,11.2,7.9,17.2,2.8,2.8,3.9,2.3,28.7,23-33,0.697,36-54,0.667,23-61,0.377,https://kenpom.com/player.php?p=54878,21.0,19.0,22.0,21.0,23.0,25.0,Connecticut,BE,64.7,319.0,122.8,28.0,55.0,37.0,16.7,179.0,35.8,30.0,30.1,306.0,93.7,9.0,46.0,9.0,18.0,98.0,28.6,87.0,40.5,307.0,34.6,144.0,57.2,26.0,71.9,210.0,9.6,204.0,8.6,86.0,8.1,284.0,5.6,113.0,65.4,7.0,40.3,162.0,16.5,333.0,51.8,104.0,31.7,179.0,24.0,19.0,48.6,203.0,27.4,316.0,BE,30.7,30.0,46.0,13.0,71.9,154.0,15.2,9.0,10.4,104.0,7.5,137.0,6.2,130.0,50.4,124.0,36.0,79.0,93.7,9.0,Illinois,"L, 74-70",B10,65.3,296.0,131.8,1.0,55.1,36.0,13.2,10.0,39.5,3.0,33.0,237.0,97.4,20.0,47.4,27.0,11.8,365.0,26.8,28.0,19.4,1.0,34.8,128.0,57.9,22.0,78.0,16.0,8.3,88.0,8.1,46.0,5.0,6.0,4.9,35.0,50.6,230.0,49.8,15.0,19.0,232.0,42.8,337.0,38.3,29.0,13.1,365.0,50.1,130.0,36.9,23.0,B10,31.1,37.0,48.0,43.0,73.2,233.0,12.8,29.0,5.6,364.0,6.1,315.0,7.0,10.0,51.7,162.0,43.1,300.0,97.4,20.0,2.0,1.9,2.1,2.0,2.2,2.4,20.666666666666668,"[22, 19, 21]",21.2,1.247219128924647,1.32664991614216,"[2.2, 2, 2.1, 1.9, 2]",,,,
3.0,Jaylin Stewart,6-7,225.0,Jr,30.0,32.9,108.8,14.7,14.6,53.3,54.2,5.2,13.9,11.5,18.9,2.3,1.8,3.8,2.4,25.2,16-27,0.593,30-57,0.526,18-50,0.36,https://kenpom.com/player.php?p=54876,5.0,3.0,0.0,0.0,0.0,0.0,Connecticut,BE,64.7,319.0,122.8,28.0,55.0,37.0,16.7,179.0,35.8,30.0,30.1,306.0,93.7,9.0,46.0,9.0,18.0,98.0,28.6,87.0,40.5,307.0,34.6,144.0,57.2,26.0,71.9,210.0,9.6,204.0,8.6,86.0,8.1,284.0,5.6,113.0,65.4,7.0,40.3,162.0,16.5,333.0,51.8,104.0,31.7,179.0,24.0,19.0,48.6,203.0,27.4,316.0,BE,30.7,30.0,46.0,13.0,71.9,154.0,15.2,9.0,10.4,104.0,7.5,137.0,6.2,130.0,50.4,124.0,36.0,79.0,93.7,9.0,Illinois,"L, 74-70",B10,65.3,296.0,131.8,1.0,55.1,36.0,13.2,10.0,39.5,3.0,33.0,237.0,97.4,20.0,47.4,27.0,11.8,365.0,26.8,28.0,19.4,1.0,34.8,128.0,57.9,22.0,78.0,16.0,8.3,88.0,8.1,46.0,5.0,6.0,4.9,35.0,50.6,230.0,49.8,15.0,19.0,232.0,42.8,337.0,38.3,29.0,13.1,365.0,50.1,130.0,36.9,23.0,B10,31.1,37.0,48.0,43.0,73.2,233.0,12.8,29.0,5.6,364.0,6.1,315.0,7.0,10.0,51.7,162.0,43.1,300.0,97.4,20.0,0.5,0.3,0.0,0.0,0.0,0.0,2.6666666666666665,"[0, 3, 5]",1.6,2.0548046676563256,2.0591260281974,"[0, 0, 0, 0.3, 0.5]",,,,
0.0,Malachi Smith,6-1,180.0,Sr,38.0,39.4,107.0,17.8,14.1,45.9,47.5,3.3,7.9,30.4,21.5,1.0,2.9,3.1,3.1,38.2,25-47,0.532,25-78,0.321,21-45,0.467,https://kenpom.com/player.php?p=51576,17.0,17.0,32.0,32.0,10.0,15.0,Connecticut,BE,64.7,319.0,122.8,28.0,55.0,37.0,16.7,179.0,35.8,30.0,30.1,306.0,93.7,9.0,46.0,9.0,18.0,98.0,28.6,87.0,40.5,307.0,34.6,144.0,57.2,26.0,71.9,210.0,9.6,204.0,8.6,86.0,8.1,284.0,5.6,113.0,65.4,7.0,40.3,162.0,16.5,333.0,51.8,104.0,31.7,179.0,24.0,19.0,48.6,203.0,27.4,316.0,BE,30.7,30.0,46.0,13.0,71.9,154.0,15.2,9.0,10.4,104.0,7.5,137.0,6.2,130.0,50.4,124.0,36.0,79.0,93.7,9.0,Illinois,"L, 74-70",B10,65.3,296.0,131.8,1.0,55.1,36.0,13.2,10.0,39.5,3.0,33.0,237.0,97.4,20.0,47.4,27.0,11.8,365.0,26.8,28.0,19.4,1.0,34.8,128.0,57.9,22.0,78.0,16.0,8.3,88.0,8.1,46.0,5.0,6.0,4.9,35.0,50.6,230.0,49.8,15.0,19.0,232.0,42.8,337.0,38.3,29.0,13.1,365.0,50.1,130.0,36.9,23.0,B10,31.1,37.0,48.0,43.0,73.2,233.0,12.8,29.0,5.6,364.0,6.1,315.0,7.0,10.0,51.7,162.0,43.1,300.0,97.4,20.0,1.3,1.3,2.5,2.5,0.8,1.2,22.0,"[32, 17, 17]",21.6,7.0710678118654755,8.867919710958146,"[0.8, 2.5, 2.5, 1.3, 1.3]",,,,
2.0,Silas Demary,6-4,195.0,Jr,37.0,68.8,118.1,22.8,17.5,51.9,58.1,4.1,14.4,35.9,21.5,1.0,3.5,3.5,4.4,49.6,107-133,0.805,88-184,0.478,34-84,0.405,https://kenpom.com/player.php?p=54416,23.0,23.0,22.0,0.0,31.0,33.0,Connecticut,BE,64.7,319.0,122.8,28.0,55.0,37.0,16.7,179.0,35.8,30.0,30.1,306.0,93.7,9.0,46.0,9.0,18.0,98.0,28.6,87.0,40.5,307.0,34.6,144.0,57.2,26.0,71.9,210.0,9.6,204.0,8.6,86.0,8.1,284.0,5.6,113.0,65.4,7.0,40.3,162.0,16.5,333.0,51.8,104.0,31.7,179.0,24.0,19.0,48.6,203.0,27.4,316.0,BE,30.7,30.0,46.0,13.0,71.9,154.0,15.2,9.0,10.4,104.0,7.5,137.0,6.2,130.0,50.4,124.0,36.0,79.0,93.7,9.0,Illinois,"L, 74-70",B10,65.3,296.0,131.8,1.0,55.1,36.0,13.2,10.0,39.5,3.0,33.0,237.0,97.4,20.0,47.4,27.0,11.8,365.0,26.8,28.0,19.4,1.0,34.8,128.0,57.9,22.0,78.0,16.0,8.3,88.0,8.1,46.0,5.0,6.0,4.9,35.0,50.6,230.0,49.8,15.0,19.0,232.0,42.8,337.0,38.3,29.0,13.1,365.0,50.1,130.0,36.9,23.0,B10,31.1,37.0,48.0,43.0,73.2,233.0,12.8,29.0,5.6,364.0,6.1,315.0,7.0,10.0,51.7,162.0,43.1,300.0,97.4,20.0,2.0,2.0,1.9,0.0,2.7,2.9,22.666666666666668,"[22, 23, 23]",19.8,0.4714045207910317,10.419213022104884,"[2.7, 0, 1.9, 2, 2]",,,,
1.0,Solo Ball,6-4,200.0,Jr,37.0,69.4,111.5,21.9,25.6,48.0,53.0,3.5,9.7,9.7,11.7,0.9,1.0,2.6,3.9,29.1,98-115,0.852,83-152,0.546,71-243,0.292,https://kenpom.com/player.php?p=54875,30.0,32.0,13.0,25.0,29.0,17.0,Connecticut,BE,64.7,319.0,122.8,28.0,55.0,37.0,16.7,179.0,35.8,30.0,30.1,306.0,93.7,9.0,46.0,9.0,18.0,98.0,28.6,87.0,40.5,307.0,34.6,144.0,57.2,26.0,71.9,210.0,9.6,204.0,8.6,86.0,8.1,284.0,5.6,113.0,65.4,7.0,40.3,162.0,16.5,333.0,51.8,104.0,31.7,179.0,24.0,19.0,48.6,203.0,27.4,316.0,BE,30.7,30.0,46.0,13.0,71.9,154.0,15.2,9.0,10.4,104.0,7.5,137.0,6.2,130.0,50.4,124.0,36.0,79.0,93.7,9.0,Illinois,"L, 74-70",B10,65.3,296.0,131.8,1.0,55.1,36.0,13.2,10.0,39.5,3.0,33.0,237.0,97.4,20.0,47.4,27.0,11.8,365.0,26.8,28.0,19.4,1.0,34.8,128.0,57.9,22.0,78.0,16.0,8.3,88.0,8.1,46.0,5.0,6.0,4.9,35.0,50.6,230.0,49.8,15.0,19.0,232.0,42.8,337.0,38.3,29.0,13.1,365.0,50.1,130.0,36.9,23.0,B10,31.1,37.0,48.0,43.0,73.2,233.0,12.8,29.0,5.6,364.0,6.1,315.0,7.0,10.0,51.7,162.0,43.1,300.0,97.4,20.0,2.0,2.1,0.8,1.6,1.9,1.1,25.0,"[13, 32, 30]",25.8,8.524474568362947,6.794115100585212,"[1.9, 1.6, 0.8, 2.1, 2]",,,,
5.0,Tarris Reed,6-11,265.0,Sr,33.0,58.1,120.0,26.6,24.9,62.1,62.2,14.0,24.6,19.0,15.9,9.1,2.1,4.4,5.3,44.4,85-143,0.594,200-319,0.627,0-3,0.0,https://kenpom.com/player.php?p=53353,33.0,33.0,29.0,35.0,29.0,23.0,Connecticut,BE,64.7,319.0,122.8,28.0,55.0,37.0,16.7,179.0,35.8,30.0,30.1,306.0,93.7,9.0,46.0,9.0,18.0,98.0,28.6,87.0,40.5,307.0,34.6,144.0,57.2,26.0,71.9,210.0,9.6,204.0,8.6,86.0,8.1,284.0,5.6,113.0,65.4,7.0,40.3,162.0,16.5,333.0,51.8,104.0,31.7,179.0,24.0,19.0,48.6,203.0,27.4,316.0,BE,30.7,30.0,46.0,13.0,71.9,154.0,15.2,9.0,10.4,104.0,7.5,137.0,6.2,130.0,50.4,124.0,36.0,79.0,93.7,9.0,Illinois,"L, 74-70",B10,65.3,296.0,131.8,1.0,55.1,36.0,13.2,10.0,39.5,3.0,33.0,237.0,97.4,20.0,47.4,27.0,11.8,365.0,26.8,28.0,19.4,1.0,34.8,128.0,57.9,22.0,78.0,16.0,8.3,88.0,8.1,46.0,5.0,6.0,4.9,35.0,50.6,230.0,49.8,15.0,19.0,232.0,42.8,337.0,38.3,29.0,13.1,365.0,50.1,130.0,36.9,23.0,B10,31.1,37.0,48.0,43.0,73.2,233.0,12.8,29.0,5.6,364.0,6.1,315.0,7.0,10.0,51.7,162.0,43.1,300.0,97.4,20.0,3.6,3.6,3.2,3.8,3.2,2.5,31.666666666666668,"[29, 33, 33]",31.8,1.8856180831641267,2.4,"[3.2, 3.8, 3.2, 3.6, 3.6]",,,,
