Player,team,opponent,proj_mins,conf,last_5_games,last_5_games_fouls,pos,stat,bet_side,stat_projection,line,odds,book,win_pct,expected_value,xAiScore,manualRtg,manualNotes,full_odds_meta_data,team_averages,minutes_injury_summary,minutes_confidence_justification,xAiContext,matched_sim_means,sim_source,game_time_cst,kenpom_player_url
Elliot Cadeau,Michigan,Arizona,35.0,0.85,"[38, 26, 37, 34, 34]","[2.9, 2, 2.9, 2.6, 2.6]",G,points,over,15.1899,11.5,105,caesars,0.71,1.4592,42,,,caesars 11.5 O +105; U -138 | fanatics 10.5 O -125; U -105 | fanduel 11.5 O +102; U -132 | prophetx 11.5 O -106; U -147 | sleeper 11.5 O -114; U -145,"Team REB: 40.66, Team AST: 19.21, Team 3PM: 9.38, Team STL: 5.97, Team BLK: 5.90, Team TO: 12.03","Possible allergic reaction pre-Final Four travel; evaluated and cleared, plans to play",High std dev (4.21); recent health issue but confirmed available for game,"Last 5: 10.4 PPG (8@Tenn34m,17@Ala34m,12@StL37m,5@How26m,10@Pur38m); 2/5 over 11.5. Season 10.2PPG, facilitator (7-10APG). Allergic reaction risks fatigue despite clearance & travel. Min proj 35 ok but std4.21 volatile (26 low). Team PTS79<89avg, AZ backcourt tough. Proj15+>>trends; fragile scoring in tourney.",15.19,interpolated_sim,2026-04-04 07:49 PM CDT,https://kenpom.com/player.php?p=55027
Aday Mara,Michigan,Arizona,20.0,0.9,"[27, 21, 26, 27, 18]","[2.6, 2, 2.5, 2.6, 1.7]",C,points_rebounds_assists,under,17.7405,22.5,-122,sleeper,0.79,1.438,78,,,sleeper 22.5 O -135; U -122,"Team REB: 40.66, Team AST: 19.21, Team 3PM: 9.38, Team STL: 5.97, Team BLK: 5.90, Team TO: 12.03",N/A,N/A,"Minutes proj 20 underrates last5 avg 23.8, but foul trouble limited recent tourney mins (18 vs Tenn w/4PF, 27 vs Ala). PRA recent:15,17,26,32,22 (avg22.4), per min ~0.95. High foul risk vs AZ physical frontcourt (Krivas/Peat); coach quotes worry. Low team proj REB/PTS supports under, but unstable mins/role fragility lowers edge trust.","9.62,6.18,1.93","interpolated_sim,interpolated_sim,interpolated_sim",2026-04-04 07:49 PM CDT,https://kenpom.com/player.php?p=55279
Aday Mara,Michigan,Arizona,20.0,0.9,"[27, 21, 26, 27, 18]","[2.6, 2, 2.5, 2.6, 1.7]",C,points,under,9.6227,12.5,-112,caesars,0.74,1.408,78,,,caesars 12.5 O -118; U -112 | fanduel 12.5 O -114; U -114 | prophetx 12.5 O -126; U -123 | sleeper 12.5 O -130; U -127,"Team REB: 40.66, Team AST: 19.21, Team 3PM: 9.38, Team STL: 5.97, Team BLK: 5.90, Team TO: 12.03",N/A,N/A,"Minutes proj 20 aligns w/ tournament trend (18-27, avg~23) but foul trouble risk high (4PF vs Tenn early, coach notes); recent pts 11(18m),8(27m),16(26m),19(21m),14(27m) avg13.6 but unders vs physical (Tenn,Purdue); AZ bigs (Krivas) likely limit role/min, proj 9.6 reasonable in low-team-PTS env (79 vs 89 avg). Unstable fouls lower trust but under edge solid.",9.62,interpolated_sim,2026-04-04 07:49 PM CDT,https://kenpom.com/player.php?p=55279
Brayden Burries,Arizona,Utah St.,32.0,0.95,"[33, 33, 19, 33, 28]","[2.3, 2.3, 1.3, 2.3, 2]",F,points_rebounds,under,18.2872,21.5,-102,fanduel,0.71,1.4016,38,,,fanduel 21.5 O -125; U -102 | prophetx 22.5 O -20408; U -20408,"Team REB: 43.23, Team AST: 17.23, Team 3PM: 5.87, Team STL: 8.07, Team BLK: 4.27, Team TO: 11.03",N/A,N/A,"Minutes stable at ~30+ (last5:33,34,26,28,33), no injury/rotation issues. But PRA last5:20,28,25,23,23 (avg23.8)>21.5 line/projection18.3. Recent hot streak (pts avg18.4, reb5.4) vs proj pts13.7/reb4.6 undervalues. Foul trouble risk (e.g. USU), low team PTS proj(78<86.6) may help under, but role as star guard firm. Edge fragile.","13.67,4.62","interpolated_sim,interpolated_sim",2026-04-04 07:49 PM CDT,https://kenpom.com/player.php?p=59285
Aday Mara,Michigan,Arizona,20.0,0.9,"[27, 21, 26, 27, 18]","[2.6, 2, 2.5, 2.6, 1.7]",C,points_rebounds,under,15.8076,19.5,-115,fanduel,0.75,1.3983,78,,,fanduel 19.5 O -111; U -115,"Team REB: 40.66, Team AST: 19.21, Team 3PM: 9.38, Team STL: 5.97, Team BLK: 5.90, Team TO: 12.03",N/A,N/A,"Recent 5 games PRA avg 19.2 (15,13,21,26,21), close to 19.5 line despite proj 15.8; min avg 23.8>20 proj, but foul trouble history (early fouls vs Tenn) & AZ tough frontcourt (Krivas/Peat) risk limits. Efficient per min but variance high (13-26); low team PTS/REB proj aids under. Edge ok but fragile production/min stability.","9.62,6.18","interpolated_sim,interpolated_sim",2026-04-04 07:49 PM CDT,https://kenpom.com/player.php?p=55279
Aday Mara,Michigan,Arizona,20.0,0.9,"[27, 21, 26, 27, 18]","[2.6, 2, 2.5, 2.6, 1.7]",C,assists,under,1.9328,2.5,100,sleeper,0.69,1.3891,72,,,sleeper 2.5 O -167; U +100,"Team REB: 40.66, Team AST: 19.21, Team 3PM: 9.38, Team STL: 5.97, Team BLK: 5.90, Team TO: 12.03",N/A,N/A,"Minutes proj 20 stable (last5 avg~24), high conf. Recent AST volatile: tourney avg 3.75 (6,5,4,0) but foul trouble common (4PF last gme). Season 2.4APG aligns proj 1.93<2.5. Arizona bigs risk more fouls/limited opps. Team AST proj down aids under. Edge ok but fragile recent surge lowers trust.",1.93,interpolated_sim,2026-04-04 07:49 PM CDT,https://kenpom.com/player.php?p=55279
Motiejus Krivas,Arizona,Utah St.,32.0,0.98,"[25, 23, 27, 25, 22]","[2.7, 2.5, 2.9, 2.7, 2.4]",C,points_rebounds,over,21.8898,16.5,-125,fanduel,0.77,1.3866,62,,LINE_CHANGED_18.5_TO_16.5:,fanduel 16.5 O -125; U -102 | prophetx 17.5 O -20408; U -20408,"Team REB: 43.23, Team AST: 17.23, Team 3PM: 5.87, Team STL: 8.07, Team BLK: 4.27, Team TO: 11.03",N/A,Variable recent minutes but key in top lineup shares with Peat/Awaka,"Minutes proj 32 high vs last5 avg 27.4 (22-35 range unstable). Recent PRA:12,16,25,19,18 (avg18<21.9 proj; 3/5 over 16.5, unders vs HOU/LIU). Points avg9.2, reb8.8 recent. Tough MI frontcourt (Mara et al) matchup limits production; team REB proj37.6<<43.2 signals poor env. Deep rot w/Peat/Awaka shares load, foul risk. Edge overstated at77%.","12.12,9.77","interpolated_sim,interpolated_sim",2026-04-04 07:49 PM CDT,https://kenpom.com/player.php?p=55294
Brayden Burries,Arizona,Utah St.,32.0,0.95,"[33, 33, 19, 33, 28]","[2.3, 2.3, 1.3, 2.3, 2]",F,points,under,13.67,16.5,-105,caesars,0.71,1.3788,68,,LINE_CHANGED_17.5_TO_16.5:,caesars 16.5 O -128; U -105 | fanatics 16.5 O -125; U -105 | fanduel 16.5 O -122; U -106 | prophetx 16.5 O -133; U -116 | sleeper 17.5 O -112; U -147,"Team REB: 43.23, Team AST: 17.23, Team 3PM: 5.87, Team STL: 8.07, Team BLK: 4.27, Team TO: 11.03",N/A,N/A,"Minutes proj 32 aligns with stable last5 avg 30.8 (33,34,26,28,33); no injury issues, Achilles rumor fake from MI fan. Recent pts:14(PUR),23(ARK),16(USU),18(LIU),21(HOU) avg18.4>16.5, 4/5 over; tourney19avg. Role as lead guard certain, but team PTS proj78<86.6 may cap; proj13.67 conservative vs form, edge ok but hot streak risks over.",13.67,interpolated_sim,2026-04-04 07:49 PM CDT,https://kenpom.com/player.php?p=59285
Motiejus Krivas,Arizona,Utah St.,32.0,0.98,"[25, 23, 27, 25, 22]","[2.7, 2.5, 2.9, 2.7, 2.4]",C,points,over,12.1176,9.5,102,fanduel,0.66,1.3379,42,,,caesars 9.5 O -108; U -124 | fanatics 9.5 O -110; U -120 | fanduel 9.5 O +102; U -132 | prophetx 9.5 O -109; U -143 | sleeper 9.5 O -111; U -147,"Team REB: 43.23, Team AST: 17.23, Team 3PM: 5.87, Team STL: 8.07, Team BLK: 4.27, Team TO: 11.03",N/A,Variable recent minutes but key in top lineup shares with Peat/Awaka,"Minutes proj 32 optimistic vs last5 avg 27.4 (22-35 range), variable w/ Awaka/Peat shares. Recent pts: 6,14,11,9,6 (avg9.2), volatile; 6pts in 35min vs PUR, 6 in25 vs HOU. Only 5/10 over9.5 last10. Team PTS proj78<season86.6; MI frontcourt clash limits scoring. No injuries but fragile recent prod, high min not guaranteeing pts. Edge shaky.",12.12,interpolated_sim,2026-04-04 07:49 PM CDT,https://kenpom.com/player.php?p=55294
Nimari Burnett,Michigan,Arizona,23.0,0.9,"[28, 26, 24, 17, 27]","[2.1, 2, 1.8, 1.3, 2]",GF,rebounds,under,3.2261,3.5,115,fanatics,0.61,1.3118,52,,,fanatics 3.5 O -150; U +115 | sleeper 3.5 O -154; U -108,"Team REB: 40.66, Team AST: 19.21, Team 3PM: 9.38, Team STL: 5.97, Team BLK: 5.90, Team TO: 12.03",N/A,N/A,"Minutes proj 23 aligns w/ last5 avg 24.4 (17-28 range, some instability). REB recent last5:7(Tenn26m),5(Ala17m),4(SLu24),4(How26),4(Pur28) all >3.5, avg4.8; last10 avg3.7>season2.5. Proj3.22 stale vs hot streak. Starter role firm, no injuries. Team REB proj36.6<40.7 supports under opp but guard crash risk vs AZ. Edge fragile, lower score.",3.23,interpolated_sim,2026-04-04 07:49 PM CDT,https://kenpom.com/player.php?p=50096
Elliot Cadeau,Michigan,Arizona,35.0,0.85,"[38, 26, 37, 34, 34]","[2.9, 2, 2.9, 2.6, 2.6]",G,points_rebounds_assists,over,25.1046,20.5,-128,sleeper,0.73,1.3058,78,,,sleeper 20.5 O -128; U -128,"Team REB: 40.66, Team AST: 19.21, Team 3PM: 9.38, Team STL: 5.97, Team BLK: 5.90, Team TO: 12.03","Possible allergic reaction pre-Final Four travel; evaluated and cleared, plans to play",High std dev (4.21); recent health issue but confirmed available for game,"Last5 PRA:21(Tenn),29(Ala),23(StL),16(How blowout),21(Pur). Avg22>20.5, over4/5. Pts avg10.4<<proj15(optimistic); reb3=3.5; ast8.6>6.4. Min avg33.8/35, std high w/26 outlier. Cleared allergy but stretcher scare pre-game risks stamina/effort. Az opp ast12.2 (mid); low team PTS/AST proj. Role stable PG, but health/tough matchup lowers trust.","15.19,3.52,6.40","interpolated_sim,interpolated_sim,interpolated_sim",2026-04-04 07:49 PM CDT,https://kenpom.com/player.php?p=55027
Braylon Mullins,Connecticut,UCLA,29.0,0.95,"[33, 34, 32, 27, 37]","[3.3, 3.4, 3.2, 2.7, 3.7]",GF,points,under,9.7105,12.5,-130,caesars,0.74,1.3043,82,,,caesars 12.5 O -103; U -130 | fanatics 12.5 O +100; U -130 | fanduel 12.5 O +102; U -132 | prophetx 12.5 O -109; U -143 | sleeper 11.5 O -143; U -115,"Team REB: 36.37, Team AST: 18.63, Team 3PM: 8.57, Team STL: 7.00, Team BLK: 5.47, Team TO: 10.87",N/A,Slightly high std dev but consistent recent usage in lineups,"Minutes proj 29 reliable, last5 avg~30 (26-37), no injury/rotation news. Recent pts: last5 10(Duke),8(MSU),17(UCLA),12(Furman),5(SJU) avg10.4, 4/5 under12.5. Tournament 3PT cold (4-19 pre-Duke,1-5 game). High shot vol but inefficient. Low team PTS70 vs78.7avg favors under. Heroics risk but fragile boom/bust freshman role.",9.71,interpolated_sim,2026-04-04 05:09 PM CDT,https://kenpom.com/player.php?p=58096
Brayden Burries,Arizona,Utah St.,32.0,0.95,"[33, 33, 19, 33, 28]","[2.3, 2.3, 1.3, 2.3, 2]",F,points_rebounds_assists,under,20.5166,24.5,-137,sleeper,0.74,1.2779,72,,LINE_CHANGED_25.5_TO_24.5:,sleeper 24.5 O -119; U -137,"Team REB: 43.23, Team AST: 17.23, Team 3PM: 5.87, Team STL: 8.07, Team BLK: 4.27, Team TO: 11.03",N/A,N/A,"Minutes proj 32 aligns w/ last5 avg 30.8 & tourney 28-34, high conf. Recent PRA: tourney avg ~26 (22PUR,30ARK,27USU,25LIU), last10 avg 25+ exc injury game (4PRA@20min). Recovered, key starter w/ Bradley. Model 20.5 under recent/hot streak, but low team PTS proj(78vs86) & MI tough D favor under. Recent overs risk edge, but matchup supports.","13.67,4.62,2.23","interpolated_sim,interpolated_sim,interpolated_sim",2026-04-04 07:49 PM CDT,https://kenpom.com/player.php?p=59285
Trey McKenney,Michigan,Arizona,23.0,1.0,"[23, 25, 23, 28, 19]","[1.4, 1.6, 1.4, 1.8, 1.2]",GF,threes,under,1.397,1.5,105,fanatics,0.61,1.2488,78,,,caesars 1.5 O -129; U -104 | fanatics 1.5 O -140; U +105 | prophetx 1.5 O -20000; U -20000 | sleeper 1.5 O -108; U -154,"Team REB: 40.66, Team AST: 19.21, Team 3PM: 9.38, Team STL: 5.97, Team BLK: 5.90, Team TO: 12.03",N/A,N/A,"Minutes stable at ~23 mpg last 10 (19-28), matching proj. Recent 3PM last5: 1,3,2,1,0 (avg 1.4); last10 avg 1.6. Season 1.7/4.3 att 38%. Hot streaks (3/5 ALA, debut 6/8) but 0/2 vs PUR. Cason injury boosted role earlier; stable bench spark. AZ elite def (.310 opp 3P%) suppresses team 3PM to 8.4<9.4 avg. Proj 1.40 reasonable under 1.5 but variance risks over (6/10 last10). Edge solid vs tough matchup.",1.40,interpolated_sim,2026-04-04 07:49 PM CDT,https://kenpom.com/player.php?p=58414
Motiejus Krivas,Arizona,Utah St.,32.0,0.98,"[25, 23, 27, 25, 22]","[2.7, 2.5, 2.9, 2.7, 2.4]",C,points_rebounds_assists,over,23.0612,18.5,-139,sleeper,0.73,1.2481,82,,,sleeper 18.5 O -139; U -118,"Team REB: 43.23, Team AST: 17.23, Team 3PM: 5.87, Team STL: 8.07, Team BLK: 4.27, Team TO: 11.03",N/A,Variable recent minutes but key in top lineup shares with Peat/Awaka,"Last 5 PRA:21(PUR35min),21(ARK23),27(USU32),18(LIU22),12(HOU25); avg19.8>18.5 (4/5 over). Min avg27.4<proj32 variable. Starter in best lineup, healthy post-injury. Tough paint battle vs MI Mara risks pts/reb dip. Team proj78pts low pace. Solid edge but matchup fragility lowers score.","12.12,9.77,1.17","interpolated_sim,interpolated_sim,interpolated_sim",2026-04-04 07:49 PM CDT,https://kenpom.com/player.php?p=55294
Motiejus Krivas,Arizona,Utah St.,32.0,0.98,"[25, 23, 27, 25, 22]","[2.7, 2.5, 2.9, 2.7, 2.4]",C,rebounds,over,9.7722,7.5,-114,fanduel,0.66,1.2325,78,,,caesars 7.5 O -118; U -113 | fanatics 7.5 O -115; U -115 | fanduel 7.5 O -114; U -114 | prophetx 7.5 O -127; U -122 | sleeper 7.5 O -133; U -123,"Team REB: 43.23, Team AST: 17.23, Team 3PM: 5.87, Team STL: 8.07, Team BLK: 4.27, Team TO: 11.03",N/A,Variable recent minutes but key in top lineup shares with Peat/Awaka,"Minutes proj 32 optimistic vs last5 avg 27.4 (25,22,32,23,35) & season 25; variable usage w/ Awaka/Peat. Last5 reb:6,7,14,5,12 (avg8.8>7.5), but fragile (two <6 in 23-25min). Season 8.2 reb solid for starter. Tough MI frontcourt matchup limits team REB proj37.6<43avg. No injuries, key role, tourney upside, but stale high proj erodes edge.",9.77,interpolated_sim,2026-04-04 07:49 PM CDT,https://kenpom.com/player.php?p=55294
Kylan Boswell,Illinois,Connecticut,29.0,0.9,"[17, 27, 34, 30, 27]","[1.1, 1.8, 2.3, 2, 1.8]",G,points,over,10.7851,8.5,-110,fanduel,0.64,1.226,52,,,caesars 8.5 O -118; U -113 | fanatics 8.5 O -115; U -115 | fanduel 8.5 O -110; U -118 | prophetx 8.5 O -123; U -127 | sleeper 8.5 O -127; U -130,"Team REB: 41.07, Team AST: 14.67, Team 3PM: 11.17, Team STL: 3.80, Team BLK: 4.77, Team TO: 9.03",N/A,Recovered from February broken hand; full minutes recently,"Minutes proj solid (29 vs last5 avg 27min), but points avg last5 only 8.4 (2,6,12,13,9) despite key role. Recent duds: 2pts/26min vs Iowa, 6pts/30min vs Hou on 0-7FG. Shooting slump in tourney low-scoring wins (71-59,65-55). Prev vs UConn 25pts early, but now fragile prod vs elite def. Team proj 74pts < season. Edge shaky.",10.79,interpolated_sim,2026-04-04 05:09 PM CDT,https://kenpom.com/player.php?p=53510
David Mirkovic,Illinois,Connecticut,37.0,0.9,"[37, 28, 23, 34, 38]","[2.5, 1.9, 1.6, 2.3, 2.6]",C,points_rebounds,over,24.9277,21.5,-118,fanduel,0.66,1.213,72,,,fanduel 21.5 O -118; U -108 | prophetx 20.5 O -20408; U -20408,"Team REB: 41.07, Team AST: 14.67, Team 3PM: 11.17, Team STL: 3.80, Team BLK: 4.77, Team TO: 9.03",N/A,"Variance in recent games (23-38 min), but consistently heavy rotation player","Minutes proj 37 high vs last5 avg 32 (24-38 range), volatile PRA avg 25.4 but 21,24,12,46,24; tourney excl outlier Penn avg~19. Tough UConn D limits pts/reb vs prior low role game (8pts/18min). Team proj REB/PTS down. Solid role but matchup fragility caps edge.","15.08,9.85","interpolated_sim,interpolated_sim",2026-04-04 05:09 PM CDT,https://kenpom.com/player.php?p=57910
David Mirkovic,Illinois,Connecticut,37.0,0.9,"[37, 28, 23, 34, 38]","[2.5, 1.9, 1.6, 2.3, 2.6]",C,points,over,15.0787,12.5,-114,fanduel,0.64,1.2096,68,,,caesars 12.5 O -125; U -107 | fanatics 12.5 O -115; U -115 | fanduel 12.5 O -114; U -114 | prophetx 12.5 O -129; U +105 | sleeper 12.5 O -135; U -122,"Team REB: 41.07, Team AST: 14.67, Team 3PM: 11.17, Team STL: 3.80, Team BLK: 4.77, Team TO: 9.03",N/A,"Variance in recent games (23-38 min), but consistently heavy rotation player","Minutes proj 37 high vs last5 avg 32min (24-38 variance, dipped to 24 vs VCU). Recent pts volatile:9(Iowa38m),14(Hou34),7(VCU24),29(Penn28),19(Wis36) - 3/5 over12.5 but lows in tighter D. Prev vs UConn:8pts/18min low role; now starter/key but UConn elite D may limit. Team PTS74<<84 hurts. Foul risk. Proj reasonable but unstable/fragile edge.",15.08,interpolated_sim,2026-04-04 05:09 PM CDT,https://kenpom.com/player.php?p=57910
Andrej Stojakovic,Illinois,Connecticut,27.0,0.9,"[31, 20, 26, 29, 26]","[1.6, 1, 1.4, 1.5, 1.4]",F,points,under,10.9893,12.5,-115,fanatics,0.64,1.2021,42,,,caesars 12.5 O -112; U -120 | fanatics 12.5 O -115; U -115 | fanduel 12.5 O -108; U -120 | prophetx 12.5 O -120; U -129 | sleeper 12.5 O -123; U -133,"Team REB: 41.07, Team AST: 14.67, Team 3PM: 11.17, Team STL: 3.80, Team BLK: 4.77, Team TO: 9.03",N/A,N/A,"Minutes proj 27 aligns with last5 avg 26.6 (27,28,26,20,32). Points recent:17(Iowa27m),13(Hou28m),21(VCU26m),9(Penn20m),17(Wis32m); avg15.4, 4/5 over12.5. Season13.6pts/26.3m. Bench role thriving, clutch tournament performer. Low11pt proj fragile vs hot streak; UConn D tough but IL size edge questions under reliability. Volatile output.",10.99,interpolated_sim,2026-04-04 05:09 PM CDT,https://kenpom.com/player.php?p=54816
Brayden Burries,Arizona,Utah St.,32.0,0.95,"[33, 33, 19, 33, 28]","[2.3, 2.3, 1.3, 2.3, 2]",F,rebounds,under,4.6172,4.5,118,fanduel,0.55,1.1892,52,,,caesars 5.5 O +120; U -162 | fanatics 5.5 O +120; U -165 | fanduel 4.5 O -158; U +118 | prophetx 4.5 O -151; U -104 | sleeper 4.5 O -169; U +102,"Team REB: 43.23, Team AST: 17.23, Team 3PM: 5.87, Team STL: 8.07, Team BLK: 4.27, Team TO: 11.03",N/A,N/A,"Minutes stable at 30+ (last5:33,28,26,34,33; conf 0.95). Recent rebs volatile: last5 6,5,9,5,2 (avg5.4>proj4.62), 4/5 over4.5. Season RPG4.9; tournament hot but guard role limits consistency. Team REB proj37.6<<43.2; Mich elite reb def (#20 opp REB/gm). Healthy,no news changes. Edge fragile vs recent surge,stale proj? Slight under value but risky.",4.62,interpolated_sim,2026-04-04 07:49 PM CDT,https://kenpom.com/player.php?p=59285
Andrej Stojakovic,Illinois,Connecticut,27.0,0.9,"[31, 20, 26, 29, 26]","[1.6, 1, 1.4, 1.5, 1.4]",F,points_rebounds_assists,under,16.302,18.5,-128,sleeper,0.67,1.1877,52,,,sleeper 18.5 O -128; U -128,"Team REB: 41.07, Team AST: 14.67, Team 3PM: 11.17, Team STL: 3.80, Team BLK: 4.77, Team TO: 9.03",N/A,N/A,"Minutes proj 27 aligns w/ last5 avg 26.4 but volatile (20 min outlier); bench role flux per recent quotes/rotation tightening; recent tourney PRA explodes (26 vs VCU 26min, ~23 vs Iowa 27min) vs stale 16.3 proj (pts underrates hot streak); low team pts/elite UConn D supports under but fragile high form & key spark role erode edge trustworthiness.","10.99,4.40,0.91","interpolated_sim,interpolated_sim,poisson_fallback",2026-04-04 05:09 PM CDT,https://kenpom.com/player.php?p=54816
Eric Reibe,Connecticut,Illinois,5.0,0.82,"[11, 5, 10, 7, 7]","[1.7, 0.8, 1.5, 1.1, 1.1]",C,points,under,1.726,2.5,-154,sleeper,0.72,1.1861,88,,,sleeper 2.5 O -108; U -154,"Team REB: 36.37, Team AST: 18.63, Team 3PM: 8.57, Team STL: 7.00, Team BLK: 5.47, Team TO: 10.87",N/A,Variable recent minutes (5-16); slight reduction to reallocate bench minutes to returning Stewart given lineup context,"Last 5 games: 7min/2pts,7/0,11/4,5/0,11/6 (avg 8.2min/2.4pts); all but one under 2.5. Postseason: 7.5min/0.8pts. Reed dominating (32+min tourney), Stewart back splitting bench mins. Variable but low recent production/usage supports under proj (1.73). Low team pace (70pts). Solid edge despite min volatility.",1.73,interpolated_sim,2026-04-04 05:09 PM CDT,https://kenpom.com/player.php?p=58097
Solo Ball,Connecticut,UCLA,28.0,0.92,"[24, 25, 17, 29, 25]","[1.5, 1.6, 1.1, 1.8, 1.6]",GF,threes,under,1.5575,1.5,111,caesars,0.56,1.1823,92,,LINE_CHANGED_2.5_TO_1.5:,caesars 1.5 O -148; U +111 | prophetx 1.5 O -20000; U -20000 | sleeper 2.5 O +160; U -312,"Team REB: 36.37, Team AST: 18.63, Team 3PM: 8.57, Team STL: 7.00, Team BLK: 5.47, Team TO: 10.87","Nagging wrist injury, managed with strong recent tournament play","High recent minutes (30, 32) in Sweet 16/Elite 8; reports confirm wrist improving and key role as starter (25-30+ MPG)","Adversarial review disproves over: Solo Ball in deep 3PT slump (0.6 3PM avg last5: 0,2,0,1,0 despite 26min avg; 0/5 twice in 30+min). Wrist injury lingers, shooting woes noted in news. Minutes proj 28 reliable (high tournament play bar 13min foul game). Team 3PM proj down vs season. Proj 1.56 stale; recent supports easy under 1.5.",1.56,interpolated_sim,2026-04-04 05:09 PM CDT,https://kenpom.com/player.php?p=54875
Braylon Mullins,Connecticut,UCLA,29.0,0.95,"[33, 34, 32, 27, 37]","[3.3, 3.4, 3.2, 2.7, 3.7]",GF,threes,under,1.7579,1.5,135,fanatics,0.5,1.1751,82,,LINE_CHANGED_2.5_TO_1.5:,caesars 2.5 O +154; U -209 | fanatics 1.5 O -210; U +135 | prophetx 2.5 O -20408; U -20408 | sleeper 2.5 O +142; U -263,"Team REB: 36.37, Team AST: 18.63, Team 3PM: 8.57, Team STL: 7.00, Team BLK: 5.47, Team TO: 10.87",N/A,Slightly high std dev but consistent recent usage in lineups,"Minutes stable at ~29 proj (last5:26-37min). Recent 3PM avg 1.2 last5 (1,2,2,0,1), 1.4 last10 on high vol (6+ att/g). Tournament 17% 3P%. Illinois elite opp 3P% D (top3,28.6%). Team 3PM proj down to7.7, PTS70 low pace. Cold streak supports under1.5 despite hero status; projection1.76 overstated vs recent. Solid but variance risk.",1.76,interpolated_sim,2026-04-04 05:09 PM CDT,https://kenpom.com/player.php?p=58096
Brayden Burries,Arizona,Utah St.,32.0,0.95,"[33, 33, 19, 33, 28]","[2.3, 2.3, 1.3, 2.3, 2]",F,steals,over,1.4674,1.5,175,fanatics,0.42,1.1677,52,,,fanatics 1.5 O +175; U -240,"Team REB: 43.23, Team AST: 17.23, Team 3PM: 5.87, Team STL: 8.07, Team BLK: 4.27, Team TO: 11.03",N/A,N/A,"Minutes proj 32 solid vs last5 avg 30.8, high conf. Recent Elite8 vs Purdue: 3 STL. Season per40 STL 2.0 suggests ~1.6 exp at 32min. Team STL proj 6.86 down from sea 8.07, poss slower vs MI. Proj 1.47<1.5 line, 42% win lik. No injury but past foul trouble/ankle. Role starter certain but scoring focus may limit gambling. Marginal over value.",1.47,interpolated_sim,2026-04-04 07:49 PM CDT,https://kenpom.com/player.php?p=59285
Keaton Wagler,Illinois,Connecticut,37.0,0.95,"[43, 32, 32, 38, 37]","[2.5, 1.8, 1.8, 2.2, 2.1]",G,assists,under,3.8561,4.5,-130,fanatics,0.66,1.161,84,,,caesars 4.5 O +101; U -134 | fanatics 4.5 O +100; U -130 | prophetx 4.5 O -20000; U -20000 | sleeper 4.5 O -112; U -147,"Team REB: 41.07, Team AST: 14.67, Team 3PM: 11.17, Team STL: 3.80, Team BLK: 4.77, Team TO: 9.03",N/A,N/A,"Minutes proj 37 aligns perfectly w/ last5 avg 36.4 & tourney trend; stable role, no injuries/rotation news. Recent AST volatile (8,7,3,3,2 last5 avg4.6) but tourney avg3.75 in low-score games (65-55,71-59,76-55) vs stout defs mirrors 3.86 proj & low team AST12.7. UConn elite D limits dimes; under edge trustworthy despite variance.",3.86,interpolated_sim,2026-04-04 05:09 PM CDT,https://kenpom.com/player.php?p=57911
Yaxel Lendeborg,Michigan,Arizona,34.0,0.95,"[34, 27, 32, 35, 35]","[1.9, 1.5, 1.8, 1.9, 1.9]",C,rebounds,over,8.2535,6.5,-115,fanatics,0.62,1.1602,58,,,caesars 6.5 O -124; U -108 | fanatics 6.5 O -115; U -115 | fanduel 6.5 O -128; U -104 | prophetx 6.5 O -132; U -118 | sleeper 6.5 O -137; U -119,"Team REB: 40.66, Team AST: 19.21, Team 3PM: 9.38, Team STL: 5.97, Team BLK: 5.90, Team TO: 12.03",N/A,N/A,"Minutes stable at 34+ in 4/5 recent, but REB volatile: last5 7,12,6,4,5 (avg6.8, 3/5 under6.5); last10 avg6.2. Lows like 3@38min vs MSU,5@35 vs PUR. AZ #2 natl reb team, top10 off reb; frontcourt clash limits opp. Team REB proj36.6<<season40.7. Ankle sprain recent, may hinder. 8.25 proj high vs trends; fragile edge.",8.25,interpolated_sim,2026-04-04 07:49 PM CDT,https://kenpom.com/player.php?p=55504
Braylon Mullins,Connecticut,UCLA,29.0,0.95,"[33, 34, 32, 27, 37]","[3.3, 3.4, 3.2, 2.7, 3.7]",GF,points_rebounds_assists,under,14.7049,16.5,-128,sleeper,0.65,1.1595,88,,LINE_CHANGED_18.5_TO_16.5:,sleeper 16.5 O -128; U -128,"Team REB: 36.37, Team AST: 18.63, Team 3PM: 8.57, Team STL: 7.00, Team BLK: 5.47, Team TO: 10.87",N/A,Slightly high std dev but consistent recent usage in lineups,"Minutes proj 29 aligns w/ last5 avg 30.2 (26-37), high confidence, starter role firm post-injury. Recent PRA last5:11(Duke),13(MSU),22(UCLA),20(Furman),12(SJU) avg15.6<16.5; 3/5 unders. Tourn avg16.5 but pts low recently (8-17) on poor 3PT shooting pre-hero shot. Reb/ast steady ~3.5/1.4. Low team PTS proj 70 vs 78.7 avg favors under PRA. Volatile output (11-28 range) dings score slightly; no news changes.","9.71,3.69,1.30","interpolated_sim,interpolated_sim,interpolated_sim",2026-04-04 05:09 PM CDT,https://kenpom.com/player.php?p=58096
Tomislav Ivisic,Illinois,Connecticut,27.0,0.95,"[24, 21, 23, 29, 27]","[1.9, 1.6, 1.8, 2.2, 2.1]",C,threes,under,1.2418,1.5,-130,fanatics,0.65,1.1553,88,,,caesars 1.5 O -102; U -132 | fanatics 1.5 O +100; U -130 | prophetx 1.5 O -20000; U -20000 | sleeper 1.5 O -106; U -156,"Team REB: 41.07, Team AST: 14.67, Team 3PM: 11.17, Team STL: 3.80, Team BLK: 4.77, Team TO: 9.03",N/A,N/A,"Minutes stable at ~25min last5 (24-29), proj 27 high conf. Recent 3PM: last5 avg 1.2 (1,1,2,1,1), last10 1.1; season 1.45 but recent lower. Vs UConn prior:1-3. Attempts 4-5/gm, 31% 3P%. Team 3PM proj 8.8<11.2 ssn avg suggests tough env. Proj 1.24 aligns w/recent; under 1.5 reliable, low over risk. No injuries/news.",1.24,interpolated_sim,2026-04-04 05:09 PM CDT,https://kenpom.com/player.php?p=55994
Silas Demary,Connecticut,Illinois,23.0,0.85,"[31, 0, 22, 23, 23]","[2.7, 0, 1.9, 2, 2]",G,assists,under,4.0688,4.5,-115,sleeper,0.62,1.1526,88,,,caesars 3.5 O -225; U +164 | prophetx 4.5 O -20000; U -20000 | sleeper 4.5 O -143; U -115,"Team REB: 36.37, Team AST: 18.63, Team 3PM: 8.57, Team STL: 7.00, Team BLK: 5.47, Team TO: 10.87","Grade 2 high ankle sprain with calf/Achilles issues, consistently played 22-23 min in last 3 tournament games despite limited practice","High recent consistency (22,23,23 min) reduces prior std dev concerns amid ongoing injury management","Minutes proj 23 reliable (22-23 last 3 tourney games despite Grade 2 ankle/calf injury, no practice reps). Recent AST: 4@UCLA(22min),3@MSU(23),2@Duke(23) avg 3.0, declining trend vs season 6apg. Proj 4.07 optimistic amid limited mobility/role shift to scoring (11pts Duke). Low team AST 15.8 vs 18.6 avg. Injury news confirms fragility but stable role; under edge strong, trustworthy.",4.07,interpolated_sim,2026-04-04 05:09 PM CDT,https://kenpom.com/player.php?p=54416
Trey McKenney,Michigan,Arizona,23.0,1.0,"[23, 25, 23, 28, 19]","[1.4, 1.6, 1.4, 1.8, 1.2]",GF,points,under,8.4227,9.5,-121,prophetx,0.63,1.1467,48,,,caesars 9.5 O -107; U -125 | fanatics 9.5 O -105; U -125 | fanduel 9.5 O +102; U -132 | prophetx 9.5 O -109; U -121 | sleeper 8.5 O -143; U -115,"Team REB: 40.66, Team AST: 19.21, Team 3PM: 9.38, Team STL: 5.97, Team BLK: 5.90, Team TO: 12.03",N/A,N/A,"Minutes proj 23 solid vs last5 avg 23.6 (19-28 range), stable role as key bench scorer. But pts proj 8.42 underestimates recent: last5 12,17,8,10,6 (avg10.6, 3/5 over9.5); tourney hot streak 17/12 vs ALA/TENN. Volatile output (5-17 range), fragile in big spots. Lower team PTS proj (79vs89) helps under but momentum risks over vs AZ frontcourt focus. Edge shaky on stale recent trends.",8.42,interpolated_sim,2026-04-04 07:49 PM CDT,https://kenpom.com/player.php?p=58414
Andrej Stojakovic,Illinois,Connecticut,27.0,0.9,"[31, 20, 26, 29, 26]","[1.6, 1, 1.4, 1.5, 1.4]",F,points_rebounds,under,15.388,16.5,-111,fanduel,0.6,1.1465,72,,,fanduel 16.5 O -115; U -111 | prophetx 16.5 O -20408; U -20000,"Team REB: 41.07, Team AST: 14.67, Team 3PM: 11.17, Team STL: 3.80, Team BLK: 4.77, Team TO: 9.03",N/A,N/A,"Minutes proj 27 aligns w/ last5 avg 26.4 & tourney 27/28/26/20; stable role as key bench spark. Recent PRA:22(Iowa),13(HOU),25(VCU),12(Penn); mixed, low vs tough HOU D. Season 13.6pts/4.4reb=18PRA but proj 15.4 fits UConn elite D, low team PTS74. Hot streak fragile.","10.99,4.40","interpolated_sim,interpolated_sim",2026-04-04 05:09 PM CDT,https://kenpom.com/player.php?p=54816
Tarris Reed,Connecticut,UCLA,33.0,0.92,"[30, 27, 23, 29, 35]","[3.3, 3, 2.5, 3.2, 3.8]",C,rebounds,over,11.2178,9.5,-112,fanduel,0.6,1.1419,72,,LINE_CHANGED_11.5_TO_9.5:,caesars 9.5 O -124; U -108 | fanduel 9.5 O -112; U -118 | prophetx 9.5 O -129; U -120 | sleeper 9.5 O -130; U -127,"Team REB: 36.37, Team AST: 18.63, Team 3PM: 8.57, Team STL: 7.00, Team BLK: 5.47, Team TO: 10.87",N/A,Consistent high recent minutes,"Minutes proj 33 solid, last5 avg 31.6MP consistent. Reb last5:9(Duke),5(MSU),13(UCLA),27(Furman outlier),7(StJ) avg12.2 but 8.25 sans outlier in non-blowouts. Season 8.8R/26.9M. Illinois elite reb (#1 height/7th RPG margin), limited to 5R/15M prev (inj). Low team REB proj 35. Fragile prod vs tough matchup lowers trust in 11.2 over 9.5.",11.22,interpolated_sim,2026-04-04 05:09 PM CDT,https://kenpom.com/player.php?p=53353
Ivan Kharchenkov,Arizona,Utah St.,37.0,0.95,"[24, 29, 32, 36, 26]","[1.4, 1.7, 1.8, 2.1, 1.5]",F,threes,over,1.4276,0.5,-179,caesars,0.73,1.137,62,,,caesars 0.5 O -179; U NA | fanatics 0.5 O -190; U +130,"Team REB: 43.23, Team AST: 17.23, Team 3PM: 5.87, Team STL: 8.07, Team BLK: 4.27, Team TO: 11.03",N/A,High and stable recent minutes across nearly all top lineups,"Minutes proj 37 high confidence, last5 stable 36/26/36/35/38, starter locked no injury. But 3PM recent last5: 0/1,1/2,1/3,0/1,0/1 (avg 0.4, 2/5 games 1+). Low vol 1.6 att/g, 33-50% 3pt%. Coach: avoid settling for 3s, slasher role. Team 3PM proj steady but distributed to Burries. Proj 1.43/73% win over 0.5 optimistic vs fragile recent hit rate. Final Four pressure may limit att. Edge reduced.",1.43,interpolated_sim,2026-04-04 07:49 PM CDT,https://kenpom.com/player.php?p=59287
Aday Mara,Michigan,Arizona,20.0,0.9,"[27, 21, 26, 27, 18]","[2.6, 2, 2.5, 2.6, 1.7]",C,rebounds,under,6.1849,7.5,-157,caesars,0.69,1.1303,82,,,caesars 7.5 O +117; U -157 | fanduel 6.5 O -114; U -114 | prophetx 6.5 O -137; U -113 | sleeper 6.5 O -139; U -118,"Team REB: 40.66, Team AST: 19.21, Team 3PM: 9.38, Team STL: 5.97, Team BLK: 5.90, Team TO: 12.03",N/A,N/A,"Minutes proj 20 conservative vs last5 avg 23.8, but foul trouble frequent (4PF last game, 18min/4reb blowout). Tourney reb 5.25/game in 23mpg. Season 6.8rpg<7.5. Shares boards w/Lendeborg (7+ recent). Low team REB proj 36.6 vs 40.7 avg. Ariz bigs may limit opp but raise fouls. Strong under value, minor min risk.",6.18,interpolated_sim,2026-04-04 07:49 PM CDT,https://kenpom.com/player.php?p=55279
David Mirkovic,Illinois,Connecticut,37.0,0.9,"[37, 28, 23, 34, 38]","[2.5, 1.9, 1.6, 2.3, 2.6]",C,points_rebounds_assists,over,27.7391,24.5,-133,sleeper,0.64,1.1271,78,,,sleeper 24.5 O -133; U -123,"Team REB: 41.07, Team AST: 14.67, Team 3PM: 11.17, Team STL: 3.80, Team BLK: 4.77, Team TO: 9.03",N/A,"Variance in recent games (23-38 min), but consistently heavy rotation player","Minutes proj 37 high vs last5 avg 32min (24-38 range, incl recent 24min VCU). PRA avg 28.6 last5 (16-49 variance), but UConn elite D limited him to ~17min/ low output in Nov matchup. Team low PTS proj 74 vs 84 avg hurts. Strong recent role/ production (26@Hou,36@MD), no injury, but matchup/pace risks edge. 64% win lik solid but adversarial downgrade for variance/tough opp.","15.08,9.85,2.81","interpolated_sim,interpolated_sim,interpolated_sim",2026-04-04 05:09 PM CDT,https://kenpom.com/player.php?p=57910
Silas Demary,Connecticut,Illinois,23.0,0.85,"[31, 0, 22, 23, 23]","[2.7, 0, 1.9, 2, 2]",G,points,over,9.1456,7.5,-114,fanduel,0.6,1.1263,48,,,caesars 7.5 O -118; U -113 | fanduel 7.5 O -114; U -114 | prophetx 7.5 O -126; U -124 | sleeper 7.5 O -127; U -130,"Team REB: 36.37, Team AST: 18.63, Team 3PM: 8.57, Team STL: 7.00, Team BLK: 5.47, Team TO: 10.87","Grade 2 high ankle sprain with calf/Achilles issues, consistently played 22-23 min in last 3 tournament games despite limited practice","High recent consistency (22,23,23 min) reduces prior std dev concerns amid ongoing injury management","Minutes stable at 22-23min in tourney despite injury (ankle/calf), matching 23proj. But pts volatile: tourney 2(UCLA),2(MSU),11(Duke); last5 avg6.2. Injury limits scoring (poor shooting early tourney), role shifted to defense/facilitate. 9.1proj stale vs recent; low team PTS(70). Over7.5 hit 1/3 recently. Fragile edge.",9.15,interpolated_sim,2026-04-04 05:09 PM CDT,https://kenpom.com/player.php?p=54416
Jayden Ross,Connecticut,Illinois,22.0,0.95,"[23, 21, 22, 19, 21]","[2.2, 2, 2.1, 1.9, 2]",F,points,over,4.9395,3.5,-122,sleeper,0.62,1.1212,48,,,sleeper 3.5 O -122; U -133,"Team REB: 36.37, Team AST: 18.63, Team 3PM: 8.57, Team STL: 7.00, Team BLK: 5.47, Team TO: 10.87",N/A,N/A,"Minutes stable ~21-22 last5 (19-24), matching 22 proj w/ high conf. Pts volatile: last5 0(Duke21m),1(MSU19m),11(UCLA22m),2(Furman21m),3(StJ24m); avg 3.4, 4/5 under 3.5. Defensive bench role per previews; low scoring Final Four env (team PTS proj 70<78.7 avg). Prior vs IL 5pts/16m. Fragile recent prod despite season 4.6PPG erodes edge.",4.94,interpolated_sim,2026-04-04 05:09 PM CDT,https://kenpom.com/player.php?p=54878
Nimari Burnett,Michigan,Arizona,23.0,0.9,"[28, 26, 24, 17, 27]","[2.1, 2, 1.8, 1.3, 2]",GF,points_rebounds_assists,under,12.7512,13.5,-115,sleeper,0.59,1.0991,65,,,sleeper 13.5 O -143; U -115,"Team REB: 40.66, Team AST: 19.21, Team 3PM: 9.38, Team STL: 5.97, Team BLK: 5.90, Team TO: 12.03",N/A,N/A,"Minutes proj 23 ok vs last5 avg~24 but volatile (14-28 range, recent low 17min). Season PRA 12.3, proj 12.75 reasonable. Recent 5 PRA avg 13.6 w/highs 20/16 in 26+min but lows 8/9 in <20min. Postseason uptick risky for under. No injury, starter role solid. Lower scoring game aids under but unstable mins/fragile PRA trend docks score.","8.29,3.23,1.24","interpolated_sim,interpolated_sim,interpolated_sim",2026-04-04 07:49 PM CDT,https://kenpom.com/player.php?p=50096
Roddy Gayle,Michigan,Arizona,22.0,0.85,"[13, 23, 20, 26, 22]","[1, 1.8, 1.6, 2, 1.7]",F,points,over,7.3268,6.5,104,fanduel,0.54,1.0989,72,,,caesars 6.5 O -106; U -127 | fanatics 6.5 O -105; U -125 | fanduel 6.5 O +104; U -135 | prophetx 6.5 O -108; U -143 | sleeper 6.5 O -112; U -147,"Team REB: 40.66, Team AST: 19.21, Team 3PM: 9.38, Team STL: 5.97, Team BLK: 5.90, Team TO: 12.03",N/A,High std dev (4.35); stepped up post-Cason injury but variable usage,"Minutes proj 22 matches last5 avg(20.8) but variable(12-27min, std4.35); low in losses/blowouts. Recent pts last10:8,16,3,14,2,4,4,15,6,2 avg7.4~proj7.3, but 6/10 under6.5 w/boom(16,15,14)/bust(2-4) games. Season7.1ppg bench role solid post-Cason injury, tournament hot(14,3,16,8 avg10) yet poor3pt%(25%). No injuries. Low team PTS79 vs89 pace/def vsAZ questions edge; unstable prod lowers trust.",7.33,interpolated_sim,2026-04-04 07:49 PM CDT,https://kenpom.com/player.php?p=53359
Alex Karaban,Connecticut,UCLA,37.0,0.95,"[40, 30, 35, 37, 38]","[2.4, 1.8, 2.1, 2.2, 2.3]",F,points,under,12.2326,12.5,-101,prophetx,0.55,1.0971,68,,,caesars 12.5 O -127; U -105 | fanatics 12.5 O -105; U -125 | fanduel 12.5 O -114; U -114 | prophetx 12.5 O -130; U -101 | sleeper 12.5 O -132; U -123,"Team REB: 36.37, Team AST: 18.63, Team 3PM: 8.57, Team STL: 7.00, Team BLK: 5.47, Team TO: 10.87",N/A,N/A,"Minutes ultra-stable at 37+ last 5 (36-38), confidence high, no injuries. Points volatile in NCAA tourney: 22(Furman),27(UCLA),17(MSU),5(Duke poor 2-10FG). Avg 17.75 prior to dud, but low team proj 70pts vs Illinois stout D favors under 12.5. Projection 12.2 reasonable given variance, role key but fragile streak.",12.23,interpolated_sim,2026-04-04 05:09 PM CDT,https://kenpom.com/player.php?p=52265
Silas Demary,Connecticut,Illinois,23.0,0.85,"[31, 0, 22, 23, 23]","[2.7, 0, 1.9, 2, 2]",G,rebounds,under,3.7627,3.5,114,caesars,0.51,1.0954,82,,,caesars 3.5 O -152; U +114 | fanduel 4.5 O +126; U -168 | prophetx 4 O -20408; U -171 | sleeper 3.5 O -179; U +107,"Team REB: 36.37, Team AST: 18.63, Team 3PM: 8.57, Team STL: 7.00, Team BLK: 5.47, Team TO: 10.87","Grade 2 high ankle sprain with calf/Achilles issues, consistently played 22-23 min in last 3 tournament games despite limited practice","High recent consistency (22,23,23 min) reduces prior std dev concerns amid ongoing injury management","Minutes stable at 22-23min last 4 tournament games (UCLA:3reb/22min, MSU:3/23, Duke:5/23) despite Grade 2 ankle/calf injury & no live reps. Avg REB 3.67 recent vs proj 3.76. Guard role (6apg focus), team REB proj 34.9<season 36.4. No role/min changes; under hits 2/3 recent but 5reb risk. Solid edge, minor injury fragility.",3.76,interpolated_sim,2026-04-04 05:09 PM CDT,https://kenpom.com/player.php?p=54416
Jaden Bradley,Arizona,Utah St.,37.0,0.88,"[35, 31, 31, 34, 23]","[2.2, 1.9, 1.9, 2.1, 1.4]",G,threes,over,1.1339,0.5,-140,fanatics,0.64,1.0931,58,,,caesars 0.5 O -143; U NA | fanatics 0.5 O -140; U +105,"Team REB: 43.23, Team AST: 17.23, Team 3PM: 5.87, Team STL: 8.07, Team BLK: 4.27, Team TO: 11.03",N/A,"High recent minutes as core starter in most lineups, past wrist scare resolved","Minutes proj 37 ok but last5 avg 33.4 w/ one 23min blowout; high role certainty as PG starter, wrist resolved. Threes fragile: last5 avg 1.0 3PM (0,1,1,1,2) w/ 0 in Elite8 (39min); season 26/66 .394 low vol ~1.7att/g, 6/10 recent 0s. Mich elite 3ptD (top20 29-30%). Team 3PM stable but distrib risk. Proj 1.13 over 0.5 optimistic vs trends.",1.13,interpolated_sim,2026-04-04 07:49 PM CDT,https://kenpom.com/player.php?p=52396
Eric Reibe,Connecticut,Illinois,5.0,0.82,"[11, 5, 10, 7, 7]","[1.7, 0.8, 1.5, 1.1, 1.1]",C,rebounds,under,1.2679,1.5,-169,sleeper,0.69,1.0925,88,,,sleeper 1.5 O +102; U -169,"Team REB: 36.37, Team AST: 18.63, Team 3PM: 8.57, Team STL: 7.00, Team BLK: 5.47, Team TO: 10.87",N/A,Variable recent minutes (5-16); slight reduction to reallocate bench minutes to returning Stewart given lineup context,"Minutes proj 5.0 conservative vs last5 avg8 (11,5,10,7,7), but recent tournament rebs 0-1 (Duke1,MSU0,UCLA1,Furman0). Prev vs Ill 7reb/22min due to Reed fouls, but Reed now tourney beast (13.5rpg/32min). Reibe faded role; Stewart wing return spares C min. Proj 1.27 reb fits low output. Team REB down. Under trustworthy.",1.27,interpolated_sim,2026-04-04 05:09 PM CDT,https://kenpom.com/player.php?p=58097
Nimari Burnett,Michigan,Arizona,23.0,0.9,"[28, 26, 24, 17, 27]","[2.1, 2, 1.8, 1.3, 2]",GF,threes,under,1.5007,1.5,-113,caesars,0.58,1.091,88,,,caesars 1.5 O -118; U -113 | fanatics 1.5 O -115; U -115 | sleeper 1.5 O -128; U -128,"Team REB: 40.66, Team AST: 19.21, Team 3PM: 9.38, Team STL: 5.97, Team BLK: 5.90, Team TO: 12.03",N/A,N/A,"Minutes proj 23 aligns with last5 avg ~24 (28,26,24,17,27), stable role as starter/spacer. Recent 3PM: last5 avg1.8 (1,0,3,3,2), last2 0.5 (vs ALA,TENN), supports under1.5 at 38% on 4PA. Arizona strong D may limit shots. Variable but no injuries/news threaten; team 3PM proj down. Edge trustworthy.",1.50,interpolated_sim,2026-04-04 07:49 PM CDT,https://kenpom.com/player.php?p=50096
Tarris Reed,Connecticut,UCLA,33.0,0.92,"[30, 27, 23, 29, 35]","[3.3, 3, 2.5, 3.2, 3.8]",C,points_rebounds,over,27.0055,24.5,-125,fanduel,0.61,1.0893,75,,LINE_CHANGED_26.5_TO_24.5:,fanduel 24.5 O -125; U -102 | prophetx 24.5 O -20408; U -20408,"Team REB: 36.37, Team AST: 18.63, Team 3PM: 8.57, Team STL: 7.00, Team BLK: 5.47, Team TO: 10.87",N/A,Consistent high recent minutes,"Minutes stable at 29-35 last 5. Recent P+R: 35(Duke),25(MSU),23(UCLA),58(Furman),24(SJU); avg 29>24.5 but variable. Foul risk high (4PF MSU). Illinois #1 height, strong boards; low team PTS/REB proj hurts overs. Tough matchup limits edge vs hot streak.","15.79,11.22","interpolated_sim,interpolated_sim",2026-04-04 05:09 PM CDT,https://kenpom.com/player.php?p=53353
Elliot Cadeau,Michigan,Arizona,35.0,0.85,"[38, 26, 37, 34, 34]","[2.9, 2, 2.9, 2.6, 2.6]",G,rebounds,over,3.5165,2.5,-133,sleeper,0.62,1.089,68,,,sleeper 2.5 O -133; U -123,"Team REB: 40.66, Team AST: 19.21, Team 3PM: 9.38, Team STL: 5.97, Team BLK: 5.90, Team TO: 12.03","Possible allergic reaction pre-Final Four travel; evaluated and cleared, plans to play",High std dev (4.21); recent health issue but confirmed available for game,"Minutes proj 35 reliable (last5 avg33.8, std4.2; starter w/ injured backup). Reb last5:1,2,4,5,3 (avg3.0, 3/5 over2.5) up from season2.6 but volatile for PG. Tournament trend solid but 2 unders in low-reb games. Allergic rxn cleared, no role change. Team REB proj36.6<<season40.7 vs AZ reb elite; fragile edge in tough env.",3.52,interpolated_sim,2026-04-04 07:49 PM CDT,https://kenpom.com/player.php?p=55027
Alex Karaban,Connecticut,UCLA,37.0,0.95,"[40, 30, 35, 37, 38]","[2.4, 1.8, 2.1, 2.2, 2.3]",F,rebounds,over,5.8654,4.5,-136,fanduel,0.62,1.0839,52,,LINE_CHANGED_5.5_TO_4.5:,caesars 4.5 O -145; U +110 | fanatics 4.5 O -145; U +110 | fanduel 4.5 O -136; U +102 | prophetx 4.5 O -153; U -101 | sleeper 4.5 O -156; U -105,"Team REB: 36.37, Team AST: 18.63, Team 3PM: 8.57, Team STL: 7.00, Team BLK: 5.47, Team TO: 10.87",N/A,N/A,"Minutes stable at 36-40 last 10, no injury/role issues. Rebs volatile: last 5 (Duke3,MSU7,UCLA5,Furman3,StJ5) avg4.6, 3/5 over4.5; tourney avg4.5. Season~5 but proj5.9 high vs recent. Illinois strong reb def (+10 margin), limits UConn team REB to34.9<36.4avg. Fragile for over, edge untrustworthy.",5.87,interpolated_sim,2026-04-04 05:09 PM CDT,https://kenpom.com/player.php?p=52265
Tobe Awaka,Arizona,Utah St.,17.0,0.9,"[20, 20, 27, 14, 18]","[2.6, 2.6, 3.5, 1.8, 2.3]",FC,points,under,7.1353,7.5,-114,fanduel,0.58,1.083,85,,LINE_CHANGED_8.5_TO_7.5:,caesars 7.5 O -110; U -121 | fanatics 7.5 O -105; U -125 | fanduel 7.5 O -114; U -114 | prophetx 7.5 O -122; U -127 | sleeper 7.5 O -128; U -128,"Team REB: 43.23, Team AST: 17.23, Team 3PM: 5.87, Team STL: 8.07, Team BLK: 4.27, Team TO: 11.03",N/A,Variable recent minutes but frequent in lineups spelling frontcourt,"Minutes proj 17 aligns w/ last5 avg16 (11-24), but volatile w/ foul trouble (4PF vs Purdue/Houston). PTS last5:4,14,4,11,2 avg7.0=proj7.13. High min games yield 11-14pts, low min<5. Michigan physical frontcourt limits OREB/putbacks. Lower team REB/PTS proj supports under. Edge trustworthy despite volatility.",7.14,interpolated_sim,2026-04-04 07:49 PM CDT,https://kenpom.com/player.php?p=53032
Yaxel Lendeborg,Michigan,Arizona,34.0,0.95,"[34, 27, 32, 35, 35]","[1.9, 1.5, 1.8, 1.9, 1.9]",C,threes,under,1.7749,1.5,121,caesars,0.49,1.0784,28,,,caesars 1.5 O -162; U +121 | fanatics 1.5 O -165; U +120 | prophetx 1.5 O -20000; U -20000 | sleeper 1.5 O -185; U +109,"Team REB: 40.66, Team AST: 19.21, Team 3PM: 9.38, Team STL: 5.97, Team BLK: 5.90, Team TO: 12.03",N/A,N/A,"Minutes proj 34 stable (last5:34/27/32/35/35). No injury issues post-ankle sprain. Recent 3PM: 4/7(Purdue),3/5(SLU),4/5(ALA),3/9(Tenn)-avg 3.3 on 5-9 att. Hot streak 32/62(52%) last13, up from early slump. Star role, POY, high vol. Team 3PM proj down but his share high. Under 1.5 fragile vs form; proj stale.",1.77,interpolated_sim,2026-04-04 07:49 PM CDT,https://kenpom.com/player.php?p=55504
Alex Karaban,Connecticut,UCLA,37.0,0.95,"[40, 30, 35, 37, 38]","[2.4, 1.8, 2.1, 2.2, 2.3]",F,threes,under,1.8368,1.5,130,fanatics,0.47,1.0774,68,,LINE_CHANGED_2.5_TO_1.5:,caesars 2.5 O +159; U -218 | fanatics 1.5 O -190; U +130 | prophetx 1.5 O -20408; U -194 | sleeper 1.5 O -185; U +109,"Team REB: 36.37, Team AST: 18.63, Team 3PM: 8.57, Team STL: 7.00, Team BLK: 5.47, Team TO: 10.87",N/A,N/A,"Minutes proj 37 stable, last5 36-38 consistent, no injury/role issues. Recent 3PM: Duke1-6, MSU3-8, UCLA4-8, Fur4-9, SJU1-5 (avg2.6, vol high). Hot streak cooled vs Duke. Illinois opp3P%~31% strong D; team3PM7.7<8.57. Proj1.84 reasonable vs volatile role/usage. Under viable but fragile production lowers trust.",1.84,interpolated_sim,2026-04-04 05:09 PM CDT,https://kenpom.com/player.php?p=52265
Tomislav Ivisic,Illinois,Connecticut,27.0,0.95,"[24, 21, 23, 29, 27]","[1.9, 1.6, 1.8, 2.2, 2.1]",C,points,under,9.1204,9.5,-113,caesars,0.57,1.0758,68,,,caesars 9.5 O -120; U -113 | fanatics 9.5 O -115; U -115 | fanduel 9.5 O -114; U -114 | prophetx 9.5 O -123; U -127 | sleeper 9.5 O -128; U -128,"Team REB: 41.07, Team AST: 14.67, Team 3PM: 11.17, Team STL: 3.80, Team BLK: 4.77, Team TO: 9.03",N/A,N/A,"Minutes proj 27 aligns w/ last5 avg 24.6 & tourn 24.8, stable role as starter C, no injuries. Recent pts:13(Iowa),9(HOU),14(VCU),12(Penn),9(Wis) avg11.4; tourn12.0. Vs UConn earlier11pts. Volatile(2/5 under9.5), foul risk(fouled out last). Low team total74 favors under but recent hot streak/hot vs physical foes makes edge fragile. 57% winprob reasonable but adversarial recent overs lower trust.",9.12,interpolated_sim,2026-04-04 05:09 PM CDT,https://kenpom.com/player.php?p=55994
Solo Ball,Connecticut,UCLA,28.0,0.92,"[24, 25, 17, 29, 25]","[1.5, 1.6, 1.1, 1.8, 1.6]",GF,rebounds,over,3.2642,2.5,-112,sleeper,0.56,1.068,42,,,sleeper 2.5 O -112; U -147,"Team REB: 36.37, Team AST: 18.63, Team 3PM: 8.57, Team STL: 7.00, Team BLK: 5.47, Team TO: 10.87","Nagging wrist injury, managed with strong recent tournament play","High recent minutes (30, 32) in Sweet 16/Elite 8; reports confirm wrist improving and key role as starter (25-30+ MPG)","Adversarial review disproves: Last 5 games REB 2,0,2,5,3 (avg 2.4<2.5 line), incl 0 in 32min Sweet16 & 2 in 30min Elite8 despite high mins. 13min tournament game (UCLA) signals volatility, possibly foul trouble. Recent shooting slump (2-18 3s) & wrist history may limit aggression. Team REB proj 34.9<season 36.4, slower PTS 70 pace vs Illini rematch cuts opps. Fragile form undermines 3.26 proj.",3.26,interpolated_sim,2026-04-04 05:09 PM CDT,https://kenpom.com/player.php?p=54875
Kylan Boswell,Illinois,Connecticut,29.0,0.9,"[17, 27, 34, 30, 27]","[1.1, 1.8, 2.3, 2, 1.8]",G,points_rebounds_assists,over,16.9299,15.5,-115,sleeper,0.57,1.0654,58,,,sleeper 15.5 O -115; U -143,"Team REB: 41.07, Team AST: 14.67, Team 3PM: 11.17, Team STL: 3.80, Team BLK: 4.77, Team TO: 9.03",N/A,Recovered from February broken hand; full minutes recently,"Minutes stable at ~28-30 recently (26-34 tournament), but 17min outlier earlier due to fouls. Recent PRA: 6 (Iowa),12 (Hou),19 (VCU),17 (Penn); avg ~13.5, volatile pts (0FG last 2gms). Tough UConn D limits scoring; proj 16.9 optimistic vs low team tot 74. Role key, recovered, prior 37PRA vs UConn but early szn. Fragile edge.","10.79,3.65,2.50","interpolated_sim,interpolated_sim,interpolated_sim",2026-04-04 05:09 PM CDT,https://kenpom.com/player.php?p=53510
Morez Johnson,Michigan,Arizona,24.0,1.0,"[24, 26, 27, 24, 23]","[2.2, 2.3, 2.4, 2.2, 2.1]",C,points,under,11.1821,11.5,-109,caesars,0.55,1.0625,68,,,caesars 11.5 O -122; U -109 | fanduel 11.5 O -114; U -114 | prophetx 11.5 O -128; U -121 | sleeper 11.5 O -130; U -125,"Team REB: 40.66, Team AST: 19.21, Team 3PM: 9.38, Team STL: 5.97, Team BLK: 5.90, Team TO: 12.03",N/A,N/A,"Minutes proj 24 stable (last5:23-27). Recent pts last5:12(Tenn),7(Ala),15(SLU),21(How),8(Pur) avg12.6>11.18 proj but volatile(7-21). Poor shooting vs Ala(3-10). Season13.2PPG efficient62%FG. No injuries, starter role firm. Vs AZ: foul risk noted in previews(4PF Tenn), tough frontcourt matchup, team PTS proj79<season89. Edge ok but fragile recent prod lowers trust.",11.18,interpolated_sim,2026-04-04 07:49 PM CDT,https://kenpom.com/player.php?p=56077
Jake Davis,Illinois,Connecticut,14.0,0.9,"[28, 17, 14, 13, 14]","[1.9, 1.1, 0.9, 0.9, 0.9]",GF,points,under,3.1355,3.5,-135,fanduel,0.61,1.0624,82,,,caesars 3.5 O +108; U -143 | fanatics 3.5 O +110; U -145 | fanduel 3.5 O +104; U -135,"Team REB: 41.07, Team AST: 14.67, Team 3PM: 11.17, Team STL: 3.80, Team BLK: 4.77, Team TO: 9.03",N/A,"Season-long starter (17 straight, ~20 min avg), top KenPom lineup (20%), coach Underwood praises as leader/shooter with expanded role vs early-season (9 min vs UConn); recent tourney 13-17 aligns closer to 17 post-adjust","Minutes proj 14 aligns w/ recent tourney avg ~14 (13-17 last 4), down from BTT 28. PTS avg 3.0 last 5 (1,5,3,0,6), under 3.5 in 3/5; 4/10 3PT. Starter role stable, but low usage in tight tourney games. Slower proj (74 PTS) vs UConn D favors under. Boswell back, no role expansion. Edge holds despite min variance.",3.14,interpolated_sim,2026-04-04 05:09 PM CDT,https://kenpom.com/player.php?p=54592
Jaden Bradley,Arizona,Utah St.,37.0,0.88,"[35, 31, 31, 34, 23]","[2.2, 1.9, 1.9, 2.1, 1.4]",G,points,over,14.6387,13.5,-108,fanduel,0.55,1.0547,68,,LINE_CHANGED_12.5_TO_13.5:,caesars 13.5 O -118; U -113 | fanatics 13.5 O -125; U -105 | fanduel 13.5 O -108; U -120 | prophetx 13.5 O -121; U -107 | sleeper 13.5 O -128; U -128,"Team REB: 43.23, Team AST: 17.23, Team 3PM: 5.87, Team STL: 8.07, Team BLK: 4.27, Team TO: 11.03",N/A,"High recent minutes as core starter in most lineups, past wrist scare resolved","Minutes proj 37 optimistic vs last5 avg 33.8min (39,33,39,23,35) w/ variance & 23min/7pt low. Pts last5:14,14,18,7,13 avg13.2ppg. Recent high-min games ~14pts support 14.6proj but foul trouble risk (3fouls x2 recent), wrist history, vs #1 Mich def in low-team-PTS78 game erodes edge. Role stable but production fragile.",14.64,interpolated_sim,2026-04-04 07:49 PM CDT,https://kenpom.com/player.php?p=52396
Silas Demary,Connecticut,Illinois,23.0,0.85,"[31, 0, 22, 23, 23]","[2.7, 0, 1.9, 2, 2]",G,points_rebounds,over,12.9083,11.5,-122,fanduel,0.58,1.0468,N/A,,,fanduel 11.5 O -122; U -104,"Team REB: 36.37, Team AST: 18.63, Team 3PM: 8.57, Team STL: 7.00, Team BLK: 5.47, Team TO: 10.87","Grade 2 high ankle sprain with calf/Achilles issues, consistently played 22-23 min in last 3 tournament games despite limited practice","High recent consistency (22,23,23 min) reduces prior std dev concerns amid ongoing injury management",N/A,"9.15,3.76","interpolated_sim,interpolated_sim",2026-04-04 05:09 PM CDT,https://kenpom.com/player.php?p=54416
Keaton Wagler,Illinois,Connecticut,37.0,0.95,"[43, 32, 32, 38, 37]","[2.5, 1.8, 1.8, 2.2, 2.1]",G,threes,under,2.2387,2.5,-145,fanatics,0.62,1.0445,N/A,,,caesars 2.5 O +108; U -150 | fanatics 2.5 O +110; U -145 | prophetx 2.5 O -20408; U -20408 | sleeper 2.5 O +103; U -172,"Team REB: 41.07, Team AST: 14.67, Team 3PM: 11.17, Team STL: 3.80, Team BLK: 4.77, Team TO: 9.03",N/A,N/A,N/A,2.24,interpolated_sim,2026-04-04 05:09 PM CDT,https://kenpom.com/player.php?p=57911
Morez Johnson,Michigan,Arizona,24.0,1.0,"[24, 26, 27, 24, 23]","[2.2, 2.3, 2.4, 2.2, 2.1]",C,points_rebounds_assists,under,19.5987,20.5,-127,sleeper,0.58,1.0368,N/A,,,sleeper 20.5 O -130; U -127,"Team REB: 40.66, Team AST: 19.21, Team 3PM: 9.38, Team STL: 5.97, Team BLK: 5.90, Team TO: 12.03",N/A,N/A,N/A,"11.18,7.43,0.98","interpolated_sim,interpolated_sim,poisson_fallback",2026-04-04 07:49 PM CDT,https://kenpom.com/player.php?p=56077
Elliot Cadeau,Michigan,Arizona,35.0,0.85,"[38, 26, 37, 34, 34]","[2.9, 2, 2.9, 2.6, 2.6]",G,threes,over,2.3388,1.5,-170,caesars,0.65,1.0328,N/A,,,caesars 1.5 O -170; U +124 | fanatics 1.5 O -175; U +125 | sleeper 1.5 O -189; U +112,"Team REB: 40.66, Team AST: 19.21, Team 3PM: 9.38, Team STL: 5.97, Team BLK: 5.90, Team TO: 12.03","Possible allergic reaction pre-Final Four travel; evaluated and cleared, plans to play",High std dev (4.21); recent health issue but confirmed available for game,N/A,2.34,interpolated_sim,2026-04-04 07:49 PM CDT,https://kenpom.com/player.php?p=55027
Tomislav Ivisic,Illinois,Connecticut,27.0,0.95,"[24, 21, 23, 29, 27]","[1.9, 1.6, 1.8, 2.2, 2.1]",C,rebounds,over,5.7813,4.5,-136,fanduel,0.59,1.03,N/A,,,caesars 4.5 O -145; U +109 | fanatics 4.5 O -145; U +110 | fanduel 4.5 O -136; U +102 | prophetx 4.5 O -153; U +129 | sleeper 4.5 O -156; U -106,"Team REB: 41.07, Team AST: 14.67, Team 3PM: 11.17, Team STL: 3.80, Team BLK: 4.77, Team TO: 9.03",N/A,N/A,N/A,5.78,interpolated_sim,2026-04-04 05:09 PM CDT,https://kenpom.com/player.php?p=55994
Roddy Gayle,Michigan,Arizona,22.0,0.85,"[13, 23, 20, 26, 22]","[1, 1.8, 1.6, 2, 1.7]",F,points_rebounds_assists,over,12.2151,10.5,-143,sleeper,0.6,1.027,N/A,,,sleeper 10.5 O -143; U -115,"Team REB: 40.66, Team AST: 19.21, Team 3PM: 9.38, Team STL: 5.97, Team BLK: 5.90, Team TO: 12.03",N/A,High std dev (4.35); stepped up post-Cason injury but variable usage,N/A,"7.33,3.66,1.22","interpolated_sim,interpolated_sim,interpolated_sim",2026-04-04 07:49 PM CDT,https://kenpom.com/player.php?p=53359
Tobe Awaka,Arizona,Utah St.,17.0,0.9,"[20, 20, 27, 14, 18]","[2.6, 2.6, 3.5, 1.8, 2.3]",FC,rebounds,over,6.9483,6.5,105,fanatics,0.5,1.0215,N/A,,LINE_CHANGED_8.5_TO_6.5:,fanatics 6.5 O +105; U -140 | sleeper 6.5 O -123; U -133,"Team REB: 43.23, Team AST: 17.23, Team 3PM: 5.87, Team STL: 8.07, Team BLK: 4.27, Team TO: 11.03",N/A,Variable recent minutes but frequent in lineups spelling frontcourt,N/A,6.95,interpolated_sim,2026-04-04 07:49 PM CDT,https://kenpom.com/player.php?p=53032
Keaton Wagler,Illinois,Connecticut,37.0,0.95,"[43, 32, 32, 38, 37]","[2.5, 1.8, 1.8, 2.2, 2.1]",G,points_rebounds,over,22.9991,21.5,-122,fanduel,0.56,1.021,N/A,,,fanduel 21.5 O -122; U -104,"Team REB: 41.07, Team AST: 14.67, Team 3PM: 11.17, Team STL: 3.80, Team BLK: 4.77, Team TO: 9.03",N/A,N/A,N/A,"17.66,5.34","interpolated_sim,interpolated_sim",2026-04-04 05:09 PM CDT,https://kenpom.com/player.php?p=57911
Elliot Cadeau,Michigan,Arizona,35.0,0.85,"[38, 26, 37, 34, 34]","[2.9, 2, 2.9, 2.6, 2.6]",G,assists,under,6.3983,6.5,-115,fanatics,0.55,1.0208,N/A,,,caesars 6.5 O -111; U -121 | fanatics 6.5 O -115; U -115 | sleeper 6.5 O +101; U -169,"Team REB: 40.66, Team AST: 19.21, Team 3PM: 9.38, Team STL: 5.97, Team BLK: 5.90, Team TO: 12.03","Possible allergic reaction pre-Final Four travel; evaluated and cleared, plans to play",High std dev (4.21); recent health issue but confirmed available for game,N/A,6.40,interpolated_sim,2026-04-04 07:49 PM CDT,https://kenpom.com/player.php?p=55027
Nimari Burnett,Michigan,Arizona,23.0,0.9,"[28, 26, 24, 17, 27]","[2.1, 2, 1.8, 1.3, 2]",GF,points,over,8.285,7.5,-108,fanduel,0.53,1.0202,N/A,,,caesars 8.5 O +101; U -136 | fanatics 7.5 O -140; U +105 | fanduel 7.5 O -108; U -120 | prophetx 7.5 O -130; U -120 | sleeper 7.5 O -128; U -128,"Team REB: 40.66, Team AST: 19.21, Team 3PM: 9.38, Team STL: 5.97, Team BLK: 5.90, Team TO: 12.03",N/A,N/A,N/A,8.29,interpolated_sim,2026-04-04 07:49 PM CDT,https://kenpom.com/player.php?p=50096
Yaxel Lendeborg,Michigan,Arizona,34.0,0.95,"[34, 27, 32, 35, 35]","[1.9, 1.5, 1.8, 1.9, 1.9]",C,points_rebounds,over,24.6487,23.5,-111,fanduel,0.54,1.0177,N/A,,,fanduel 23.5 O -111; U -115,"Team REB: 40.66, Team AST: 19.21, Team 3PM: 9.38, Team STL: 5.97, Team BLK: 5.90, Team TO: 12.03",N/A,N/A,N/A,"16.40,8.25","interpolated_sim,interpolated_sim",2026-04-04 07:49 PM CDT,https://kenpom.com/player.php?p=55504
Ivan Kharchenkov,Arizona,Utah St.,37.0,0.95,"[24, 29, 32, 36, 26]","[1.4, 1.7, 1.8, 2.1, 1.5]",F,points_rebounds,over,17.0319,15.5,-128,fanduel,0.57,1.0144,N/A,,,fanduel 15.5 O -128; U +100 | prophetx 15.5 O NA; U -20408,"Team REB: 43.23, Team AST: 17.23, Team 3PM: 5.87, Team STL: 8.07, Team BLK: 4.27, Team TO: 11.03",N/A,High and stable recent minutes across nearly all top lineups,N/A,"11.86,5.17","interpolated_sim,interpolated_sim",2026-04-04 07:49 PM CDT,https://kenpom.com/player.php?p=59287
David Mirkovic,Illinois,Connecticut,37.0,0.9,"[37, 28, 23, 34, 38]","[2.5, 1.9, 1.6, 2.3, 2.6]",C,rebounds,over,9.849,8.5,-130,fanatics,0.57,1.0137,N/A,,,caesars 8.5 O -137; U +103 | fanatics 8.5 O -130; U +100 | fanduel 8.5 O -136; U +102 | prophetx 8.5 O -145; U -108 | sleeper 8.5 O -154; U -108,"Team REB: 41.07, Team AST: 14.67, Team 3PM: 11.17, Team STL: 3.80, Team BLK: 4.77, Team TO: 9.03",N/A,"Variance in recent games (23-38 min), but consistently heavy rotation player",N/A,9.85,interpolated_sim,2026-04-04 05:09 PM CDT,https://kenpom.com/player.php?p=57910
Morez Johnson,Michigan,Arizona,24.0,1.0,"[24, 26, 27, 24, 23]","[2.2, 2.3, 2.4, 2.2, 2.1]",C,points_rebounds,under,18.6162,18.5,-106,fanduel,0.52,1.012,N/A,,,fanduel 18.5 O -120; U -106,"Team REB: 40.66, Team AST: 19.21, Team 3PM: 9.38, Team STL: 5.97, Team BLK: 5.90, Team TO: 12.03",N/A,N/A,N/A,"11.18,7.43","interpolated_sim,interpolated_sim",2026-04-04 07:49 PM CDT,https://kenpom.com/player.php?p=56077
Yaxel Lendeborg,Michigan,Arizona,34.0,0.95,"[34, 27, 32, 35, 35]","[1.9, 1.5, 1.8, 1.9, 1.9]",C,points,under,16.3951,16.5,-113,caesars,0.53,1.0084,N/A,,,caesars 16.5 O -118; U -113 | fanatics 16.5 O -115; U -115 | fanduel 16.5 O -114; U -114 | prophetx 16.5 O -126; U -124 | sleeper 16.5 O -133; U -123,"Team REB: 40.66, Team AST: 19.21, Team 3PM: 9.38, Team STL: 5.97, Team BLK: 5.90, Team TO: 12.03",N/A,N/A,N/A,16.40,interpolated_sim,2026-04-04 07:49 PM CDT,https://kenpom.com/player.php?p=55504
Keaton Wagler,Illinois,Connecticut,37.0,0.95,"[43, 32, 32, 38, 37]","[2.5, 1.8, 1.8, 2.2, 2.1]",G,rebounds,over,5.3367,4.5,-136,fanduel,0.58,0.9999,N/A,,,caesars 4.5 O -148; U +111 | fanatics 4.5 O -150; U +115 | fanduel 4.5 O -136; U +102 | prophetx 4.5 O -159; U +102 | sleeper 4.5 O -159; U -104,"Team REB: 41.07, Team AST: 14.67, Team 3PM: 11.17, Team STL: 3.80, Team BLK: 4.77, Team TO: 9.03",N/A,N/A,N/A,5.34,interpolated_sim,2026-04-04 05:09 PM CDT,https://kenpom.com/player.php?p=57911
Kylan Boswell,Illinois,Connecticut,29.0,0.9,"[17, 27, 34, 30, 27]","[1.1, 1.8, 2.3, 2, 1.8]",G,assists,under,2.4959,2.5,-128,sleeper,0.56,0.9934,N/A,,,sleeper 2.5 O -128; U -128,"Team REB: 41.07, Team AST: 14.67, Team 3PM: 11.17, Team STL: 3.80, Team BLK: 4.77, Team TO: 9.03",N/A,Recovered from February broken hand; full minutes recently,N/A,2.50,interpolated_sim,2026-04-04 05:09 PM CDT,https://kenpom.com/player.php?p=53510
Andrej Stojakovic,Illinois,Connecticut,27.0,0.9,"[31, 20, 26, 29, 26]","[1.6, 1, 1.4, 1.5, 1.4]",F,rebounds,under,4.3987,4.5,-137,caesars,0.57,0.9929,N/A,,,caesars 4.5 O +104; U -137 | fanatics 4.5 O +105; U -140 | fanduel 4.5 O +108; U -144 | prophetx 4.5 O -100; U -157 | sleeper 4.5 O -104; U -159,"Team REB: 41.07, Team AST: 14.67, Team 3PM: 11.17, Team STL: 3.80, Team BLK: 4.77, Team TO: 9.03",N/A,N/A,N/A,4.40,interpolated_sim,2026-04-04 05:09 PM CDT,https://kenpom.com/player.php?p=54816
Tarris Reed,Connecticut,UCLA,33.0,0.92,"[30, 27, 23, 29, 35]","[3.3, 3, 2.5, 3.2, 3.8]",C,points,under,15.7877,15.5,-107,prophetx,0.51,0.9872,N/A,,,caesars 15.5 O -113; U -118 | fanduel 15.5 O -106; U -122 | prophetx 15.5 O -118; U -107 | sleeper 15.5 O -123; U -133,"Team REB: 36.37, Team AST: 18.63, Team 3PM: 8.57, Team STL: 7.00, Team BLK: 5.47, Team TO: 10.87",N/A,Consistent high recent minutes,N/A,15.79,interpolated_sim,2026-04-04 05:09 PM CDT,https://kenpom.com/player.php?p=53353
Yaxel Lendeborg,Michigan,Arizona,34.0,0.95,"[34, 27, 32, 35, 35]","[1.9, 1.5, 1.8, 1.9, 1.9]",C,assists,under,3.1229,3.5,-173,caesars,0.62,0.9819,N/A,,,caesars 3.5 O +128; U -173 | fanatics 2.5 O -175; U +125 | prophetx 3.5 O -20408; U -20408 | sleeper 2.5 O -185; U +110,"Team REB: 40.66, Team AST: 19.21, Team 3PM: 9.38, Team STL: 5.97, Team BLK: 5.90, Team TO: 12.03",N/A,N/A,N/A,3.12,interpolated_sim,2026-04-04 07:49 PM CDT,https://kenpom.com/player.php?p=55504
Zvonimir Ivisic,Illinois,Connecticut,12.0,0.85,"[21, 21, 17, 12, 12]","[1.5, 1.5, 1.2, 0.9, 0.9]",C,points,over,3.4921,2.5,-133,sleeper,0.56,0.9792,N/A,,,sleeper 2.5 O -133; U -122,"Team REB: 41.07, Team AST: 14.67, Team 3PM: 11.17, Team STL: 3.80, Team BLK: 4.77, Team TO: 9.03",N/A,Decline to 12 min in last two games after 17-23 earlier,N/A,3.49,interpolated_sim,2026-04-04 05:09 PM CDT,https://kenpom.com/player.php?p=55760
Solo Ball,Connecticut,UCLA,28.0,0.92,"[24, 25, 17, 29, 25]","[1.5, 1.6, 1.1, 1.8, 1.6]",GF,points_rebounds_assists,over,14.7053,13.5,-132,sleeper,0.56,0.9781,N/A,,LINE_CHANGED_16.5_TO_13.5:,sleeper 13.5 O -132; U -125,"Team REB: 36.37, Team AST: 18.63, Team 3PM: 8.57, Team STL: 7.00, Team BLK: 5.47, Team TO: 10.87","Nagging wrist injury, managed with strong recent tournament play","High recent minutes (30, 32) in Sweet 16/Elite 8; reports confirm wrist improving and key role as starter (25-30+ MPG)",N/A,"10.15,3.26,1.29","interpolated_sim,interpolated_sim,interpolated_sim",2026-04-04 05:09 PM CDT,https://kenpom.com/player.php?p=54875
Koa Peat,Arizona,Utah St.,34.0,0.92,"[35, 29, 26, 27, 28]","[2.8, 2.3, 2.1, 2.2, 2.2]",FC,rebounds,over,6.3306,5.5,-125,caesars,0.54,0.9765,N/A,,,caesars 5.5 O -125; U -106 | fanduel 5.5 O -132; U +100 | prophetx 5.5 O -143; U -109 | sleeper 5.5 O -145; U -114,"Team REB: 43.23, Team AST: 17.23, Team 3PM: 5.87, Team STL: 8.07, Team BLK: 4.27, Team TO: 11.03",N/A,N/A,N/A,6.33,interpolated_sim,2026-04-04 07:49 PM CDT,https://kenpom.com/player.php?p=59288
Kylan Boswell,Illinois,Connecticut,29.0,0.9,"[17, 27, 34, 30, 27]","[1.1, 1.8, 2.3, 2, 1.8]",G,rebounds,under,3.6489,3.5,-120,fanatics,0.53,0.9761,N/A,,,fanatics 3.5 O -110; U -120 | sleeper 3.5 O -128; U -128,"Team REB: 41.07, Team AST: 14.67, Team 3PM: 11.17, Team STL: 3.80, Team BLK: 4.77, Team TO: 9.03",N/A,Recovered from February broken hand; full minutes recently,N/A,3.65,interpolated_sim,2026-04-04 05:09 PM CDT,https://kenpom.com/player.php?p=53510
Alex Karaban,Connecticut,UCLA,37.0,0.95,"[40, 30, 35, 37, 38]","[2.4, 1.8, 2.1, 2.2, 2.3]",F,points_rebounds_assists,under,20.1571,20.5,-128,sleeper,0.55,0.9739,N/A,,LINE_CHANGED_21.5_TO_20.5:,sleeper 20.5 O -128; U -128,"Team REB: 36.37, Team AST: 18.63, Team 3PM: 8.57, Team STL: 7.00, Team BLK: 5.47, Team TO: 10.87",N/A,N/A,N/A,"12.23,5.87,2.06","interpolated_sim,interpolated_sim,interpolated_sim",2026-04-04 05:09 PM CDT,https://kenpom.com/player.php?p=52265
Keaton Wagler,Illinois,Connecticut,37.0,0.95,"[43, 32, 32, 38, 37]","[2.5, 1.8, 1.8, 2.2, 2.1]",G,points,over,17.6624,17.5,100,fanduel,0.48,0.9697,N/A,,,caesars 17.5 O -109; U -122 | fanatics 17.5 O -110; U -120 | fanduel 17.5 O +100; U -130 | prophetx 17.5 O -113; U -139 | sleeper 17.5 O -115; U -143,"Team REB: 41.07, Team AST: 14.67, Team 3PM: 11.17, Team STL: 3.80, Team BLK: 4.77, Team TO: 9.03",N/A,N/A,N/A,17.66,interpolated_sim,2026-04-04 05:09 PM CDT,https://kenpom.com/player.php?p=57911
Jaden Bradley,Arizona,Utah St.,37.0,0.88,"[35, 31, 31, 34, 23]","[2.2, 1.9, 1.9, 2.1, 1.4]",G,points_rebounds_assists,over,22.792,21.5,-133,sleeper,0.55,0.9684,N/A,,LINE_CHANGED_22.5_TO_21.5:,sleeper 21.5 O -133; U -123,"Team REB: 43.23, Team AST: 17.23, Team 3PM: 5.87, Team STL: 8.07, Team BLK: 4.27, Team TO: 11.03",N/A,"High recent minutes as core starter in most lineups, past wrist scare resolved",N/A,"14.64,3.76,4.40","interpolated_sim,interpolated_sim,interpolated_sim",2026-04-04 07:49 PM CDT,https://kenpom.com/player.php?p=52396
David Mirkovic,Illinois,Connecticut,37.0,0.9,"[37, 28, 23, 34, 38]","[2.5, 1.9, 1.6, 2.3, 2.6]",C,threes,over,1.6625,1.5,100,fanatics,0.48,0.9654,N/A,,,caesars 1.5 O -103; U -130 | fanatics 1.5 O +100; U -130 | sleeper 1.5 O -119; U -137,"Team REB: 41.07, Team AST: 14.67, Team 3PM: 11.17, Team STL: 3.80, Team BLK: 4.77, Team TO: 9.03",N/A,"Variance in recent games (23-38 min), but consistently heavy rotation player",N/A,1.66,interpolated_sim,2026-04-04 05:09 PM CDT,https://kenpom.com/player.php?p=57910
Trey McKenney,Michigan,Arizona,23.0,1.0,"[23, 25, 23, 28, 19]","[1.4, 1.6, 1.4, 1.8, 1.2]",GF,points_rebounds_assists,under,12.0513,12.5,-143,sleeper,0.57,0.9635,N/A,,,sleeper 12.5 O -115; U -143,"Team REB: 40.66, Team AST: 19.21, Team 3PM: 9.38, Team STL: 5.97, Team BLK: 5.90, Team TO: 12.03",N/A,N/A,N/A,"8.42,2.83,0.80","interpolated_sim,interpolated_sim,poisson_fallback",2026-04-04 07:49 PM CDT,https://kenpom.com/player.php?p=58414
Jaden Bradley,Arizona,Utah St.,37.0,0.88,"[35, 31, 31, 34, 23]","[2.2, 1.9, 1.9, 2.1, 1.4]",G,assists,under,4.3959,4.5,-137,caesars,0.56,0.9629,N/A,,LINE_CHANGED_5.5_TO_4.5:,caesars 4.5 O +103; U -137 | fanatics 4.5 O +105; U -140 | prophetx 4.5 O -20408; U -20408 | sleeper 4.5 O -108; U -152,"Team REB: 43.23, Team AST: 17.23, Team 3PM: 5.87, Team STL: 8.07, Team BLK: 4.27, Team TO: 11.03",N/A,"High recent minutes as core starter in most lineups, past wrist scare resolved",N/A,4.40,interpolated_sim,2026-04-04 07:49 PM CDT,https://kenpom.com/player.php?p=52396
Ivan Kharchenkov,Arizona,Utah St.,37.0,0.95,"[24, 29, 32, 36, 26]","[1.4, 1.7, 1.8, 2.1, 1.5]",F,rebounds,over,5.1713,4.5,-125,fanduel,0.53,0.9626,N/A,,LINE_CHANGED_5.5_TO_4.5:,caesars 4.5 O -136; U +102 | fanatics 4.5 O -140; U +105 | fanduel 4.5 O -125; U -106 | prophetx 4.5 O -141; U -110 | sleeper 4.5 O -141; U -116,"Team REB: 43.23, Team AST: 17.23, Team 3PM: 5.87, Team STL: 8.07, Team BLK: 4.27, Team TO: 11.03",N/A,High and stable recent minutes across nearly all top lineups,N/A,5.17,interpolated_sim,2026-04-04 07:49 PM CDT,https://kenpom.com/player.php?p=59287
Koa Peat,Arizona,Utah St.,34.0,0.92,"[35, 29, 26, 27, 28]","[2.8, 2.3, 2.1, 2.2, 2.2]",FC,points,under,15.0697,14.5,-104,fanduel,0.49,0.9623,N/A,,LINE_CHANGED_13.5_TO_14.5:,caesars 14.5 O -122; U -110 | fanduel 14.5 O -125; U -104 | prophetx 14.5 O -137; U -113 | sleeper 14.5 O -143; U -116,"Team REB: 43.23, Team AST: 17.23, Team 3PM: 5.87, Team STL: 8.07, Team BLK: 4.27, Team TO: 11.03",N/A,N/A,N/A,15.07,interpolated_sim,2026-04-04 07:49 PM CDT,https://kenpom.com/player.php?p=59288
Alex Karaban,Connecticut,UCLA,37.0,0.95,"[40, 30, 35, 37, 38]","[2.4, 1.8, 2.1, 2.2, 2.3]",F,points_rebounds,over,18.098,17.5,-113,fanduel,0.51,0.9618,N/A,,,fanduel 17.5 O -113; U -113 | prophetx 17.5 O -20408; U -20408,"Team REB: 36.37, Team AST: 18.63, Team 3PM: 8.57, Team STL: 7.00, Team BLK: 5.47, Team TO: 10.87",N/A,N/A,N/A,"12.23,5.87","interpolated_sim,interpolated_sim",2026-04-04 05:09 PM CDT,https://kenpom.com/player.php?p=52265
Ivan Kharchenkov,Arizona,Utah St.,37.0,0.95,"[24, 29, 32, 36, 26]","[1.4, 1.7, 1.8, 2.1, 1.5]",F,points,over,11.8606,11.5,-104,fanduel,0.49,0.9611,N/A,,,caesars 11.5 O -108; U -124 | fanatics 11.5 O -105; U -125 | fanduel 11.5 O -104; U -125 | prophetx 11.5 O -114; U -137 | sleeper 11.5 O -120; U -135,"Team REB: 43.23, Team AST: 17.23, Team 3PM: 5.87, Team STL: 8.07, Team BLK: 4.27, Team TO: 11.03",N/A,High and stable recent minutes across nearly all top lineups,N/A,11.86,interpolated_sim,2026-04-04 07:49 PM CDT,https://kenpom.com/player.php?p=59287
Koa Peat,Arizona,Utah St.,34.0,0.92,"[35, 29, 26, 27, 28]","[2.8, 2.3, 2.1, 2.2, 2.2]",FC,points_rebounds,over,21.4003,20.5,-122,fanduel,0.53,0.9606,N/A,,LINE_CHANGED_19.5_TO_20.5:,fanduel 20.5 O -122; U -104,"Team REB: 43.23, Team AST: 17.23, Team 3PM: 5.87, Team STL: 8.07, Team BLK: 4.27, Team TO: 11.03",N/A,N/A,N/A,"15.07,6.33","interpolated_sim,interpolated_sim",2026-04-04 07:49 PM CDT,https://kenpom.com/player.php?p=59288
Jayden Ross,Connecticut,Illinois,22.0,0.95,"[23, 21, 22, 19, 21]","[2.2, 2, 2.1, 1.9, 2]",F,rebounds,over,3.2007,2.5,-133,sleeper,0.55,0.9603,N/A,,,sleeper 2.5 O -133; U -123,"Team REB: 36.37, Team AST: 18.63, Team 3PM: 8.57, Team STL: 7.00, Team BLK: 5.47, Team TO: 10.87",N/A,N/A,N/A,3.20,interpolated_sim,2026-04-04 05:09 PM CDT,https://kenpom.com/player.php?p=54878
Jaden Bradley,Arizona,Utah St.,37.0,0.88,"[35, 31, 31, 34, 23]","[2.2, 1.9, 1.9, 2.1, 1.4]",G,rebounds,under,3.7575,3.5,-115,fanatics,0.51,0.959,N/A,,,fanatics 3.5 O -115; U -115 | sleeper 3.5 O -128; U -128,"Team REB: 43.23, Team AST: 17.23, Team 3PM: 5.87, Team STL: 8.07, Team BLK: 4.27, Team TO: 11.03",N/A,"High recent minutes as core starter in most lineups, past wrist scare resolved",N/A,3.76,interpolated_sim,2026-04-04 07:49 PM CDT,https://kenpom.com/player.php?p=52396
Kylan Boswell,Illinois,Connecticut,29.0,0.9,"[17, 27, 34, 30, 27]","[1.1, 1.8, 2.3, 2, 1.8]",G,threes,under,0.9998,0.5,160,fanatics,0.37,0.9567,N/A,,,caesars 0.5 O -230; U -260 | fanatics 0.5 O -275; U +160,"Team REB: 41.07, Team AST: 14.67, Team 3PM: 11.17, Team STL: 3.80, Team BLK: 4.77, Team TO: 9.03",N/A,Recovered from February broken hand; full minutes recently,N/A,1.00,poisson_fallback,2026-04-04 05:09 PM CDT,https://kenpom.com/player.php?p=53510
Morez Johnson,Michigan,Arizona,24.0,1.0,"[24, 26, 27, 24, 23]","[2.2, 2.3, 2.4, 2.2, 2.1]",C,rebounds,over,7.4342,7.5,118,fanduel,0.44,0.9549,N/A,,,caesars 7.5 O +109; U -145 | fanduel 7.5 O +118; U -158 | prophetx 7.5 O +103; U -161 | sleeper 6.5 O -159; U -104,"Team REB: 40.66, Team AST: 19.21, Team 3PM: 9.38, Team STL: 5.97, Team BLK: 5.90, Team TO: 12.03",N/A,N/A,N/A,7.43,interpolated_sim,2026-04-04 07:49 PM CDT,https://kenpom.com/player.php?p=56077
Brayden Burries,Arizona,Utah St.,32.0,0.95,"[33, 33, 19, 33, 28]","[2.3, 2.3, 1.3, 2.3, 2]",F,threes,under,2.2815,2.5,-175,fanatics,0.6,0.9497,N/A,,,caesars 2.5 O +131; U -176 | fanatics 2.5 O +125; U -175 | prophetx 2.5 O -20408; U -20408 | sleeper 2.5 O +119; U -204,"Team REB: 43.23, Team AST: 17.23, Team 3PM: 5.87, Team STL: 8.07, Team BLK: 4.27, Team TO: 11.03",N/A,N/A,N/A,2.28,interpolated_sim,2026-04-04 07:49 PM CDT,https://kenpom.com/player.php?p=59285
Solo Ball,Connecticut,UCLA,28.0,0.92,"[24, 25, 17, 29, 25]","[1.5, 1.6, 1.1, 1.8, 1.6]",GF,points,under,10.1544,10.5,-145,sleeper,0.56,0.9496,N/A,,LINE_CHANGED_11.5_TO_10.5:,caesars 9.5 O -124; U -107 | fanduel 9.5 O -125; U -104 | prophetx 9.5 O -135; U -116 | sleeper 10.5 O -114; U -145,"Team REB: 36.37, Team AST: 18.63, Team 3PM: 8.57, Team STL: 7.00, Team BLK: 5.47, Team TO: 10.87","Nagging wrist injury, managed with strong recent tournament play","High recent minutes (30, 32) in Sweet 16/Elite 8; reports confirm wrist improving and key role as starter (25-30+ MPG)",N/A,10.15,interpolated_sim,2026-04-04 05:09 PM CDT,https://kenpom.com/player.php?p=54875
Koa Peat,Arizona,Utah St.,34.0,0.92,"[35, 29, 26, 27, 28]","[2.8, 2.3, 2.1, 2.2, 2.2]",FC,assists,over,2.7942,2.5,-120,sleeper,0.52,0.9492,N/A,,,sleeper 2.5 O -120; U -137,"Team REB: 43.23, Team AST: 17.23, Team 3PM: 5.87, Team STL: 8.07, Team BLK: 4.27, Team TO: 11.03",N/A,N/A,N/A,2.79,interpolated_sim,2026-04-04 07:49 PM CDT,https://kenpom.com/player.php?p=59288
Motiejus Krivas,Arizona,Utah St.,32.0,0.98,"[25, 23, 27, 25, 22]","[2.7, 2.5, 2.9, 2.7, 2.4]",C,blocks,over,2.1981,1.5,-190,fanatics,0.62,0.9473,N/A,,,fanatics 1.5 O -190; U +145,"Team REB: 43.23, Team AST: 17.23, Team 3PM: 5.87, Team STL: 8.07, Team BLK: 4.27, Team TO: 11.03",N/A,Variable recent minutes but key in top lineup shares with Peat/Awaka,N/A,2.20,interpolated_sim,2026-04-04 07:49 PM CDT,https://kenpom.com/player.php?p=55294
Tarris Reed,Connecticut,UCLA,33.0,0.92,"[30, 27, 23, 29, 35]","[3.3, 3, 2.5, 3.2, 3.8]",C,points_rebounds_assists,over,29.7137,28.5,-132,sleeper,0.54,0.9456,N/A,,LINE_CHANGED_30.5_TO_28.5:,sleeper 28.5 O -132; U -123,"Team REB: 36.37, Team AST: 18.63, Team 3PM: 8.57, Team STL: 7.00, Team BLK: 5.47, Team TO: 10.87",N/A,Consistent high recent minutes,N/A,"15.79,11.22,2.71","interpolated_sim,interpolated_sim,interpolated_sim",2026-04-04 05:09 PM CDT,https://kenpom.com/player.php?p=53353
Tomislav Ivisic,Illinois,Connecticut,27.0,0.95,"[24, 21, 23, 29, 27]","[1.9, 1.6, 1.8, 2.2, 2.1]",C,points_rebounds,under,14.9017,14.5,-115,fanduel,0.5,0.9427,N/A,,,fanduel 14.5 O -111; U -115,"Team REB: 41.07, Team AST: 14.67, Team 3PM: 11.17, Team STL: 3.80, Team BLK: 4.77, Team TO: 9.03",N/A,N/A,N/A,"9.12,5.78","interpolated_sim,interpolated_sim",2026-04-04 05:09 PM CDT,https://kenpom.com/player.php?p=55994
Keaton Wagler,Illinois,Connecticut,37.0,0.95,"[43, 32, 32, 38, 37]","[2.5, 1.8, 1.8, 2.2, 2.1]",G,points_rebounds_assists,under,26.8552,27.5,-145,sleeper,0.56,0.9403,N/A,,,sleeper 27.5 O -114; U -145,"Team REB: 41.07, Team AST: 14.67, Team 3PM: 11.17, Team STL: 3.80, Team BLK: 4.77, Team TO: 9.03",N/A,N/A,N/A,"17.66,5.34,3.86","interpolated_sim,interpolated_sim,interpolated_sim",2026-04-04 05:09 PM CDT,https://kenpom.com/player.php?p=57911
Tomislav Ivisic,Illinois,Connecticut,27.0,0.95,"[24, 21, 23, 29, 27]","[1.9, 1.6, 1.8, 2.2, 2.1]",C,assists,under,1.4992,1.5,-152,sleeper,0.57,0.9385,N/A,,,sleeper 1.5 O -109; U -152,"Team REB: 41.07, Team AST: 14.67, Team 3PM: 11.17, Team STL: 3.80, Team BLK: 4.77, Team TO: 9.03",N/A,N/A,N/A,1.50,interpolated_sim,2026-04-04 05:09 PM CDT,https://kenpom.com/player.php?p=55994
David Mirkovic,Illinois,Connecticut,37.0,0.9,"[37, 28, 23, 34, 38]","[2.5, 1.9, 1.6, 2.3, 2.6]",C,assists,over,2.8114,2.5,-128,sleeper,0.52,0.9346,N/A,,,sleeper 2.5 O -128; U -128,"Team REB: 41.07, Team AST: 14.67, Team 3PM: 11.17, Team STL: 3.80, Team BLK: 4.77, Team TO: 9.03",N/A,"Variance in recent games (23-38 min), but consistently heavy rotation player",N/A,2.81,interpolated_sim,2026-04-04 05:09 PM CDT,https://kenpom.com/player.php?p=57910
Yaxel Lendeborg,Michigan,Arizona,34.0,0.95,"[34, 27, 32, 35, 35]","[1.9, 1.5, 1.8, 1.9, 1.9]",C,points_rebounds_assists,over,27.7716,26.5,-139,sleeper,0.54,0.931,N/A,,,sleeper 26.5 O -139; U -119,"Team REB: 40.66, Team AST: 19.21, Team 3PM: 9.38, Team STL: 5.97, Team BLK: 5.90, Team TO: 12.03",N/A,N/A,N/A,"16.40,8.25,3.12","interpolated_sim,interpolated_sim,interpolated_sim",2026-04-04 07:49 PM CDT,https://kenpom.com/player.php?p=55504
Ben Humrichous,Illinois,Connecticut,17.0,0.9,"[24, 20, 27, 15, 19]","[1.3, 1.1, 1.5, 0.8, 1]",FC,points,under,3.7365,3.5,-128,sleeper,0.52,0.9293,N/A,,,sleeper 3.5 O -128; U -128,"Team REB: 41.07, Team AST: 14.67, Team 3PM: 11.17, Team STL: 3.80, Team BLK: 4.77, Team TO: 9.03",N/A,N/A,N/A,3.74,interpolated_sim,2026-04-04 05:09 PM CDT,https://kenpom.com/player.php?p=55378
Koa Peat,Arizona,Utah St.,34.0,0.92,"[35, 29, 26, 27, 28]","[2.8, 2.3, 2.1, 2.2, 2.2]",FC,points_rebounds_assists,over,24.1946,23.5,-125,sleeper,0.52,0.929,N/A,,LINE_CHANGED_21.5_TO_23.5:,sleeper 23.5 O -125; U -132,"Team REB: 43.23, Team AST: 17.23, Team 3PM: 5.87, Team STL: 8.07, Team BLK: 4.27, Team TO: 11.03",N/A,N/A,N/A,"15.07,6.33,2.79","interpolated_sim,interpolated_sim,interpolated_sim",2026-04-04 07:49 PM CDT,https://kenpom.com/player.php?p=59288
Tobe Awaka,Arizona,Utah St.,17.0,0.9,"[20, 20, 27, 14, 18]","[2.6, 2.6, 3.5, 1.8, 2.3]",FC,points_rebounds_assists,under,14.6646,14.5,-128,sleeper,0.52,0.9263,N/A,,LINE_CHANGED_18.5_TO_14.5:,sleeper 14.5 O -128; U -128,"Team REB: 43.23, Team AST: 17.23, Team 3PM: 5.87, Team STL: 8.07, Team BLK: 4.27, Team TO: 11.03",N/A,Variable recent minutes but frequent in lineups spelling frontcourt,N/A,"7.14,6.95,0.58","interpolated_sim,interpolated_sim,poisson_fallback",2026-04-04 07:49 PM CDT,https://kenpom.com/player.php?p=53032
Ivan Kharchenkov,Arizona,Utah St.,37.0,0.95,"[24, 29, 32, 36, 26]","[1.4, 1.7, 1.8, 2.1, 1.5]",F,points_rebounds_assists,over,19.541,18.5,-139,sleeper,0.54,0.9238,N/A,,LINE_CHANGED_19.5_TO_18.5:,sleeper 18.5 O -139; U -118,"Team REB: 43.23, Team AST: 17.23, Team 3PM: 5.87, Team STL: 8.07, Team BLK: 4.27, Team TO: 11.03",N/A,High and stable recent minutes across nearly all top lineups,N/A,"11.86,5.17,2.51","interpolated_sim,interpolated_sim,interpolated_sim",2026-04-04 07:49 PM CDT,https://kenpom.com/player.php?p=59287
Silas Demary,Connecticut,Illinois,23.0,0.85,"[31, 0, 22, 23, 23]","[2.7, 0, 1.9, 2, 2]",G,points_rebounds_assists,under,16.9771,16.5,-118,sleeper,0.49,0.9125,N/A,,,sleeper 16.5 O -139; U -118,"Team REB: 36.37, Team AST: 18.63, Team 3PM: 8.57, Team STL: 7.00, Team BLK: 5.47, Team TO: 10.87","Grade 2 high ankle sprain with calf/Achilles issues, consistently played 22-23 min in last 3 tournament games despite limited practice","High recent consistency (22,23,23 min) reduces prior std dev concerns amid ongoing injury management",N/A,"9.15,3.76,4.07","interpolated_sim,interpolated_sim,interpolated_sim",2026-04-04 05:09 PM CDT,https://kenpom.com/player.php?p=54416
Jake Davis,Illinois,Connecticut,14.0,0.9,"[28, 17, 14, 13, 14]","[1.9, 1.1, 0.9, 0.9, 0.9]",GF,threes,over,0.8283,0.5,-162,caesars,0.56,0.9108,N/A,,,caesars 0.5 O -162; U NA,"Team REB: 41.07, Team AST: 14.67, Team 3PM: 11.17, Team STL: 3.80, Team BLK: 4.77, Team TO: 9.03",N/A,"Season-long starter (17 straight, ~20 min avg), top KenPom lineup (20%), coach Underwood praises as leader/shooter with expanded role vs early-season (9 min vs UConn); recent tourney 13-17 aligns closer to 17 post-adjust",N/A,0.83,poisson_fallback,2026-04-04 05:09 PM CDT,https://kenpom.com/player.php?p=54592
Tomislav Ivisic,Illinois,Connecticut,27.0,0.95,"[24, 21, 23, 29, 27]","[1.9, 1.6, 1.8, 2.2, 2.1]",C,points_rebounds_assists,under,16.4009,16.5,-145,sleeper,0.54,0.9071,N/A,,,sleeper 16.5 O -114; U -145,"Team REB: 41.07, Team AST: 14.67, Team 3PM: 11.17, Team STL: 3.80, Team BLK: 4.77, Team TO: 9.03",N/A,N/A,N/A,"9.12,5.78,1.50","interpolated_sim,interpolated_sim,interpolated_sim",2026-04-04 05:09 PM CDT,https://kenpom.com/player.php?p=55994
Tarris Reed,Connecticut,UCLA,33.0,0.92,"[30, 27, 23, 29, 35]","[3.3, 3, 2.5, 3.2, 3.8]",C,assists,under,2.7083,2.5,-128,sleeper,0.51,0.9013,N/A,,,sleeper 2.5 O -128; U -128,"Team REB: 36.37, Team AST: 18.63, Team 3PM: 8.57, Team STL: 7.00, Team BLK: 5.47, Team TO: 10.87",N/A,Consistent high recent minutes,N/A,2.71,interpolated_sim,2026-04-04 05:09 PM CDT,https://kenpom.com/player.php?p=53353
Trey McKenney,Michigan,Arizona,23.0,1.0,"[23, 25, 23, 28, 19]","[1.4, 1.6, 1.4, 1.8, 1.2]",GF,rebounds,under,2.8257,2.5,-132,sleeper,0.51,0.8895,N/A,,,sleeper 2.5 O -125; U -132,"Team REB: 40.66, Team AST: 19.21, Team 3PM: 9.38, Team STL: 5.97, Team BLK: 5.90, Team TO: 12.03",N/A,N/A,N/A,2.83,interpolated_sim,2026-04-04 07:49 PM CDT,https://kenpom.com/player.php?p=58414
Silas Demary,Connecticut,Illinois,23.0,0.85,"[31, 0, 22, 23, 23]","[2.7, 0, 1.9, 2, 2]",G,threes,over,0.8323,0.5,-190,caesars,0.56,0.8623,N/A,,,caesars 0.5 O -190; U -325,"Team REB: 36.37, Team AST: 18.63, Team 3PM: 8.57, Team STL: 7.00, Team BLK: 5.47, Team TO: 10.87","Grade 2 high ankle sprain with calf/Achilles issues, consistently played 22-23 min in last 3 tournament games despite limited practice","High recent consistency (22,23,23 min) reduces prior std dev concerns amid ongoing injury management",N/A,0.83,poisson_fallback,2026-04-04 05:09 PM CDT,https://kenpom.com/player.php?p=54416
Roddy Gayle,Michigan,Arizona,22.0,0.85,"[13, 23, 20, 26, 22]","[1, 1.8, 1.6, 2, 1.7]",F,threes,over,0.5257,0.5,-145,caesars,0.41,0.6908,N/A,,,caesars 0.5 O -145; U NA,"Team REB: 40.66, Team AST: 19.21, Team 3PM: 9.38, Team STL: 5.97, Team BLK: 5.90, Team TO: 12.03",N/A,High std dev (4.35); stepped up post-Cason injury but variable usage,N/A,0.53,poisson_fallback,2026-04-04 07:49 PM CDT,https://kenpom.com/player.php?p=53359
Andrej Stojakovic,Illinois,Connecticut,27.0,0.9,"[31, 20, 26, 29, 26]","[1.6, 1, 1.4, 1.5, 1.4]",F,threes,over,0.4683,0.5,-137,caesars,0.37,0.6469,N/A,,,caesars 0.5 O -137; U NA,"Team REB: 41.07, Team AST: 14.67, Team 3PM: 11.17, Team STL: 3.80, Team BLK: 4.77, Team TO: 9.03",N/A,N/A,N/A,0.47,poisson_fallback,2026-04-04 05:09 PM CDT,https://kenpom.com/player.php?p=54816
