Team,Conference,Off-FT,Off-FT.Rank,Off-2P,Off-2P.Rank,Off-3P,Off-3P.Rank,Def-FT,Def-FT.Rank,Def-2P,Def-2P.Rank,Def-3P,Def-3P.Rank
Manhattan,MAAC,24.0,1,52.8,124,23.2,348,19.1,116,54.7,55,26.3,328
New Orleans,Slnd,23.9,2,60.3,6,15.8,358,18.7,132,50.3,199,31.0,182
Abilene Christian,WAC,23.3,3,48.9,241,27.8,263,25.4,3,44.8,343,29.8,230
Montana,BSky,23.2,4,49.0,237,27.9,261,23.1,12,51.6,153,25.2,338
Texas A&M Corpus Chris,Slnd,23.0,5,52.6,126,24.3,332,24.5,5,44.7,344,30.7,191
Arkansas,SEC,23.0,6,52.3,132,24.7,328,19.6,87,47.6,277,32.8,127
Temple,Amer,22.9,7,46.9,287,30.2,214,20.2,67,51.5,159,28.3,285
Pittsburgh,ACC,22.7,8,51.1,171,26.2,298,16.7,234,45.3,333,38.0,20
Georgia,SEC,22.5,9,50.0,206,27.5,269,13.7,343,52.3,131,34.0,77
Alabama A&M,SWAC,22.5,10,58.5,16,19.0,356,17.5,199,49.3,239,33.3,107
UT Rio Grande Valley,WAC,22.5,11,50.7,187,26.9,288,19.2,109,50.3,198,30.5,201
Hampton,BSth,22.4,12,50.5,193,27.0,285,21.0,41,54.1,74,25.0,341
Cal Poly,BW,22.3,13,51.3,165,26.4,293,22.4,17,45.6,325,31.9,148
Southeastern Louisiana,Slnd,22.2,14,44.3,336,33.5,109,15.4,303,54.7,54,29.9,224
Monmouth,MAAC,22.1,15,50.1,200,27.8,264,20.2,66,46.5,309,33.3,106
Long Beach St.,BW,22.0,16,51.5,157,26.5,292,16.5,244,50.0,208,33.5,98
Montana St.,BSky,21.9,17,48.9,240,29.2,230,21.7,34,49.9,213,28.4,281
Prairie View A&M,SWAC,21.8,18,50.7,183,27.3,275,22.7,15,48.5,258,28.8,263
West Virginia,B12,21.8,19,50.6,192,27.6,267,19.4,97,52.0,137,28.6,273
Houston Baptist,Slnd,21.7,20,52.2,135,26.1,300,20.5,62,50.5,190,29.0,255
Mississippi St.,SEC,21.7,21,58.7,14,19.7,354,17.1,211,49.6,232,33.3,105
Saint Peter's,MAAC,21.6,22,52.6,127,25.9,305,25.7,2,47.3,285,27.0,312
Tarleton St.,WAC,21.5,23,53.8,96,24.6,329,19.2,110,48.1,271,32.7,128
Cal St. Fullerton,BW,21.5,24,54.5,80,24.0,337,14.9,313,51.2,167,33.9,81
Oakland,Horz,21.4,25,48.8,244,29.8,221,13.1,351,52.7,111,34.1,75
Alabama St.,SWAC,21.4,26,51.6,155,27.0,286,19.7,85,50.6,188,29.8,231
Providence,BE,21.3,27,47.5,277,31.2,180,16.4,248,53.8,83,29.7,233
UNC Asheville,BSth,21.2,28,48.3,260,30.4,206,15.7,295,61.0,2,23.4,352
Vanderbilt,SEC,21.2,29,42.3,348,36.5,56,20.7,54,50.5,189,28.7,270
Howard,MEAC,21.2,30,44.8,332,34.0,100,19.8,82,52.5,123,27.8,301
East Carolina,Amer,21.1,31,46.1,308,32.7,131,17.6,192,47.0,294,35.4,45
Troy,SB,21.1,32,46.7,294,32.2,146,20.0,71,49.4,235,30.5,199
Grambling St.,SWAC,21.1,33,55.7,53,23.2,349,22.3,20,47.4,281,30.3,208
Utah Valley,WAC,21.1,34,53.1,114,25.8,307,17.5,200,53.2,97,29.4,248
Weber St.,BSky,21.0,35,49.5,220,29.5,224,15.7,290,48.5,259,35.8,42
Portland,WCC,21.0,36,46.9,288,32.1,150,16.3,260,48.8,252,34.9,57
North Carolina Central,MEAC,20.9,37,53.2,112,25.9,306,23.5,9,44.8,342,31.7,156
Washington,P12,20.8,38,52.9,122,26.3,295,17.8,176,54.0,75,28.1,291
Norfolk St.,MEAC,20.8,39,50.7,186,28.6,245,19.1,118,45.6,330,35.4,47
Maryland,B10,20.7,40,50.1,202,29.2,231,15.3,304,49.7,227,35.0,52
Arkansas St.,SB,20.7,41,55.1,66,24.2,335,16.8,230,55.1,50,28.2,288
Colorado,P12,20.6,42,50.3,195,29.0,233,16.9,224,51.5,157,31.6,160
Akron,MAC,20.6,43,46.3,304,33.1,120,15.8,285,52.5,122,31.7,157
Louisiana,SB,20.6,44,48.5,256,30.9,190,22.1,22,50.9,177,27.0,311
Southeast Missouri St.,OVC,20.6,45,44.1,337,35.3,74,21.7,31,48.8,251,29.5,243
SMU,Amer,20.6,46,44.9,330,34.5,91,16.6,240,55.0,51,28.4,279
Ball St.,MAC,20.5,47,45.2,324,34.2,95,18.3,159,45.2,335,36.4,33
Coppin St.,MEAC,20.4,48,41.2,355,38.4,28,16.9,226,46.1,315,37.0,29
SIU Edwardsville,OVC,20.4,49,53.3,111,26.2,297,21.9,27,46.5,308,31.6,158
Wyoming,MWC,20.4,50,48.2,265,31.4,175,16.0,279,53.3,94,30.7,190
South Carolina St.,MEAC,20.4,51,51.8,150,27.8,262,20.8,51,46.4,310,32.8,123
Wichita St.,Amer,20.3,52,46.6,296,33.0,124,18.5,144,51.5,160,30.0,221
Arkansas Pine Bluff,SWAC,20.3,53,48.8,248,30.9,191,18.5,147,58.2,9,23.3,354
Iona,MAAC,20.3,54,51.4,161,28.3,253,20.4,63,53.9,81,25.7,334
UNC Wilmington,CAA,20.3,55,50.2,198,29.5,223,18.4,154,53.0,100,28.5,275
Texas A&M,SEC,20.3,56,52.3,130,27.4,273,20.5,60,49.9,216,29.6,239
Wisconsin,B10,20.1,57,52.2,136,27.7,266,15.9,280,55.9,33,28.1,293
McNeese St.,Slnd,20.1,58,54.6,74,25.2,320,22.0,25,51.4,162,26.6,320
Dixie St.,WAC,20.1,59,51.5,159,28.4,247,17.6,191,52.9,106,29.5,244
Idaho,BSky,20.1,60,47.5,276,32.4,140,17.8,180,55.9,34,26.3,327
Xavier,BE,20.1,61,52.8,123,27.1,283,16.4,254,53.0,101,30.6,194
Cal Baptist,WAC,20.1,62,45.6,317,34.3,92,19.6,89,53.6,87,26.8,316
Florida,SEC,20.0,63,46.3,302,33.6,105,17.6,189,55.8,37,26.5,321
Memphis,Amer,20.0,64,55.2,65,24.8,327,19.8,79,44.8,341,35.4,44
Longwood,BSth,20.0,65,46.6,298,33.4,113,16.0,277,49.8,220,34.1,74
Portland St.,BSky,19.9,66,54.3,83,25.7,310,20.6,56,48.3,263,31.1,181
New Mexico,MWC,19.9,67,48.5,255,31.6,171,20.0,72,53.8,85,26.2,330
Northern Iowa,MVC,19.8,68,45.5,319,34.6,89,13.3,349,45.2,334,41.4,2
South Dakota,Sum,19.8,69,51.4,162,28.8,237,19.0,124,49.9,212,31.1,179
LSU,SEC,19.8,70,53.4,108,26.8,291,22.4,18,43.8,352,33.8,83
North Dakota,Sum,19.8,71,42.5,346,37.7,37,15.9,283,54.3,65,29.8,228
Little Rock,SB,19.8,72,47.8,270,32.4,139,16.4,253,49.9,217,33.7,86
Tulane,Amer,19.8,73,47.1,283,33.1,123,17.0,220,44.2,350,38.8,12
Old Dominion,CUSA,19.7,74,60.8,4,19.5,355,16.7,236,44.6,345,38.7,14
Saint Louis,A10,19.7,75,54.0,93,26.2,296,18.5,148,52.5,124,29.1,254
UC Santa Barbara,BW,19.7,76,57.7,26,22.6,351,18.9,127,54.7,53,26.3,326
North Dakota St.,Sum,19.7,77,50.0,205,30.3,209,16.7,233,55.8,38,27.5,305
Alcorn St.,SWAC,19.7,78,56.1,50,24.3,333,20.6,58,50.6,184,28.8,265
Georgia St.,SB,19.7,79,48.7,250,31.7,166,18.7,135,47.0,293,34.3,68
Green Bay,Horz,19.7,80,55.3,63,25.0,322,18.7,134,53.6,90,27.8,302
Kent St.,MAC,19.6,81,49.2,230,31.2,181,20.8,47,46.2,312,33.0,117
UC Irvine,BW,19.6,82,57.1,36,23.3,346,21.0,43,56.1,29,22.9,356
Bowling Green,MAC,19.6,83,50.1,201,30.3,211,17.7,185,46.7,303,35.6,43
Seton Hall,BE,19.6,84,50.2,199,30.3,212,19.0,120,53.0,103,28.0,295
Delaware St.,MEAC,19.5,85,52.1,139,28.3,252,19.1,115,41.7,357,39.2,8
Texas St.,SB,19.5,86,53.6,102,26.9,289,19.8,80,47.1,287,33.1,112
Nebraska,B10,19.5,87,51.9,146,28.7,241,17.1,214,49.1,243,33.8,84
Massachusetts,A10,19.5,88,42.9,345,37.7,38,16.2,271,53.3,93,30.5,202
Middle Tennessee,CUSA,19.5,89,47.1,284,33.4,111,21.8,29,49.6,229,28.6,272
Bryant,NEC,19.5,90,48.6,253,32.0,155,15.4,300,55.5,43,29.0,255
Delaware,CAA,19.4,91,50.8,178,29.8,219,18.2,163,50.3,197,31.5,162
Stephen F. Austin,WAC,19.4,92,57.3,29,23.3,345,21.5,36,48.5,257,29.9,226
Villanova,BE,19.4,93,42.0,350,38.6,25,16.4,256,49.0,245,34.6,61
Purdue,B10,19.4,94,48.3,263,32.4,141,13.3,350,51.0,173,35.8,41
Utah,P12,19.3,95,47.8,272,32.9,128,16.9,223,54.0,79,29.1,253
Hawaii,BW,19.3,96,46.6,299,34.1,99,19.7,84,56.5,25,23.8,347
Southern,SWAC,19.3,97,51.3,164,29.4,228,24.7,4,52.2,133,23.2,355
North Texas,CUSA,19.3,98,45.2,326,35.5,72,19.4,94,58.3,7,22.3,358
Pacific,WCC,19.3,99,53.5,107,27.3,278,16.4,247,45.6,329,38.0,21
Idaho St.,BSky,19.2,100,48.8,245,32.0,154,19.5,92,52.1,136,28.4,283
Texas,B12,19.2,101,51.9,145,28.9,235,22.1,23,51.3,163,26.6,318
Texas Tech,B12,19.2,102,55.4,59,25.3,318,19.4,95,42.4,356,38.2,17
DePaul,BE,19.2,103,53.9,95,26.9,287,16.7,237,52.9,105,30.4,204
Yale,Ivy,19.2,104,52.2,134,28.6,243,18.4,153,50.2,203,31.4,166
Cal St. Bakersfield,BW,19.2,105,63.2,1,17.7,357,26.0,1,42.9,355,31.2,175
Texas Southern,SWAC,19.1,106,56.4,43,24.4,331,19.2,105,51.8,147,28.9,259
Northern Illinois,MAC,19.1,107,53.6,104,27.3,277,22.6,16,50.3,195,27.1,309
Nevada,MWC,19.1,108,52.2,137,28.7,238,17.1,217,45.5,331,37.4,23
Fordham,A10,19.1,109,47.3,281,33.6,106,17.7,184,54.5,61,27.8,300
Towson,CAA,19.1,110,48.8,243,32.1,151,19.3,104,47.8,275,33.0,120
Missouri,SEC,19.0,111,57.3,30,23.6,342,19.7,83,50.2,200,30.1,219
Eastern Washington,BSky,19.0,112,45.4,322,35.5,71,19.1,113,47.4,282,33.5,97
UC San Diego,BW,19.0,113,42.5,347,38.5,26,12.9,353,60.7,3,26.4,324
Washington St.,P12,19.0,114,43.4,339,37.6,40,19.6,86,51.8,148,28.5,275
Wright St.,Horz,19.0,115,55.4,60,25.7,314,15.3,306,56.2,28,28.4,280
Lipscomb,ASun,19.0,116,48.3,262,32.7,130,13.8,339,47.3,284,38.9,10
Georgetown,BE,18.9,117,48.6,251,32.4,138,15.7,289,48.1,272,36.2,36
Alabama,SEC,18.9,118,46.2,306,34.9,82,20.0,74,50.9,176,29.1,252
Ohio St.,B10,18.9,119,48.8,247,32.3,143,18.3,161,50.4,193,31.3,170
New Mexico St.,WAC,18.9,120,49.0,236,32.1,149,19.1,114,47.0,291,33.9,82
Wagner,NEC,18.8,121,60.2,7,20.9,352,21.4,37,49.9,218,28.7,269
Indiana,B10,18.8,122,56.3,47,24.9,324,20.1,70,45.6,328,34.3,69
Auburn,SEC,18.8,123,50.3,196,30.9,192,22.1,21,48.3,265,29.5,242
Connecticut,BE,18.8,124,51.4,160,29.8,220,19.2,112,50.5,192,30.3,206
Canisius,MAAC,18.8,125,49.6,217,31.6,170,18.5,150,58.2,8,23.4,353
UMBC,AE,18.8,126,43.4,340,37.9,32,10.9,357,56.5,27,32.7,129
Winthrop,BSth,18.8,127,47.1,285,34.1,97,18.9,128,46.7,301,34.4,66
Mississippi Valley St.,SWAC,18.8,128,49.5,218,31.7,163,18.6,136,54.5,60,26.9,313
William & Mary,CAA,18.8,129,49.1,233,32.2,148,15.1,308,51.9,141,33.0,119
UNLV,MWC,18.7,130,46.0,313,35.3,75,18.7,133,47.7,276,33.6,91
North Florida,ASun,18.7,131,40.9,357,40.4,13,16.7,231,56.9,19,26.3,325
Arizona,P12,18.7,132,53.8,99,27.6,268,15.2,307,52.4,127,32.4,137
Presbyterian,BSth,18.7,133,55.6,55,25.7,312,21.8,30,45.9,318,32.3,138
Southern Utah,BSky,18.7,134,49.4,223,31.9,156,17.1,212,50.0,210,32.9,121
Seattle,WAC,18.6,135,43.2,341,38.2,29,22.8,14,48.4,262,28.8,267
Incarnate Word,Slnd,18.6,136,43.0,343,38.4,27,15.8,287,54.6,58,29.6,240
Oklahoma St.,B12,18.6,137,57.8,24,23.5,343,19.8,77,45.9,319,34.3,71
Florida A&M,SWAC,18.6,138,60.5,5,20.9,353,21.3,38,49.0,247,29.7,235
Cleveland St.,Horz,18.6,139,56.3,46,25.1,321,20.9,45,45.7,324,33.3,102
Cal St. Northridge,BW,18.6,140,56.8,38,24.6,330,21.1,40,50.2,201,28.8,268
Tulsa,Amer,18.5,141,51.0,172,30.4,206,16.1,276,44.9,340,39.0,9
Illinois St.,MVC,18.5,142,49.2,231,32.3,144,19.1,117,50.2,202,30.7,188
Fresno St.,MWC,18.5,143,50.9,176,30.6,199,16.1,273,47.6,278,36.3,34
Morgan St.,MEAC,18.5,144,56.7,42,24.8,325,23.2,11,47.1,288,29.7,234
Ohio,MAC,18.5,145,44.7,333,36.8,49,17.6,193,53.6,89,28.8,262
Boise St.,MWC,18.4,146,49.9,208,31.7,167,16.2,267,55.9,36,27.9,296
Holy Cross,Pat,18.4,147,55.7,54,25.9,303,16.6,241,55.4,46,28.0,294
Youngstown St.,Horz,18.4,148,49.8,209,31.8,162,17.5,197,52.8,107,29.7,236
UT Arlington,SB,18.4,149,52.9,120,28.6,242,18.8,130,46.9,299,34.3,70
Eastern Illinois,OVC,18.4,150,49.8,210,31.8,157,13.4,347,50.8,178,35.8,40
Northeastern,CAA,18.3,151,50.1,204,31.6,172,15.7,291,53.3,95,31.0,185
Central Connecticut,NEC,18.3,152,46.0,311,35.7,68,16.2,269,51.3,164,32.5,133
North Carolina,ACC,18.2,153,49.3,227,32.4,136,13.9,337,52.6,116,33.5,96
High Point,BSth,18.2,154,54.3,85,27.5,272,19.2,107,53.5,91,27.3,307
Brown,Ivy,18.2,155,51.2,168,30.6,198,18.4,152,50.6,185,31.0,184
NJIT,AE,18.2,156,51.0,174,30.9,195,15.7,296,49.6,228,34.7,60
South Dakota St.,Sum,18.1,157,50.6,188,31.2,179,13.3,348,49.8,219,36.8,31
Georgia Southern,SB,18.1,158,54.7,73,27.2,281,20.3,64,47.4,279,32.3,142
Coastal Carolina,SB,18.1,159,51.0,175,30.9,189,16.5,246,46.1,314,37.4,24
San Diego St.,MWC,18.1,160,54.4,82,27.5,271,19.3,103,49.6,231,31.1,178
Butler,BE,18.1,161,49.5,219,32.4,142,17.9,172,52.8,108,29.3,250
Rhode Island,A10,18.1,162,58.2,19,23.7,341,20.6,59,44.4,347,35.1,49
Central Michigan,MAC,18.1,163,46.7,292,35.2,77,19.3,102,47.0,292,33.7,88
Charleston,CAA,18.1,164,50.8,180,31.2,182,21.0,42,51.2,168,27.8,298
Wake Forest,ACC,18.1,165,49.7,213,32.3,145,17.9,175,51.1,171,31.1,180
Davidson,A10,18.0,166,47.0,286,35.0,80,17.2,207,45.9,320,36.9,30
N.C. State,ACC,18.0,167,47.7,273,34.3,93,17.0,219,54.0,78,29.0,258
Rider,MAAC,18.0,168,58.2,18,23.8,338,19.0,123,43.7,353,37.3,26
Maryland Eastern Shore,MEAC,18.0,169,45.6,318,36.5,58,19.3,99,49.7,222,30.9,186
UCLA,P12,18.0,170,55.0,68,27.1,284,17.9,171,50.8,181,31.3,168
Tennessee St.,OVC,18.0,171,53.8,98,28.2,254,21.9,26,48.1,270,29.9,225
Louisiana Tech,CUSA,18.0,172,48.9,238,33.1,122,17.5,196,49.9,214,32.6,132
Florida St.,ACC,17.9,173,53.7,100,28.4,249,17.1,213,45.7,323,37.1,28
Jacksonville,ASun,17.9,174,54.9,69,27.2,282,19.0,122,46.2,313,34.7,59
Siena,MAAC,17.9,175,51.5,156,30.6,200,17.3,203,57.5,15,25.1,339
Richmond,A10,17.9,176,49.0,235,33.1,121,14.4,327,54.1,72,31.5,161
Boston College,ACC,17.9,177,56.3,45,25.8,309,18.5,145,49.7,221,31.8,154
TCU,B12,17.9,178,57.9,22,24.2,334,16.8,229,54.8,52,28.4,282
Kansas St.,B12,17.9,179,45.5,320,36.6,54,18.4,158,51.6,152,30.0,222
UC Davis,BW,17.8,180,56.4,44,25.8,308,21.6,35,49.5,234,28.9,261
UTEP,CUSA,17.8,181,49.3,228,32.9,127,19.5,91,54.0,76,26.5,323
Kansas,B12,17.8,182,54.7,72,27.5,270,17.8,183,54.6,56,27.6,304
Eastern Michigan,MAC,17.8,183,54.5,81,27.8,265,16.7,235,51.8,144,31.4,164
Loyola Marymount,WCC,17.8,184,51.2,166,31.0,187,18.4,155,52.2,132,29.4,247
Bethune Cookman,SWAC,17.8,185,58.9,11,23.3,344,20.3,65,51.5,155,28.2,287
Michigan St.,B10,17.7,186,52.1,142,30.2,213,17.3,206,52.1,135,30.7,192
Illinois,B10,17.7,187,46.3,303,36.0,64,18.0,167,56.7,22,25.3,337
USC Upstate,BSth,17.7,188,48.4,259,33.9,101,20.8,49,47.9,273,31.3,169
Mercer,SC,17.7,189,47.4,280,34.9,84,16.4,257,48.6,253,35.0,53
LIU,NEC,17.6,190,50.7,185,31.7,165,18.1,164,48.3,264,33.5,93
Murray St.,OVC,17.6,191,51.8,147,30.6,201,15.5,298,52.7,110,31.8,153
Navy,Pat,17.5,192,56.1,49,26.4,294,18.6,137,49.0,244,32.3,139
Cincinnati,Amer,17.5,193,47.5,278,35.0,79,21.7,32,53.4,92,24.9,342
Fairleigh Dickinson,NEC,17.5,194,51.9,144,30.5,203,18.1,165,53.7,86,28.1,290
Cornell,Ivy,17.5,195,45.8,316,36.7,51,17.3,204,49.5,233,33.1,109
Western Kentucky,CUSA,17.5,196,51.8,149,30.7,197,10.5,358,48.6,255,40.9,3
Western Illinois,Sum,17.5,197,48.7,249,33.8,103,18.7,131,52.7,113,28.6,274
VCU,A10,17.5,198,57.2,33,25.3,319,23.4,10,50.8,179,25.8,332
Michigan,B10,17.5,199,56.8,39,25.7,311,15.9,282,55.9,35,28.2,286
Denver,Sum,17.5,200,51.4,163,31.2,184,18.5,141,47.3,283,34.1,76
James Madison,CAA,17.5,201,53.1,115,29.4,225,16.1,274,46.6,305,37.3,27
Rice,CUSA,17.4,202,46.8,291,35.8,66,12.9,352,57.4,16,29.7,237
Iowa,B10,17.4,203,49.4,224,33.2,119,15.8,288,53.9,82,30.3,207
Robert Morris,Horz,17.4,204,57.1,36,25.5,315,16.4,251,52.4,126,31.2,176
South Alabama,SB,17.4,205,54.3,86,28.3,251,19.4,96,48.8,250,31.8,151
Army,Pat,17.4,206,54.6,77,28.0,257,12.9,354,50.3,194,36.7,32
Nebraska Omaha,Sum,17.4,207,51.8,152,30.9,194,19.6,88,47.1,290,33.3,103
Milwaukee,Horz,17.4,208,53.8,97,28.8,236,19.1,119,45.1,337,35.8,39
Niagara,MAAC,17.3,209,51.7,154,30.9,188,18.3,160,50.5,191,31.2,174
Charlotte,CUSA,17.3,210,50.5,194,32.2,147,16.2,272,52.4,125,31.4,167
Chicago St.,WAC,17.3,211,46.0,312,36.7,52,20.7,55,47.3,286,32.0,145
Grand Canyon,WAC,17.3,212,48.6,252,34.1,98,20.8,48,54.2,70,25.0,340
Colorado St.,MWC,17.3,213,50.8,181,32.0,153,15.5,299,48.3,266,36.3,35
Clemson,ACC,17.3,214,50.3,197,32.4,137,18.3,162,46.7,304,35.1,48
Charleston Southern,BSth,17.2,215,45.9,315,36.9,47,17.1,216,52.5,117,30.4,205
South Carolina,SEC,17.2,216,54.3,88,28.6,244,23.6,8,48.8,249,27.6,303
Boston University,Pat,17.1,217,51.2,169,31.7,164,17.2,208,55.5,45,27.3,308
North Alabama,ASun,17.1,218,49.4,225,33.5,110,21.7,33,51.5,158,26.8,314
Virginia,ACC,17.1,219,58.7,13,24.2,336,14.5,322,52.4,129,33.1,110
Stony Brook,AE,17.1,220,49.2,229,33.7,104,13.4,346,52.9,104,33.7,87
Quinnipiac,MAAC,17.1,221,46.2,307,36.7,50,16.3,262,49.7,223,34.0,78
Jacksonville St.,ASun,17.1,222,45.3,323,37.6,39,14.7,318,46.5,307,38.8,13
Mississippi,SEC,17.1,223,52.4,129,30.6,202,16.2,270,55.3,48,28.5,277
UAB,CUSA,17.0,224,53.6,101,29.3,229,18.6,139,50.7,183,30.7,189
Bucknell,Pat,17.0,225,49.6,215,33.3,114,13.8,341,51.9,143,34.4,67
South Florida,Amer,17.0,226,59.7,9,23.2,347,19.8,78,45.1,336,35.0,50
St. Francis PA,NEC,17.0,227,56.8,40,26.2,299,14.5,323,51.6,154,33.9,80
Tennessee,SEC,17.0,228,47.5,279,35.6,70,19.4,93,48.6,256,32.0,146
Samford,SC,16.9,229,48.4,258,34.6,88,17.8,179,43.8,351,38.4,16
Radford,BSth,16.9,230,50.6,190,32.5,135,20.7,52,49.3,237,30.0,223
Indiana St.,MVC,16.9,231,46.8,290,36.3,62,16.1,275,50.6,187,33.3,103
Wofford,SC,16.8,232,43.6,338,39.6,18,16.4,252,44.3,348,39.3,6
Missouri St.,MVC,16.8,233,52.0,143,31.1,185,17.9,173,49.7,226,32.4,135
Valparaiso,MVC,16.8,234,53.0,119,30.2,215,14.0,334,54.0,77,32.0,147
Drake,MVC,16.8,235,56.0,51,27.2,280,20.0,73,49.7,224,30.3,209
UMKC,Sum,16.8,236,54.3,87,28.9,234,24.3,7,50.3,196,25.4,336
Lamar,WAC,16.8,237,57.3,31,25.9,304,20.5,61,45.4,332,34.2,73
Miami FL,ACC,16.8,238,55.1,67,28.1,255,14.0,336,52.5,118,33.5,95
Loyola Chicago,MVC,16.8,239,46.6,300,36.7,53,18.5,146,50.9,175,30.6,193
UCF,Amer,16.8,240,45.4,321,37.8,35,18.4,157,49.2,240,32.4,136
USC,P12,16.7,241,55.3,64,28.0,256,17.7,187,50.9,174,31.4,165
Toledo,MAC,16.7,242,57.2,34,26.1,301,14.1,333,50.6,186,35.4,46
UTSA,CUSA,16.7,243,55.4,58,27.9,260,16.5,245,49.9,215,33.6,89
Gardner Webb,BSth,16.7,244,50.7,184,32.6,134,22.9,13,47.1,289,30.0,220
Sacramento St.,BSky,16.6,245,53.4,109,30.0,216,18.8,129,52.0,138,29.2,251
North Carolina A&T,BSth,16.6,246,54.7,71,28.7,240,20.6,57,46.2,311,33.2,108
Oregon St.,P12,16.6,247,58.5,17,24.9,323,15.9,281,51.3,166,32.8,125
Syracuse,ACC,16.6,248,48.2,264,35.3,76,14.9,316,44.6,346,40.6,5
IUPUI,Horz,16.5,249,53.6,103,29.9,217,20.9,46,45.6,327,33.5,99
Stanford,P12,16.5,250,50.6,191,32.9,126,16.2,266,52.5,121,31.3,173
UNC Greensboro,SC,16.5,251,49.3,226,34.1,96,17.9,174,40.3,358,41.8,1
Tennessee Martin,OVC,16.5,252,54.1,91,29.4,227,20.8,50,49.0,246,30.2,210
Oregon,P12,16.5,253,54.1,92,29.4,226,17.2,209,52.7,114,30.1,215
Dartmouth,Ivy,16.5,254,44.4,335,39.1,22,16.6,238,52.1,134,31.3,172
Western Carolina,SC,16.4,255,41.6,352,42.0,7,16.2,268,44.9,338,38.8,11
The Citadel,SC,16.4,256,42.0,351,41.6,8,16.2,265,51.9,142,31.9,150
California,P12,16.4,257,57.6,27,26.0,302,20.1,69,52.5,120,27.4,306
Liberty,ASun,16.4,258,40.9,356,42.7,5,19.0,120,46.0,317,35.0,55
Northern Arizona,BSky,16.4,259,46.1,310,37.6,41,19.2,106,50.2,204,30.6,195
Southern Miss,CUSA,16.3,260,58.8,12,24.8,326,15.7,294,47.0,295,37.3,25
Southern Illinois,MVC,16.3,261,47.9,269,35.8,65,17.4,201,56.7,21,25.8,333
Creighton,BE,16.3,262,54.6,79,29.1,232,14.4,326,55.5,44,30.1,218
Chattanooga,SC,16.3,263,52.1,140,31.6,173,16.3,263,52.7,112,31.0,183
St. Bonaventure,A10,16.3,264,58.1,21,25.7,313,13.8,338,46.9,298,39.2,7
Austin Peay,OVC,16.3,265,46.8,289,36.9,48,19.2,111,52.4,128,28.4,284
Florida Atlantic,CUSA,16.2,266,48.9,242,34.9,82,17.9,170,51.9,140,30.1,212
San Diego,WCC,16.2,267,60.0,8,23.8,339,15.1,311,61.0,1,23.9,346
Northern Colorado,BSky,16.2,268,45.1,327,38.7,24,17.4,202,53.2,96,29.5,246
UC Riverside,BW,16.2,269,51.8,148,32.0,152,17.8,177,58.7,6,23.5,351
Dayton,A10,16.2,270,55.5,57,28.4,248,15.4,302,52.0,139,32.6,131
Iowa St.,B12,16.2,271,53.0,117,30.8,196,21.8,28,51.5,156,26.6,319
Santa Clara,WCC,16.2,272,55.8,52,28.0,258,14.3,329,55.6,41,30.1,217
Elon,CAA,16.1,273,46.6,295,37.2,46,24.5,6,45.8,321,29.6,238
Utah St.,MWC,16.1,274,52.1,141,31.8,159,17.1,210,49.3,236,33.5,94
Purdue Fort Wayne,Horz,16.1,275,46.1,309,37.9,34,14.9,312,51.4,161,33.6,90
Northern Kentucky,Horz,16.1,276,47.9,268,36.0,63,16.0,278,51.2,170,32.8,124
UMass Lowell,AE,16.1,277,58.5,15,25.4,317,19.3,98,50.1,207,30.6,196
Baylor,B12,16.1,278,52.5,128,31.4,176,16.9,221,54.5,59,28.5,278
Kentucky,SEC,16.1,279,60.9,3,23.0,350,16.4,258,54.1,73,29.6,241
George Mason,A10,16.0,280,44.4,334,39.6,17,17.9,169,46.0,316,36.0,37
Albany,AE,16.0,281,55.5,56,28.5,246,18.5,149,48.5,260,33.1,113
Notre Dame,ACC,16.0,282,46.5,301,37.5,43,13.6,344,56.6,24,29.8,229
Appalachian St.,SB,16.0,283,46.2,305,37.8,36,14.1,332,54.2,71,31.7,155
BYU,WCC,15.9,284,52.3,131,31.8,160,18.4,151,52.5,119,29.0,255
Fairfield,MAAC,15.9,285,50.8,177,33.3,117,18.5,143,57.3,18,24.2,343
VMI,SC,15.9,286,37.3,358,46.8,1,15.7,293,43.6,354,40.8,4
Kennesaw St.,ASun,15.9,287,50.6,189,33.5,108,19.0,126,46.6,306,34.5,63
Miami OH,MAC,15.8,288,47.7,274,36.5,57,17.1,215,48.5,261,34.5,64
Florida Gulf Coast,ASun,15.8,289,45.0,328,39.2,20,14.0,335,53.0,102,33.0,114
Evansville,MVC,15.8,290,42.9,344,41.3,10,16.9,227,54.4,64,28.8,266
Oklahoma,B12,15.8,291,51.2,167,33.0,125,16.4,255,55.8,39,27.8,299
Duke,ACC,15.7,292,53.9,94,30.3,208,12.0,356,57.9,11,30.1,213
Morehead St.,OVC,15.7,293,49.6,216,34.7,87,14.7,319,55.5,42,29.8,232
Marquette,BE,15.7,294,49.5,222,34.8,86,18.1,166,51.8,145,30.1,216
Louisiana Monroe,SB,15.7,295,54.8,70,29.6,222,18.5,142,48.6,254,32.8,122
George Washington,A10,15.7,296,53.0,116,31.3,177,17.5,198,56.0,31,26.5,322
San Francisco,WCC,15.6,297,47.8,271,36.6,55,19.9,75,57.6,13,22.5,357
Mount St. Mary's,NEC,15.6,298,57.5,28,26.8,290,16.8,228,54.4,62,28.8,264
Jackson St.,SWAC,15.6,299,58.9,10,25.4,316,20.9,44,55.3,47,23.7,348
Northwestern,B10,15.6,300,49.9,207,34.5,90,19.9,76,44.3,349,35.8,38
Rutgers,B10,15.6,301,57.2,35,27.2,279,17.6,194,48.2,268,34.2,72
Gonzaga,WCC,15.5,302,56.1,48,28.3,250,15.7,292,54.4,63,29.9,227
Bradley,MVC,15.5,303,51.1,170,33.4,112,19.3,100,49.2,241,31.5,163
Stetson,ASun,15.5,304,48.1,267,36.4,61,14.9,315,50.1,205,35.0,51
Merrimack,NEC,15.3,305,49.5,221,35.2,78,19.8,81,52.4,130,27.9,297
Central Arkansas,ASun,15.3,306,57.3,32,27.4,274,16.4,250,54.2,67,29.4,249
La Salle,A10,15.3,307,50.8,179,33.9,102,18.0,168,49.6,230,32.4,134
Pepperdine,WCC,15.2,308,53.0,118,31.8,161,17.6,190,54.3,66,28.1,292
St. Francis NY,NEC,15.2,309,52.9,121,31.8,158,17.8,182,58.1,10,24.1,344
Sacred Heart,NEC,15.2,310,51.5,158,33.3,116,13.7,342,53.6,88,32.7,130
Lehigh,Pat,15.2,311,49.2,232,35.7,67,19.0,125,57.5,14,23.5,349
Hartford,AE,15.2,312,44.9,329,39.9,15,16.9,222,50.1,206,33.0,115
American,Pat,15.2,313,61.1,2,23.8,340,15.8,286,56.0,30,28.1,289
Marist,MAAC,15.1,314,52.2,138,32.7,131,17.7,188,47.4,280,34.9,56
Houston,Amer,15.1,315,53.2,113,31.7,169,22.0,24,44.9,339,33.1,111
Buffalo,MAC,15.1,316,53.4,110,31.6,174,17.8,178,56.0,32,26.2,329
Northwestern St.,Slnd,15.1,317,54.6,76,30.3,210,19.2,108,54.0,80,26.8,315
St. Thomas,Sum,14.9,318,43.0,342,42.0,6,16.9,225,49.1,242,33.9,79
FIU,CUSA,14.9,319,44.9,331,40.2,14,18.4,156,49.3,238,32.3,140
Georgia Tech,ACC,14.9,320,54.6,78,30.5,204,18.6,140,51.3,165,30.1,214
Marshall,CUSA,14.9,321,54.6,75,30.5,205,17.5,195,53.8,84,28.7,271
St. John's,BE,14.8,322,57.9,23,27.3,276,19.6,90,48.2,267,32.2,143
Drexel,CAA,14.8,323,55.4,62,29.9,218,15.3,305,57.6,12,27.0,310
Vermont,AE,14.8,324,49.8,211,35.4,73,14.4,325,50.8,180,34.8,58
Louisville,ACC,14.8,325,51.0,173,34.3,94,17.3,205,49.9,211,32.8,126
Campbell,BSth,14.7,326,54.1,90,31.1,186,15.1,310,51.2,169,33.8,85
Western Michigan,MAC,14.7,327,45.9,314,39.4,19,16.3,264,51.7,151,32.0,144
Belmont,OVC,14.6,328,52.7,125,32.7,133,14.3,328,50.7,182,35.0,54
Penn,Ivy,14.6,329,51.8,151,33.6,107,16.4,249,51.8,149,31.8,152
Loyola MD,Pat,14.6,330,54.2,89,31.2,183,17.7,186,51.0,172,31.3,171
Air Force,MWC,14.6,331,48.9,239,36.4,59,22.3,19,54.2,68,23.5,350
Duquesne,A10,14.6,332,56.7,41,28.7,239,12.6,355,56.5,26,30.9,187
Detroit Mercy,Horz,14.5,333,41.6,353,44.0,3,16.7,232,49.7,225,33.6,92
Saint Mary's,WCC,14.4,334,54.3,84,31.3,178,15.9,284,58.8,5,25.4,335
Columbia,Ivy,14.4,335,52.3,133,33.3,114,14.4,324,47.8,274,37.7,22
New Hampshire,AE,14.4,336,47.6,275,38.0,31,16.5,242,50.0,208,33.5,100
Minnesota,B10,14.3,337,50.7,182,34.9,81,13.8,340,56.7,20,29.5,245
Virginia Tech,ACC,14.3,338,48.2,266,37.5,42,16.3,261,53.2,98,30.5,200
Harvard,Ivy,14.2,339,50.1,203,35.6,69,18.6,138,46.9,297,34.5,65
Colgate,Pat,14.1,340,46.7,293,39.2,21,14.2,331,54.2,69,31.6,159
Hofstra,CAA,13.9,341,49.6,214,36.4,60,15.1,309,46.8,300,38.2,18
Tennessee Tech,OVC,13.9,342,58.1,20,28.0,259,14.6,321,53.1,99,32.3,141
Eastern Kentucky,ASun,13.9,343,42.2,349,44.0,4,15.5,297,52.6,115,31.9,149
Binghamton,AE,13.7,344,53.5,105,32.8,129,17.0,218,51.8,146,31.2,177
Illinois Chicago,Horz,13.7,345,48.5,257,37.9,33,19.3,101,56.7,23,24.0,345
Furman,SC,13.7,346,41.2,354,45.1,2,14.8,317,54.6,57,30.5,198
Penn St.,B10,13.7,347,49.0,234,37.3,45,16.5,243,48.9,248,34.5,62
Sam Houston St.,WAC,13.5,348,48.3,261,38.1,30,20.7,53,45.8,322,33.4,101
Bellarmine,ASun,13.4,349,51.8,153,34.9,85,16.3,259,45.6,326,38.0,19
Oral Roberts,Sum,13.3,350,45.2,325,41.4,9,14.6,320,55.3,49,30.2,211
Maine,AE,13.3,351,53.5,106,33.2,118,17.8,181,51.7,150,30.5,203
Saint Joseph's,A10,13.1,352,47.2,282,39.6,16,16.6,239,57.3,17,26.1,331
Arizona St.,P12,13.0,353,55.4,61,31.7,168,20.1,68,46.9,296,33.0,118
San Jose St.,MWC,12.9,354,46.6,297,40.5,12,15.4,301,55.7,40,28.9,260
East Tennessee St.,SC,12.9,355,49.7,212,37.4,44,14.9,314,46.7,302,38.4,15
Lafayette,Pat,12.4,356,48.8,246,38.8,23,14.3,330,52.8,109,33.0,116
Nicholls St.,Slnd,11.3,357,57.8,25,30.9,193,21.2,39,48.2,268,30.6,197
Princeton,Ivy,10.7,358,48.5,254,40.8,11,13.4,345,59.9,4,26.6,317
,,,,,,,,,,,,,
,,,,,,,,,,,,,
,,,,,,,,,,,,,
,,,,,,,,,,,,,
,,,,,,,,,,,,,
,,,,,,,,,,,,,
,,,,,,,,,,,,,
,,,,,,,,,,,,,
,,,,,,,,,,,,,
,,,,,,,,,,,,,
,,,,,,,,,,,,,
,,,,,,,,,,,,,
,,,,,,,,,,,,,
,,,,,,,,,,,,,
,,,,,,,,,,,,,
,,,,,,,,,,,,,
,,,,,,,,,,,,,
,,,,,,,,,,,,,
,,,,,,,,,,,,,
,,,,,,,,,,,,,
,,,,,,,,,,,,,
,,,,,,,,,,,,,
,,,,,,,,,,,,,
,,,,,,,,,,,,,
,,,,,,,,,,,,,
,,,,,,,,,,,,,
,,,,,,,,,,,,,
,,,,,,,,,,,,,
,,,,,,,,,,,,,
,,,,,,,,,,,,,
,,,,,,,,,,,,,
,,,,,,,,,,,,,
,,,,,,,,,,,,,
,,,,,,,,,,,,,
,,,,,,,,,,,,,
,,,,,,,,,,,,,
,,,,,,,,,,,,,
,,,,,,,,,,,,,
,,,,,,,,,,,,,
,,,,,,,,,,,,,
,,,,,,,,,,,,,
,,,,,,,,,,,,,
,,,,,,,,,,,,,
,,,,,,,,,,,,,
,,,,,,,,,,,,,
,,,,,,,,,,,,,
,,,,,,,,,,,,,
,,,,,,,,,,,,,
,,,,,,,,,,,,,
,,,,,,,,,,,,,
,,,,,,,,,,,,,
,,,,,,,,,,,,,
,,,,,,,,,,,,,
,,,,,,,,,,,,,
,,,,,,,,,,,,,
,,,,,,,,,,,,,
,,,,,,,,,,,,,
,,,,,,,,,,,,,
,,,,,,,,,,,,,
,,,,,,,,,,,,,
,,,,,,,,,,,,,
,,,,,,,,,,,,,
,,,,,,,,,,,,,
,,,,,,,,,,,,,
,,,,,,,,,,,,,
,,,,,,,,,,,,,
,,,,,,,,,,,,,
,,,,,,,,,,,,,
,,,,,,,,,,,,,
,,,,,,,,,,,,,
,,,,,,,,,,,,,
,,,,,,,,,,,,,
,,,,,,,,,,,,,
,,,,,,,,,,,,,
,,,,,,,,,,,,,
,,,,,,,,,,,,,
,,,,,,,,,,,,,
,,,,,,,,,,,,,
,,,,,,,,,,,,,
,,,,,,,,,,,,,
,,,,,,,,,,,,,
,,,,,,,,,,,,,
,,,,,,,,,,,,,
,,,,,,,,,,,,,
,,,,,,,,,,,,,
,,,,,,,,,,,,,
,,,,,,,,,,,,,
,,,,,,,,,,,,,
,,,,,,,,,,,,,
,,,,,,,,,,,,,
,,,,,,,,,,,,,
,,,,,,,,,,,,,
,,,,,,,,,,,,,
,,,,,,,,,,,,,
,,,,,,,,,,,,,
,,,,,,,,,,,,,
,,,,,,,,,,,,,
,,,,,,,,,,,,,
,,,,,,,,,,,,,
,,,,,,,,,,,,,
,,,,,,,,,,,,,
,,,,,,,,,,,,,
,,,,,,,,,,,,,
,,,,,,,,,,,,,
,,,,,,,,,,,,,
,,,,,,,,,,,,,
,,,,,,,,,,,,,
,,,,,,,,,,,,,
,,,,,,,,,,,,,
,,,,,,,,,,,,,
,,,,,,,,,,,,,
,,,,,,,,,,,,,
,,,,,,,,,,,,,
,,,,,,,,,,,,,
,,,,,,,,,,,,,
,,,,,,,,,,,,,
,,,,,,,,,,,,,
,,,,,,,,,,,,,
,,,,,,,,,,,,,
,,,,,,,,,,,,,
,,,,,,,,,,,,,
,,,,,,,,,,,,,
,,,,,,,,,,,,,
,,,,,,,,,,,,,
,,,,,,,,,,,,,
,,,,,,,,,,,,,
,,,,,,,,,,,,,
,,,,,,,,,,,,,
,,,,,,,,,,,,,
,,,,,,,,,,,,,
,,,,,,,,,,,,,
,,,,,,,,,,,,,
,,,,,,,,,,,,,
,,,,,,,,,,,,,
,,,,,,,,,,,,,
,,,,,,,,,,,,,
,,,,,,,,,,,,,
,,,,,,,,,,,,,
,,,,,,,,,,,,,
,,,,,,,,,,,,,
,,,,,,,,,,,,,
,,,,,,,,,,,,,
,,,,,,,,,,,,,
,,,,,,,,,,,,,
,,,,,,,,,,,,,
,,,,,,,,,,,,,
,,,,,,,,,,,,,
,,,,,,,,,,,,,
,,,,,,,,,,,,,
,,,,,,,,,,,,,
,,,,,,,,,,,,,
,,,,,,,,,,,,,
,,,,,,,,,,,,,
,,,,,,,,,,,,,
,,,,,,,,,,,,,
,,,,,,,,,,,,,
,,,,,,,,,,,,,
,,,,,,,,,,,,,
,,,,,,,,,,,,,
,,,,,,,,,,,,,
,,,,,,,,,,,,,
,,,,,,,,,,,,,
,,,,,,,,,,,,,
,,,,,,,,,,,,,
,,,,,,,,,,,,,
,,,,,,,,,,,,,
,,,,,,,,,,,,,
,,,,,,,,,,,,,
,,,,,,,,,,,,,
,,,,,,,,,,,,,
,,,,,,,,,,,,,
,,,,,,,,,,,,,
,,,,,,,,,,,,,
,,,,,,,,,,,,,
,,,,,,,,,,,,,
,,,,,,,,,,,,,
,,,,,,,,,,,,,
,,,,,,,,,,,,,
,,,,,,,,,,,,,
,,,,,,,,,,,,,
,,,,,,,,,,,,,
,,,,,,,,,,,,,
,,,,,,,,,,,,,
,,,,,,,,,,,,,
,,,,,,,,,,,,,
,,,,,,,,,,,,,
,,,,,,,,,,,,,
,,,,,,,,,,,,,
,,,,,,,,,,,,,
,,,,,,,,,,,,,
,,,,,,,,,,,,,
,,,,,,,,,,,,,
,,,,,,,,,,,,,
,,,,,,,,,,,,,
,,,,,,,,,,,,,
,,,,,,,,,,,,,
,,,,,,,,,,,,,
,,,,,,,,,,,,,
,,,,,,,,,,,,,
,,,,,,,,,,,,,
,,,,,,,,,,,,,
,,,,,,,,,,,,,
,,,,,,,,,,,,,
,,,,,,,,,,,,,
,,,,,,,,,,,,,
,,,,,,,,,,,,,
,,,,,,,,,,,,,
,,,,,,,,,,,,,
,,,,,,,,,,,,,
,,,,,,,,,,,,,
,,,,,,,,,,,,,
,,,,,,,,,,,,,
,,,,,,,,,,,,,
,,,,,,,,,,,,,
,,,,,,,,,,,,,
,,,,,,,,,,,,,
,,,,,,,,,,,,,
,,,,,,,,,,,,,
,,,,,,,,,,,,,
,,,,,,,,,,,,,
,,,,,,,,,,,,,
,,,,,,,,,,,,,
,,,,,,,,,,,,,
,,,,,,,,,,,,,
,,,,,,,,,,,,,
,,,,,,,,,,,,,
,,,,,,,,,,,,,
,,,,,,,,,,,,,
,,,,,,,,,,,,,
,,,,,,,,,,,,,
,,,,,,,,,,,,,
,,,,,,,,,,,,,
,,,,,,,,,,,,,
,,,,,,,,,,,,,
,,,,,,,,,,,,,
,,,,,,,,,,,,,
,,,,,,,,,,,,,
,,,,,,,,,,,,,
,,,,,,,,,,,,,
,,,,,,,,,,,,,
,,,,,,,,,,,,,
,,,,,,,,,,,,,
,,,,,,,,,,,,,
,,,,,,,,,,,,,
,,,,,,,,,,,,,
,,,,,,,,,,,,,
,,,,,,,,,,,,,
,,,,,,,,,,,,,
,,,,,,,,,,,,,
,,,,,,,,,,,,,
,,,,,,,,,,,,,
,,,,,,,,,,,,,
,,,,,,,,,,,,,
,,,,,,,,,,,,,
,,,,,,,,,,,,,
,,,,,,,,,,,,,
,,,,,,,,,,,,,
,,,,,,,,,,,,,
,,,,,,,,,,,,,
,,,,,,,,,,,,,
,,,,,,,,,,,,,
,,,,,,,,,,,,,
,,,,,,,,,,,,,
,,,,,,,,,,,,,
,,,,,,,,,,,,,
,,,,,,,,,,,,,
,,,,,,,,,,,,,
,,,,,,,,,,,,,
,,,,,,,,,,,,,
,,,,,,,,,,,,,
,,,,,,,,,,,,,
,,,,,,,,,,,,,
,,,,,,,,,,,,,
,,,,,,,,,,,,,
,,,,,,,,,,,,,
,,,,,,,,,,,,,
,,,,,,,,,,,,,
,,,,,,,,,,,,,
,,,,,,,,,,,,,
,,,,,,,,,,,,,
,,,,,,,,,,,,,
,,,,,,,,,,,,,
,,,,,,,,,,,,,
,,,,,,,,,,,,,
,,,,,,,,,,,,,
,,,,,,,,,,,,,
,,,,,,,,,,,,,
,,,,,,,,,,,,,
,,,,,,,,,,,,,
,,,,,,,,,,,,,
,,,,,,,,,,,,,
,,,,,,,,,,,,,
,,,,,,,,,,,,,
,,,,,,,,,,,,,
,,,,,,,,,,,,,
,,,,,,,,,,,,,
,,,,,,,,,,,,,
,,,,,,,,,,,,,
,,,,,,,,,,,,,
,,,,,,,,,,,,,
,,,,,,,,,,,,,
,,,,,,,,,,,,,
,,,,,,,,,,,,,
,,,,,,,,,,,,,
,,,,,,,,,,,,,
,,,,,,,,,,,,,
,,,,,,,,,,,,,
,,,,,,,,,,,,,
,,,,,,,,,,,,,
,,,,,,,,,,,,,
,,,,,,,,,,,,,
,,,,,,,,,,,,,
,,,,,,,,,,,,,
,,,,,,,,,,,,,
,,,,,,,,,,,,,
,,,,,,,,,,,,,
,,,,,,,,,,,,,
,,,,,,,,,,,,,
,,,,,,,,,,,,,
,,,,,,,,,,,,,
,,,,,,,,,,,,,
,,,,,,,,,,,,,
,,,,,,,,,,,,,
,,,,,,,,,,,,,
,,,,,,,,,,,,,
,,,,,,,,,,,,,
,,,,,,,,,,,,,
,,,,,,,,,,,,,
,,,,,,,,,,,,,
,,,,,,,,,,,,,
,,,,,,,,,,,,,
,,,,,,,,,,,,,
,,,,,,,,,,,,,
,,,,,,,,,,,,,
,,,,,,,,,,,,,
,,,,,,,,,,,,,
,,,,,,,,,,,,,
,,,,,,,,,,,,,
,,,,,,,,,,,,,
,,,,,,,,,,,,,
,,,,,,,,,,,,,
,,,,,,,,,,,,,
,,,,,,,,,,,,,
,,,,,,,,,,,,,
,,,,,,,,,,,,,
,,,,,,,,,,,,,
,,,,,,,,,,,,,
,,,,,,,,,,,,,
,,,,,,,,,,,,,
,,,,,,,,,,,,,
,,,,,,,,,,,,,
,,,,,,,,,,,,,
,,,,,,,,,,,,,
,,,,,,,,,,,,,
,,,,,,,,,,,,,
,,,,,,,,,,,,,
,,,,,,,,,,,,,
,,,,,,,,,,,,,
,,,,,,,,,,,,,
,,,,,,,,,,,,,
,,,,,,,,,,,,,
,,,,,,,,,,,,,
,,,,,,,,,,,,,
,,,,,,,,,,,,,
,,,,,,,,,,,,,
,,,,,,,,,,,,,
,,,,,,,,,,,,,
,,,,,,,,,,,,,
,,,,,,,,,,,,,
,,,,,,,,,,,,,
,,,,,,,,,,,,,
,,,,,,,,,,,,,
,,,,,,,,,,,,,
,,,,,,,,,,,,,
,,,,,,,,,,,,,
,,,,,,,,,,,,,
,,,,,,,,,,,,,
,,,,,,,,,,,,,
,,,,,,,,,,,,,
,,,,,,,,,,,,,
,,,,,,,,,,,,,
,,,,,,,,,,,,,
,,,,,,,,,,,,,
,,,,,,,,,,,,,
,,,,,,,,,,,,,
,,,,,,,,,,,,,
,,,,,,,,,,,,,
,,,,,,,,,,,,,
,,,,,,,,,,,,,
,,,,,,,,,,,,,
,,,,,,,,,,,,,
,,,,,,,,,,,,,
,,,,,,,,,,,,,
,,,,,,,,,,,,,
,,,,,,,,,,,,,
,,,,,,,,,,,,,
,,,,,,,,,,,,,
,,,,,,,,,,,,,
,,,,,,,,,,,,,
,,,,,,,,,,,,,
,,,,,,,,,,,,,
,,,,,,,,,,,,,
,,,,,,,,,,,,,
,,,,,,,,,,,,,
,,,,,,,,,,,,,
,,,,,,,,,,,,,
,,,,,,,,,,,,,
,,,,,,,,,,,,,
,,,,,,,,,,,,,
,,,,,,,,,,,,,
,,,,,,,,,,,,,
,,,,,,,,,,,,,
,,,,,,,,,,,,,
,,,,,,,,,,,,,
,,,,,,,,,,,,,
,,,,,,,,,,,,,
,,,,,,,,,,,,,
,,,,,,,,,,,,,
,,,,,,,,,,,,,
,,,,,,,,,,,,,
,,,,,,,,,,,,,
,,,,,,,,,,,,,
,,,,,,,,,,,,,
,,,,,,,,,,,,,
,,,,,,,,,,,,,
,,,,,,,,,,,,,
,,,,,,,,,,,,,
,,,,,,,,,,,,,
,,,,,,,,,,,,,
,,,,,,,,,,,,,
,,,,,,,,,,,,,
,,,,,,,,,,,,,
,,,,,,,,,,,,,
,,,,,,,,,,,,,
,,,,,,,,,,,,,
,,,,,,,,,,,,,
,,,,,,,,,,,,,
,,,,,,,,,,,,,
,,,,,,,,,,,,,
,,,,,,,,,,,,,
,,,,,,,,,,,,,
,,,,,,,,,,,,,
,,,,,,,,,,,,,
,,,,,,,,,,,,,
,,,,,,,,,,,,,
,,,,,,,,,,,,,
,,,,,,,,,,,,,
,,,,,,,,,,,,,
,,,,,,,,,,,,,
,,,,,,,,,,,,,
,,,,,,,,,,,,,
,,,,,,,,,,,,,
,,,,,,,,,,,,,
,,,,,,,,,,,,,
,,,,,,,,,,,,,
,,,,,,,,,,,,,
,,,,,,,,,,,,,
,,,,,,,,,,,,,
,,,,,,,,,,,,,
,,,,,,,,,,,,,
,,,,,,,,,,,,,
,,,,,,,,,,,,,
,,,,,,,,,,,,,
,,,,,,,,,,,,,
,,,,,,,,,,,,,
,,,,,,,,,,,,,
,,,,,,,,,,,,,
,,,,,,,,,,,,,
,,,,,,,,,,,,,
,,,,,,,,,,,,,
,,,,,,,,,,,,,
,,,,,,,,,,,,,
,,,,,,,,,,,,,
,,,,,,,,,,,,,
,,,,,,,,,,,,,
,,,,,,,,,,,,,
,,,,,,,,,,,,,
,,,,,,,,,,,,,
,,,,,,,,,,,,,
,,,,,,,,,,,,,
,,,,,,,,,,,,,
,,,,,,,,,,,,,
,,,,,,,,,,,,,
,,,,,,,,,,,,,
,,,,,,,,,,,,,
,,,,,,,,,,,,,
,,,,,,,,,,,,,
,,,,,,,,,,,,,
,,,,,,,,,,,,,
,,,,,,,,,,,,,
,,,,,,,,,,,,,
,,,,,,,,,,,,,
,,,,,,,,,,,,,
,,,,,,,,,,,,,
,,,,,,,,,,,,,
,,,,,,,,,,,,,
,,,,,,,,,,,,,
,,,,,,,,,,,,,
,,,,,,,,,,,,,
,,,,,,,,,,,,,
,,,,,,,,,,,,,
,,,,,,,,,,,,,
,,,,,,,,,,,,,
,,,,,,,,,,,,,
,,,,,,,,,,,,,
,,,,,,,,,,,,,
,,,,,,,,,,,,,
,,,,,,,,,,,,,
,,,,,,,,,,,,,
,,,,,,,,,,,,,
,,,,,,,,,,,,,
,,,,,,,,,,,,,
,,,,,,,,,,,,,
,,,,,,,,,,,,,
,,,,,,,,,,,,,
,,,,,,,,,,,,,
,,,,,,,,,,,,,
,,,,,,,,,,,,,
,,,,,,,,,,,,,
,,,,,,,,,,,,,
,,,,,,,,,,,,,
,,,,,,,,,,,,,
,,,,,,,,,,,,,
,,,,,,,,,,,,,
,,,,,,,,,,,,,
,,,,,,,,,,,,,
,,,,,,,,,,,,,
,,,,,,,,,,,,,
,,,,,,,,,,,,,
,,,,,,,,,,,,,
,,,,,,,,,,,,,
,,,,,,,,,,,,,
,,,,,,,,,,,,,
,,,,,,,,,,,,,
,,,,,,,,,,,,,
,,,,,,,,,,,,,
,,,,,,,,,,,,,
,,,,,,,,,,,,,
,,,,,,,,,,,,,
,,,,,,,,,,,,,
,,,,,,,,,,,,,
,,,,,,,,,,,,,
,,,,,,,,,,,,,
,,,,,,,,,,,,,
,,,,,,,,,,,,,
,,,,,,,,,,,,,
,,,,,,,,,,,,,
,,,,,,,,,,,,,
,,,,,,,,,,,,,
,,,,,,,,,,,,,
,,,,,,,,,,,,,
,,,,,,,,,,,,,
,,,,,,,,,,,,,
,,,,,,,,,,,,,
,,,,,,,,,,,,,
,,,,,,,,,,,,,
,,,,,,,,,,,,,
,,,,,,,,,,,,,
,,,,,,,,,,,,,
,,,,,,,,,,,,,
,,,,,,,,,,,,,
,,,,,,,,,,,,,
,,,,,,,,,,,,,
,,,,,,,,,,,,,
,,,,,,,,,,,,,
,,,,,,,,,,,,,
,,,,,,,,,,,,,
,,,,,,,,,,,,,
,,,,,,,,,,,,,
,,,,,,,,,,,,,
,,,,,,,,,,,,,
,,,,,,,,,,,,,
,,,,,,,,,,,,,
,,,,,,,,,,,,,
,,,,,,,,,,,,,
,,,,,,,,,,,,,
,,,,,,,,,,,,,
,,,,,,,,,,,,,
,,,,,,,,,,,,,
,,,,,,,,,,,,,
,,,,,,,,,,,,,
,,,,,,,,,,,,,
,,,,,,,,,,,,,
,,,,,,,,,,,,,
,,,,,,,,,,,,,
,,,,,,,,,,,,,
,,,,,,,,,,,,,
,,,,,,,,,,,,,
,,,,,,,,,,,,,
,,,,,,,,,,,,,
,,,,,,,,,,,,,
,,,,,,,,,,,,,
,,,,,,,,,,,,,
,,,,,,,,,,,,,
,,,,,,,,,,,,,
,,,,,,,,,,,,,
,,,,,,,,,,,,,
,,,,,,,,,,,,,
,,,,,,,,,,,,,
,,,,,,,,,,,,,
,,,,,,,,,,,,,
,,,,,,,,,,,,,
,,,,,,,,,,,,,
,,,,,,,,,,,,,
,,,,,,,,,,,,,
,,,,,,,,,,,,,
,,,,,,,,,,,,,
,,,,,,,,,,,,,
,,,,,,,,,,,,,
,,,,,,,,,,,,,
,,,,,,,,,,,,,
,,,,,,,,,,,,,
,,,,,,,,,,,,,
,,,,,,,,,,,,,
,,,,,,,,,,,,,
,,,,,,,,,,,,,
,,,,,,,,,,,,,
,,,,,,,,,,,,,
,,,,,,,,,,,,,
,,,,,,,,,,,,,
,,,,,,,,,,,,,
,,,,,,,,,,,,,
,,,,,,,,,,,,,
,,,,,,,,,,,,,
,,,,,,,,,,,,,
,,,,,,,,,,,,,
,,,,,,,,,,,,,
,,,,,,,,,,,,,
,,,,,,,,,,,,,
,,,,,,,,,,,,,
,,,,,,,,,,,,,
,,,,,,,,,,,,,
,,,,,,,,,,,,,
,,,,,,,,,,,,,
,,,,,,,,,,,,,
,,,,,,,,,,,,,
,,,,,,,,,,,,,
,,,,,,,,,,,,,
,,,,,,,,,,,,,
,,,,,,,,,,,,,
,,,,,,,,,,,,,