Team,Conference,AdjTempo,AdjTempo.Rank,AdjOE,AdjOE.Rank,Off-eFG%,Off-eFG%.Rank,Off-TO%,Off-TO%.Rank,Off-OR%,Off-OR%.Rank,Off-FTRate,Off-FTRate.Rank,AdjDE,AdjDE.Rank,Def-eFG%,Def-eFG%.Rank,Def-TO%,Def-TO%.Rank,Def-OR%,Def-OR%.Rank,Def-FTRate,Def-FTRate.Rank
Gonzaga,WCC,72.5,6,122.2,1,59.3,1,15.5,29,29.3,143,30.6,162,89.8,9,43.0,1,16.4,296,23.4,25,22.9,22
Purdue,B10,66.2,236,121.5,2,56.8,4,17.3,106,35.1,13,38.5,14,98.4,89,49.2,139,14.1,346,23.8,33,21.1,6
Iowa,B10,69.7,53,120.6,3,53.3,42,13.0,3,32.3,51,30.0,183,97.7,78,49.7,165,19.2,123,30.0,258,26.3,78
Duke,ACC,67.4,167,120.3,4,55.9,10,15.1,21,32.0,58,28.5,236,95.5,43,46.9,42,15.9,309,28.9,217,18.7,2
Kentucky,SEC,67.5,152,119.8,5,53.1,45,16.7,59,37.7,4,28.0,248,94.5,35,46.9,44,17.5,229,24.9,57,25.4,53
Kansas,B12,69.4,64,119.6,6,54.0,25,17.6,119,33.5,34,32.1,117,93.4,26,46.6,37,18.3,175,28.1,176,28.1,118
Arizona,P12,72.5,5,119.1,7,55.9,9,18.2,166,34.5,15,34.8,56,92.2,19,44.1,7,17.4,234,28.4,193,23.5,30
Villanova,BE,62.6,345,118.3,8,52.3,77,15.6,31,31.2,75,30.4,170,93.6,30,47.5,66,18.8,148,28.3,187,25.1,47
Baylor,B12,67.4,163,117.9,9,52.8,58,17.9,138,36.3,7,29.0,221,91.0,12,47.8,78,23.0,14,28.8,214,27.7,104
Houston,Amer,64.0,334,117.9,10,53.6,31,16.9,70,37.7,3,28.6,231,90.3,10,43.6,3,21.8,29,27.5,146,34.7,286
Davidson,A10,64.7,307,116.8,11,55.7,12,14.8,15,23.6,307,32.5,106,102.0,157,49.5,156,16.7,275,22.4,10,28.0,108
UCLA,P12,65.4,271,116.3,12,50.6,147,13.3,5,31.7,65,29.9,186,91.1,13,47.6,72,19.6,98,24.9,56,28.6,133
Ohio St.,B10,65.1,289,115.6,13,54.3,23,17.1,87,29.3,138,33.4,86,99.3,110,47.6,69,15.5,328,28.7,208,29.1,154
South Dakota St.,Sum,69.5,61,115.5,14,59.2,2,15.3,25,23.7,305,34.6,60,104.8,218,51.4,237,15.8,313,24.3,43,21.3,8
Syracuse,ACC,67.6,142,115.3,15,52.5,69,15.4,26,29.5,132,28.3,242,104.1,207,50.6,206,16.7,276,32.1,328,23.5,31
Alabama,SEC,72.0,11,115.0,16,51.3,112,19.8,271,35.3,12,32.9,99,98.7,93,49.8,168,17.9,203,30.5,272,34.8,289
Virginia Tech,ACC,63.3,341,114.9,17,55.1,18,17.0,84,27.9,177,24.5,327,96.3,57,48.9,124,18.7,153,26.2,95,25.6,60
Miami FL,ACC,67.6,147,114.9,18,53.8,30,13.6,6,22.7,319,29.1,216,100.3,121,52.9,298,20.4,60,30.2,265,24.9,45
Michigan,B10,66.7,203,114.5,19,52.6,66,17.4,112,30.9,83,29.6,201,97.6,77,49.9,172,14.8,337,23.9,35,25.8,63
North Carolina,ACC,70.6,31,114.0,20,52.3,72,16.7,60,30.7,89,30.3,175,95.5,42,49.2,134,14.1,347,21.4,2,21.6,10
Furman,SC,64.9,297,113.9,21,55.6,13,15.7,37,27.4,191,23.3,340,103.0,175,51.5,248,19.1,129,28.2,186,24.6,42
Connecticut,BE,64.8,302,113.8,22,49.6,193,17.3,102,37.7,2,30.5,168,95.4,41,46.0,26,18.0,199,27.6,151,31.7,223
Missouri St.,MVC,67.2,180,113.3,23,54.6,21,15.5,28,25.8,261,27.7,258,101.8,149,48.8,115,15.7,317,24.0,38,28.0,110
Colorado St.,MWC,65.4,270,112.9,24,54.8,19,15.2,23,21.8,341,29.6,200,98.4,91,50.1,181,18.5,161,25.1,60,25.6,57
UAB,CUSA,68.9,82,112.5,25,52.8,56,16.4,52,33.2,38,29.3,209,98.8,97,48.3,104,21.1,35,27.5,148,31.3,207
Auburn,SEC,70.2,42,112.5,26,49.9,178,16.7,66,33.6,29,31.6,133,89.6,8,44.1,8,20.0,84,28.9,222,34.2,280
Texas,B12,63.8,337,112.4,27,50.1,170,17.8,128,31.6,67,32.0,123,91.6,15,47.0,48,23.0,15,29.7,243,39.1,336
Princeton,Ivy,66.9,194,112.4,28,56.7,5,14.5,10,24.8,286,21.3,355,106.4,249,51.3,235,15.5,326,23.5,27,21.7,13
Notre Dame,ACC,65.7,257,112.3,29,54.0,26,15.6,30,22.1,335,27.3,270,97.3,74,49.0,129,15.1,334,24.7,51,22.2,16
Illinois,B10,67.2,181,112.1,30,52.5,68,18.1,154,33.1,39,32.0,121,93.2,25,46.0,25,15.5,325,26.6,110,28.2,120
Santa Clara,WCC,70.9,26,112.0,31,54.5,22,16.2,44,23.4,310,27.6,261,100.8,130,48.5,107,16.5,289,26.2,96,21.2,7
Providence,BE,65.2,283,112.0,32,50.5,149,17.2,97,30.4,99,37.5,28,96.4,58,46.5,34,15.6,322,27.4,140,26.3,80
Michigan St.,B10,67.6,146,111.9,33,52.0,90,18.8,209,30.7,90,29.9,189,97.1,67,48.1,81,15.3,330,27.1,124,28.3,125
Massachusetts,A10,69.1,76,111.9,34,51.3,115,16.6,56,29.3,137,32.8,100,113.1,343,55.2,348,18.0,197,29.7,245,29.3,157
Wake Forest,ACC,70.5,35,111.7,35,56.0,8,19.0,225,27.0,211,33.7,76,95.9,46,47.3,59,17.7,220,26.2,94,29.1,151
Murray St.,OVC,66.1,243,111.6,36,52.6,63,17.1,88,35.3,11,32.4,111,96.2,52,48.1,85,20.4,63,25.7,73,26.0,67
Tennessee,SEC,67.5,159,111.3,37,50.7,138,17.7,126,32.5,46,29.0,223,86.5,3,46.4,33,22.9,16,27.2,132,31.5,217
Memphis,Amer,69.9,50,111.1,38,52.3,73,22.5,351,37.4,5,37.8,25,93.9,31,46.6,38,20.4,61,30.9,285,33.2,253
Vermont,AE,65.0,292,111.1,39,57.1,3,14.7,13,23.7,306,26.7,278,98.0,85,47.7,76,16.9,268,18.8,1,23.3,25
Oklahoma,B12,65.1,287,111.1,40,54.8,20,22.0,344,25.7,263,27.4,266,94.7,37,49.4,148,20.3,68,26.2,93,26.4,81
BYU,WCC,68.1,117,110.8,41,52.1,82,18.3,171,30.6,94,27.2,272,96.3,55,47.6,73,15.1,333,22.2,7,31.4,208
San Francisco,WCC,68.9,81,110.8,42,53.1,46,17.9,134,29.9,115,28.5,235,92.9,22,47.1,50,18.4,169,24.0,36,33.0,250
Northern Iowa,MVC,67.3,171,110.7,43,53.0,49,16.2,45,20.8,345,33.2,92,102.2,161,53.9,332,17.9,205,21.8,4,22.7,20
VMI,SC,69.0,78,110.4,44,55.3,17,16.9,73,22.7,318,26.3,290,110.6,316,51.1,228,14.0,348,29.6,240,25.3,51
Saint Mary's,WCC,63.6,339,110.4,45,52.7,60,16.9,75,27.3,195,23.3,338,90.3,11,48.3,97,19.2,122,21.7,3,25.1,48
Texas Tech,B12,66.5,217,110.3,46,52.7,62,20.0,285,33.1,40,35.8,47,84.4,1,45.4,17,23.5,11,26.0,84,31.9,228
Toledo,MAC,68.9,86,110.2,47,53.0,51,14.7,14,30.3,102,28.0,251,102.2,162,47.2,53,15.3,331,27.3,138,22.9,23
St. John's,BE,73.6,1,110.2,48,50.8,133,15.9,40,30.7,91,26.1,296,97.3,73,48.9,125,21.3,33,31.5,308,33.2,254
Oregon,P12,68.0,123,110.2,49,51.1,121,17.1,91,29.9,117,29.7,198,99.5,114,49.6,161,19.2,125,31.1,297,29.1,153
Florida,SEC,65.5,268,110.1,50,49.6,195,18.5,192,31.5,70,33.8,74,97.8,82,49.4,150,21.8,30,32.5,333,30.3,182
Clemson,ACC,66.3,227,110.1,51,52.4,71,16.4,50,25.8,260,29.8,192,99.0,103,49.7,164,16.9,266,24.1,40,29.1,152
Xavier,BE,68.7,94,110.1,52,50.5,151,16.7,63,28.8,152,36.1,44,97.2,71,48.1,82,18.3,178,25.9,79,25.4,54
USC,P12,66.3,230,109.9,53,51.2,119,18.0,144,33.5,33,30.9,157,95.5,44,44.7,11,14.4,342,26.7,113,26.8,86
Arkansas,SEC,70.7,28,109.9,54,48.7,237,17.1,89,30.0,112,38.3,15,91.2,14,47.4,64,20.5,59,25.2,63,31.9,226
Utah St.,MWC,66.8,198,109.9,55,54.2,24,18.4,177,25.9,254,28.9,225,97.1,69,49.6,160,18.3,177,22.8,18,29.0,148
Mississippi St.,SEC,65.7,259,109.6,56,49.6,191,19.6,260,34.1,18,38.1,20,96.0,49,49.6,162,19.4,110,25.7,71,28.3,122
Kansas St.,B12,66.6,210,109.6,57,49.4,208,16.9,71,25.2,275,29.6,203,97.1,68,49.5,154,19.8,90,28.3,188,32.0,231
Towson,CAA,64.8,301,109.6,58,51.6,103,17.9,142,35.7,9,33.9,72,98.8,100,47.9,79,19.4,109,26.5,107,31.9,230
Oral Roberts,Sum,70.4,37,109.5,59,53.9,28,13.3,4,26.6,232,23.0,343,109.2,290,51.1,227,12.7,357,24.7,50,24.8,44
N.C. State,ACC,67.0,191,109.5,60,48.0,269,14.5,11,30.2,103,29.1,215,106.1,246,53.5,319,18.3,173,31.1,298,29.4,164
Maryland,B10,66.7,209,109.5,61,49.4,209,16.9,76,27.3,197,33.9,70,99.4,111,50.2,186,16.0,302,27.6,156,24.6,41
Saint Louis,A10,67.9,124,109.4,62,50.6,139,18.8,214,33.8,25,32.7,103,98.0,84,48.2,92,17.6,224,26.5,108,32.4,240
Wisconsin,B10,66.5,214,109.4,63,47.7,277,13.0,2,26.0,250,32.4,109,93.9,32,48.9,122,17.1,260,24.4,44,27.2,95
Texas A&M,SEC,66.6,212,109.3,64,49.7,186,19.2,236,34.0,20,35.8,48,95.0,38,47.6,70,23.8,9,33.7,346,33.6,262
Wyoming,MWC,66.1,239,109.2,65,52.3,74,17.0,85,25.5,267,37.1,34,97.2,72,47.1,51,15.7,319,24.6,48,24.8,43
Marquette,BE,70.9,25,109.2,66,52.1,79,17.2,94,22.5,326,26.2,292,96.3,56,47.0,47,18.9,140,31.6,314,29.5,165
Dayton,A10,63.1,344,109.1,67,53.9,27,19.1,232,30.1,107,30.5,167,94.7,36,46.9,40,17.1,255,23.5,29,23.7,33
Chattanooga,SC,64.8,304,109.0,68,52.2,78,17.0,77,32.7,44,26.8,276,97.5,76,49.4,147,18.1,190,26.2,97,27.8,106
Drake,MVC,66.3,228,108.9,69,51.4,108,15.9,38,30.2,104,27.3,268,99.4,112,49.3,144,19.3,114,25.9,81,33.5,260
SMU,Amer,68.4,107,108.9,70,51.5,105,17.7,124,27.6,184,35.6,49,96.3,54,44.6,10,17.0,264,30.2,266,25.4,52
Tulane,Amer,68.0,121,108.8,71,51.2,118,15.0,19,20.1,350,33.4,89,101.0,134,49.6,159,20.3,67,32.8,336,28.5,128
Hofstra,CAA,69.1,77,108.8,72,53.4,37,14.7,12,23.3,313,21.7,351,105.0,219,54.4,336,20.4,64,26.9,117,26.3,77
Loyola Chicago,MVC,64.7,308,108.7,73,55.6,15,18.5,185,25.1,278,31.5,136,92.1,17,46.9,46,20.1,82,24.0,37,28.9,141
St. Bonaventure,A10,65.8,252,108.7,74,50.4,157,15.7,36,26.9,219,26.1,294,97.7,80,50.0,179,19.2,126,27.0,119,22.3,17
TCU,B12,66.0,247,108.6,75,48.7,238,21.4,330,37.9,1,31.4,138,91.7,16,47.4,63,18.6,157,26.1,91,26.9,89
Belmont,OVC,69.0,79,108.5,76,55.7,11,16.8,67,24.4,295,25.9,300,99.1,105,49.4,152,20.9,40,27.8,165,23.5,29
West Virginia,B12,68.0,120,108.2,77,46.8,303,18.1,158,29.9,116,36.1,43,96.7,64,50.6,203,22.5,20,33.7,345,34.1,275
Colgate,Pat,67.2,177,108.2,78,55.6,14,17.0,81,26.7,224,26.3,287,103.9,204,48.9,123,16.0,304,25.1,62,24.1,39
Richmond,A10,66.9,196,108.2,79,51.1,122,14.4,9,22.4,328,31.0,153,98.8,94,50.5,196,19.0,139,27.5,144,23.4,28
Bellarmine,ASun,62.1,353,108.0,80,53.3,39,15.0,18,22.4,329,22.1,348,110.4,312,54.4,337,17.7,221,30.5,274,30.2,179
Iona,MAAC,69.2,72,107.9,81,50.7,135,17.9,136,31.8,61,37.3,31,99.1,106,46.6,36,19.0,137,29.8,246,33.8,267
Washington St.,P12,66.3,225,107.9,82,48.0,267,16.6,57,33.5,31,29.9,188,93.5,27,46.9,39,20.7,46,29.4,232,30.8,194
Northern Colorado,BSky,69.6,57,107.8,83,56.2,7,17.1,90,21.9,338,30.8,158,111.5,329,52.9,295,13.8,350,24.6,49,30.1,177
East Tennessee St.,SC,65.4,273,107.7,84,51.8,99,17.0,79,30.6,92,21.7,353,109.0,286,53.1,308,16.6,285,31.1,296,26.1,71
Boise St.,MWC,64.5,318,107.7,85,50.7,134,18.5,187,30.6,93,35.2,52,92.5,20,48.3,100,20.2,75,22.4,13,25.9,65
UNLV,MWC,66.3,226,107.7,86,49.1,221,17.0,78,27.1,207,30.7,160,98.8,95,48.4,106,17.2,250,25.9,77,30.8,197
Utah,P12,66.2,234,107.5,87,48.4,249,18.1,157,29.3,142,30.0,184,103.4,190,49.4,149,15.2,332,29.2,228,28.6,131
Virginia,ACC,59.5,357,107.5,88,49.7,187,16.1,42,27.8,180,28.1,247,96.5,61,48.8,117,18.3,179,28.8,210,23.3,27
Southern Utah,BSky,68.6,102,107.3,89,52.9,54,17.2,96,27.8,182,34.5,64,106.5,251,51.6,252,17.2,249,22.7,16,27.9,107
Vanderbilt,SEC,67.8,130,107.2,90,50.2,167,18.9,218,27.5,189,38.7,11,95.1,39,48.5,109,20.7,48,27.7,162,34.9,291
Minnesota,B10,65.2,285,107.2,91,50.7,136,14.0,7,17.7,356,23.6,337,101.9,151,51.2,232,15.8,312,27.6,152,23.3,26
New Mexico St.,WAC,66.2,238,107.1,92,52.0,87,20.8,319,32.4,48,34.7,58,96.5,60,45.2,15,16.8,271,25.8,74,28.3,123
LSU,SEC,68.6,101,107.1,93,49.3,210,20.7,315,33.9,22,33.4,88,88.7,6,45.1,14,25.1,3,30.9,289,37.8,326
Seton Hall,BE,67.4,169,107.1,94,47.2,288,17.7,123,32.3,53,30.5,164,93.6,29,45.6,21,18.5,159,29.1,227,27.8,105
Indiana,B10,67.3,175,107.1,95,50.6,146,17.2,101,27.1,205,33.5,82,92.9,23,46.2,27,17.7,219,25.2,66,30.7,192
Rutgers,B10,64.9,295,107.0,96,49.9,180,17.3,108,29.6,127,26.2,291,96.1,51,48.6,111,17.7,223,26.8,115,28.6,130
Buffalo,MAC,71.1,20,107.0,97,51.6,102,18.6,197,37.0,6,25.6,304,103.6,193,48.2,90,15.8,310,27.9,168,29.4,161
Delaware,CAA,66.7,202,107.0,98,53.4,38,18.3,174,26.7,225,34.5,62,104.5,213,49.6,163,18.5,165,31.3,300,29.1,150
DePaul,BE,68.8,91,106.9,99,48.8,236,17.4,109,31.7,63,33.4,85,100.3,123,48.8,116,16.8,274,28.5,203,26.0,68
Colorado,P12,67.4,162,106.8,100,50.4,158,19.7,267,30.0,111,34.6,59,95.9,45,48.1,83,17.5,226,24.4,45,27.0,91
Western Kentucky,CUSA,68.7,97,106.7,101,52.7,61,17.6,117,25.1,279,31.2,143,101.8,150,50.6,204,19.8,89,30.4,271,16.4,1
St. Thomas,Sum,65.3,274,106.7,102,52.0,84,12.6,1,20.7,347,23.7,335,119.2,357,58.9,358,16.1,299,27.2,130,32.5,241
New Mexico,MWC,71.0,21,106.7,103,49.4,205,16.1,43,24.0,298,32.8,101,105.9,244,52.0,266,18.0,200,29.0,224,35.5,298
Northwestern,B10,67.7,135,106.7,104,49.0,223,14.1,8,25.7,262,25.1,313,97.2,70,50.8,213,19.3,115,25.3,67,34.8,290
Nevada,MWC,70.3,41,106.7,105,50.6,142,18.4,182,24.5,292,32.0,124,102.0,158,52.4,280,18.3,171,26.1,86,29.7,168
UCF,Amer,67.5,153,106.6,106,49.9,177,19.1,228,30.8,85,28.5,233,100.3,124,48.7,114,20.7,50,30.8,282,29.8,169
Georgia,SEC,68.7,98,106.6,107,50.2,168,20.7,312,25.8,258,39.0,9,110.8,320,54.6,339,15.7,318,30.1,261,24.1,38
Wofford,SC,64.3,325,106.6,108,53.9,29,17.7,122,26.9,218,28.2,243,101.6,147,53.8,330,19.7,94,22.2,8,28.6,129
Middle Tennessee,CUSA,67.2,182,106.5,109,51.7,101,19.1,231,29.7,125,33.0,95,97.7,81,47.2,54,20.8,43,29.5,237,35.4,295
Wright St.,Horz,68.9,85,106.4,110,51.7,100,17.7,120,31.0,81,31.6,132,106.7,254,51.5,246,18.6,155,30.0,260,26.1,70
Penn,Ivy,67.7,139,106.2,111,51.3,116,17.0,82,25.4,270,24.1,331,109.6,295,52.1,270,15.3,329,28.0,175,28.8,140
Loyola Marymount,WCC,65.9,249,106.1,112,51.9,92,19.2,234,24.4,294,31.1,148,108.3,280,54.7,342,18.1,193,27.3,136,31.9,227
Winthrop,BSth,68.4,109,106.0,113,56.4,6,21.2,323,25.3,272,37.5,29,105.1,222,51.0,224,19.3,119,27.5,145,33.5,258
Longwood,BSth,66.2,235,106.0,114,51.3,113,18.7,208,33.6,26,35.3,51,103.8,200,51.3,236,20.1,80,24.4,46,26.5,83
George Mason,A10,64.9,298,105.9,115,53.0,50,18.0,145,24.9,284,29.1,212,101.1,136,49.6,158,17.2,246,23.9,34,29.6,166
Creighton,BE,67.2,179,105.9,116,50.6,143,20.4,301,28.4,165,26.7,279,92.2,18,44.9,12,15.5,327,28.5,204,20.8,4
Nebraska,B10,71.2,19,105.9,117,50.3,159,17.1,92,20.7,348,33.3,90,103.0,176,51.5,247,18.3,180,31.4,306,29.4,163
North Texas,CUSA,59.3,358,105.8,118,51.4,109,18.6,199,31.5,69,37.5,27,92.8,21,46.3,28,19.5,105,25.2,65,32.7,245
Texas St.,SB,63.9,336,105.8,119,51.0,126,18.8,210,30.8,86,32.9,97,102.7,168,50.7,211,22.0,26,29.3,230,34.4,281
Akron,MAC,62.1,352,105.7,120,52.5,67,17.8,130,28.9,151,39.3,7,102.1,160,49.1,131,17.5,227,26.4,102,26.2,74
Louisiana Tech,CUSA,68.5,104,105.7,121,51.9,93,16.9,69,26.0,251,31.2,146,98.4,90,48.2,96,19.3,116,28.2,184,28.1,114
Mercer,SC,64.7,309,105.7,122,53.0,48,18.3,173,24.7,289,29.4,208,107.5,269,53.0,304,15.9,308,27.0,121,28.6,131
Rice,CUSA,67.5,148,105.7,123,52.9,52,18.4,176,26.1,246,31.2,145,109.8,298,50.8,215,14.3,344,28.1,179,21.0,5
Mississippi,SEC,65.3,278,105.7,124,49.6,198,18.0,149,26.7,228,28.7,230,99.9,118,51.4,239,19.4,112,26.6,109,28.0,111
Detroit Mercy,Horz,64.9,296,105.6,125,52.6,64,17.9,133,27.9,176,22.8,346,111.3,326,54.4,338,19.0,136,29.7,244,30.5,188
Oregon St.,P12,66.7,207,105.6,126,49.2,218,18.2,162,26.2,241,27.6,262,110.7,318,55.0,347,17.5,228,34.0,348,29.1,149
Florida Atlantic,CUSA,67.5,150,105.5,127,53.2,43,19.5,251,31.1,76,28.7,229,101.9,152,50.7,207,19.4,108,25.9,78,32.0,232
Boston University,Pat,65.1,286,105.5,128,51.9,94,18.3,172,31.0,77,28.8,228,109.5,294,50.9,219,16.5,288,24.3,42,29.0,145
Stanford,P12,65.8,253,105.4,129,49.8,183,22.3,349,33.8,24,29.9,185,99.0,104,51.4,240,16.4,294,22.9,20,29.0,146
Penn St.,B10,62.0,354,105.4,130,50.5,150,18.6,196,28.5,162,21.8,350,96.0,48,48.3,101,13.7,354,24.1,39,26.2,76
UC Santa Barbara,BW,65.7,261,105.3,131,53.5,34,19.3,241,28.4,164,37.2,32,102.0,155,48.1,86,19.5,106,27.2,128,30.4,186
Florida St.,ACC,67.8,129,105.2,132,49.0,224,18.1,153,31.6,68,30.3,176,99.2,107,52.2,274,20.9,39,31.0,292,30.4,185
Jacksonville St.,ASun,65.2,282,105.2,133,53.6,33,19.7,268,28.2,166,32.1,119,103.2,184,48.1,89,17.1,259,27.1,123,21.6,11
Illinois St.,MVC,68.1,119,105.0,134,51.8,98,19.6,257,28.6,160,31.3,140,106.5,250,50.9,220,17.4,236,29.8,249,31.9,229
Liberty,ASun,65.3,275,105.0,135,55.5,16,18.0,146,22.2,334,28.4,238,101.2,140,48.3,102,17.1,257,22.8,19,31.4,209
Samford,SC,69.1,75,105.0,136,52.0,89,19.4,245,29.9,121,29.1,218,106.2,248,52.3,277,17.8,216,28.9,219,32.1,234
Charlotte,CUSA,65.5,266,105.0,137,52.9,55,17.2,100,22.7,321,28.0,250,107.4,265,52.6,287,16.9,265,25.6,69,26.5,82
Bradley,MVC,67.3,176,104.9,138,51.1,124,19.9,278,31.9,60,27.3,269,96.9,65,46.9,45,18.2,185,23.3,23,30.2,181
Fresno St.,MWC,61.2,356,104.9,139,50.2,166,17.8,129,27.5,187,31.3,142,94.1,33,48.2,95,19.6,102,22.4,12,27.0,92
Georgetown,BE,70.1,43,104.8,140,46.2,321,18.8,211,32.3,54,29.0,220,105.4,229,53.6,325,18.0,198,29.9,251,27.6,101
Grand Canyon,WAC,65.5,265,104.8,141,49.9,179,19.2,238,34.9,14,31.0,152,96.6,62,43.5,2,18.6,156,28.4,191,33.0,249
Charleston,CAA,73.6,2,104.7,142,50.3,160,20.9,320,35.6,10,30.4,171,102.7,167,51.2,234,19.1,131,25.0,59,37.6,325
Kennesaw St.,ASun,66.2,231,104.7,143,51.8,95,17.4,114,28.7,154,29.7,194,109.0,287,53.1,306,18.2,188,27.9,172,35.3,294
Cincinnati,Amer,67.6,143,104.5,144,46.9,301,15.2,24,30.1,105,29.6,199,97.4,75,45.0,13,17.9,204,29.6,242,34.5,283
Florida Gulf Coast,ASun,70.3,40,104.5,145,53.3,41,18.9,220,29.9,122,29.1,217,107.5,266,50.5,199,15.8,314,27.4,143,24.0,37
South Dakota,Sum,65.7,256,104.5,146,52.0,86,15.2,22,26.7,228,34.1,67,107.5,268,52.7,290,15.6,324,22.4,11,34.2,277
Drexel,CAA,66.5,219,104.5,147,52.0,85,16.4,51,25.6,264,25.4,309,103.1,182,50.4,195,16.2,298,26.1,88,26.1,69
Montana St.,BSky,67.5,155,104.5,148,53.6,32,18.6,200,26.8,222,39.9,4,101.3,143,49.1,133,18.2,182,23.5,26,36.0,304
UNC Wilmington,CAA,65.6,263,104.4,149,48.1,263,14.9,17,28.4,163,33.3,91,103.0,177,50.8,212,20.1,77,31.5,311,33.5,259
Boston College,ACC,65.0,294,104.4,150,47.8,274,17.9,140,30.0,108,29.6,201,100.0,119,51.5,250,18.7,152,25.7,72,31.5,218
Cal St. Fullerton,BW,66.1,242,104.3,151,48.9,227,17.9,135,29.1,147,34.8,54,102.7,169,51.1,229,20.2,74,28.2,185,25.7,61
Ohio,MAC,67.6,144,104.3,152,50.6,140,15.4,27,27.1,208,31.5,137,101.2,138,50.0,178,20.4,62,25.9,82,28.0,109
Washington,P12,69.6,59,104.2,153,46.4,316,16.7,65,29.3,139,34.7,57,98.8,99,49.9,176,22.1,25,35.5,355,30.2,178
Eastern Washington,BSky,69.7,52,104.2,154,52.9,53,18.5,184,25.3,273,32.9,98,107.9,277,50.4,192,15.6,321,26.0,85,31.5,212
Southeast Missouri St.,OVC,71.8,14,104.2,155,51.6,104,17.8,131,25.5,266,36.7,38,110.6,314,52.5,283,18.2,183,28.9,218,39.7,340
Abilene Christian,WAC,70.4,38,104.2,156,48.4,252,17.7,121,27.9,175,39.3,8,100.7,128,52.0,264,27.9,1,30.9,288,49.1,358
Stony Brook,AE,68.3,111,104.1,157,50.3,161,15.6,32,27.4,194,27.7,259,111.0,321,52.6,286,17.4,231,29.6,241,23.8,35
Wichita St.,Amer,67.0,192,104.0,158,46.7,306,18.7,202,32.3,55,31.7,128,95.9,47,47.3,58,20.1,79,28.3,189,30.4,183
Missouri,SEC,65.7,260,103.9,159,47.1,296,21.6,339,31.4,74,29.9,187,101.2,141,50.8,217,17.9,206,29.6,239,35.6,300
Iowa St.,B12,66.2,237,103.9,160,49.4,207,20.3,294,28.1,170,27.8,254,88.7,5,47.8,77,24.7,4,28.5,201,37.1,316
Bryant,NEC,72.6,4,103.8,161,49.6,192,19.0,224,32.9,42,32.7,102,105.2,223,47.6,71,16.6,283,31.6,313,25.2,50
UMBC,AE,68.4,108,103.8,162,52.6,65,16.2,46,21.9,339,31.1,149,109.9,302,52.8,292,16.6,284,28.8,215,19.7,3
Oklahoma St.,B12,67.6,141,103.8,163,48.0,266,21.4,332,32.3,52,33.0,96,88.3,4,45.7,22,22.8,17,31.4,305,31.2,203
Tulsa,Amer,66.6,213,103.7,164,49.6,197,19.0,226,26.7,226,31.0,151,103.9,205,52.2,272,20.1,83,30.1,262,29.0,147
Miami OH,MAC,67.8,132,103.6,165,50.3,162,15.0,20,26.0,252,23.7,336,111.8,333,53.5,323,18.0,201,30.2,267,30.4,184
San Diego St.,MWC,65.5,267,103.5,166,48.7,241,19.3,244,29.5,131,31.1,147,86.4,2,44.1,6,21.9,27,27.3,137,31.0,201
Morehead St.,OVC,64.8,300,103.5,167,52.4,70,20.4,298,30.7,88,29.0,222,99.2,108,46.5,35,17.3,237,29.5,238,23.7,32
Long Beach St.,BW,71.0,23,103.5,168,48.8,235,17.9,141,27.1,204,38.1,21,102.5,163,52.1,269,19.9,86,27.2,127,27.7,103
South Alabama,SB,66.5,218,103.5,169,52.1,80,19.3,240,27.0,214,31.3,141,102.0,154,47.3,62,20.9,41,32.0,325,31.5,213
Cornell,Ivy,71.8,16,103.4,170,53.5,36,19.6,261,26.1,247,32.2,114,105.1,221,51.0,226,18.1,191,28.2,181,31.3,206
Weber St.,BSky,69.5,60,103.4,171,53.5,35,16.3,48,20.0,352,37.8,24,103.8,198,52.3,276,20.2,73,25.0,58,26.9,87
Cleveland St.,Horz,67.9,127,103.4,172,53.2,44,19.6,262,33.9,21,36.1,46,105.5,231,49.4,146,21.9,28,31.8,319,34.2,279
Portland,WCC,69.3,68,103.1,173,50.0,171,18.4,180,24.0,299,33.4,84,103.2,185,49.3,143,17.2,243,27.6,157,26.2,72
North Dakota St.,Sum,66.4,220,103.1,174,51.8,96,17.0,80,24.8,287,33.4,83,101.4,144,47.6,68,12.7,358,23.1,21,25.5,55
New Hampshire,AE,62.3,348,103.0,175,50.9,128,14.8,16,27.9,174,25.4,310,109.5,293,50.4,194,14.0,349,21.9,5,26.7,84
Oakland,Horz,67.5,156,103.0,176,49.1,220,18.0,150,30.7,87,34.0,68,104.4,212,50.2,187,20.5,58,33.4,341,21.5,9
Quinnipiac,MAAC,68.8,90,102.9,177,50.0,172,18.7,203,28.6,159,27.0,273,108.0,278,50.6,200,17.2,245,28.6,206,27.2,96
Louisville,ACC,67.1,188,102.9,178,48.8,234,18.0,143,27.3,198,25.1,315,99.5,113,50.4,189,16.3,297,24.8,54,30.0,174
Southeastern Louisiana,Slnd,70.6,30,102.9,179,51.8,97,20.0,282,25.9,253,38.8,10,111.6,330,53.7,327,19.7,92,33.4,340,27.3,97
Bowling Green,MAC,72.8,3,102.9,180,48.6,242,16.5,54,29.9,118,31.9,125,113.1,342,53.5,321,17.3,240,30.7,279,30.8,195
Valparaiso,MVC,65.1,288,102.8,181,51.0,125,16.5,55,20.3,349,26.9,274,105.4,228,52.3,275,16.5,291,24.8,55,22.6,18
Utah Valley,WAC,65.9,250,102.8,182,50.6,141,22.1,348,32.0,56,38.1,18,98.3,87,45.4,18,15.6,323,24.5,47,28.3,124
East Carolina,Amer,67.7,138,102.7,183,47.2,291,18.7,204,27.6,183,33.5,81,103.6,194,50.5,197,18.5,160,28.5,198,31.0,199
James Madison,CAA,68.9,87,102.6,184,51.1,123,17.7,125,25.9,255,30.6,161,107.5,267,53.3,315,20.6,54,31.5,310,27.5,99
Southern Illinois,MVC,62.2,351,102.6,185,51.5,106,18.0,151,23.2,316,29.1,213,98.8,98,49.7,166,18.7,151,23.2,22,27.6,102
Monmouth,MAAC,66.2,233,102.5,186,47.5,285,17.3,107,29.4,134,36.9,35,101.6,146,47.3,61,17.8,217,27.9,166,33.6,264
Butler,BE,63.9,335,102.5,187,47.1,295,18.2,164,27.1,205,30.2,179,98.8,96,49.9,173,17.1,256,27.4,142,30.2,180
Youngstown St.,Horz,66.4,223,102.5,188,51.0,127,17.3,103,30.1,106,30.1,181,110.4,311,50.7,210,17.2,248,28.4,197,29.7,167
Stephen F. Austin,WAC,69.2,73,102.4,189,51.3,117,22.3,350,34.5,16,36.5,40,98.5,92,49.2,138,24.4,7,32.2,329,37.4,322
Coastal Carolina,SB,66.8,201,102.3,190,49.8,181,20.5,306,33.4,35,31.8,127,100.8,129,45.9,23,17.5,230,28.8,211,25.7,62
UNC Asheville,BSth,66.8,199,102.3,191,50.5,152,18.2,161,26.6,233,37.1,33,105.4,226,49.9,171,19.0,134,32.9,337,27.4,98
Lipscomb,ASun,69.2,70,102.3,192,52.3,75,19.0,223,22.7,322,33.9,71,110.4,310,51.5,245,14.1,345,28.0,174,22.7,19
USC Upstate,BSth,68.7,99,102.3,193,51.3,111,18.7,207,22.4,330,29.0,219,110.4,309,51.6,254,17.9,209,30.8,281,38.3,330
Norfolk St.,MEAC,66.8,197,102.2,194,50.9,129,20.1,290,30.3,101,38.3,16,102.8,172,46.0,24,18.5,162,27.8,164,33.6,263
Temple,Amer,66.4,222,102.2,195,45.4,339,18.5,193,32.7,43,39.7,5,97.7,79,45.5,20,17.2,247,29.3,229,31.7,222
Wagner,NEC,66.5,216,102.0,196,49.9,176,18.0,148,33.5,32,32.1,116,100.4,126,48.1,87,22.3,22,27.5,147,39.3,338
UC San Diego,BW,67.9,126,101.7,197,52.0,88,18.9,217,18.6,354,32.7,104,109.6,296,52.7,288,17.2,252,27.6,154,22.0,15
Hawaii,BW,65.2,279,101.7,198,50.4,154,19.7,269,29.1,146,32.5,107,101.5,145,46.9,43,15.9,307,25.1,61,31.7,219
Kent St.,MAC,66.1,244,101.6,199,49.8,182,18.5,189,30.8,84,32.6,105,100.1,120,49.0,127,19.5,103,26.4,106,36.4,309
Louisiana,SB,69.6,56,101.6,200,48.7,239,21.9,342,33.6,28,35.6,50,102.6,166,46.9,41,18.3,172,27.6,159,35.5,296
Georgia St.,SB,67.4,168,101.5,201,44.7,345,16.6,58,32.5,47,30.4,172,99.9,116,50.0,177,22.1,24,31.0,290,33.2,255
Ball St.,MAC,70.0,46,101.5,202,51.3,110,19.5,254,26.8,220,38.1,17,109.9,301,52.4,279,17.2,251,28.2,183,32.8,246
South Carolina,SEC,70.6,32,101.4,203,47.3,287,21.4,331,33.6,30,29.2,211,94.1,34,47.3,57,21.5,32,32.1,326,41.6,347
Arizona St.,P12,67.3,170,101.4,204,47.1,294,17.3,105,24.9,285,21.2,356,93.2,24,46.3,30,19.6,101,30.3,268,32.3,237
Sacred Heart,NEC,67.4,160,101.4,205,50.8,132,19.6,264,30.9,82,24.9,323,115.6,352,53.2,311,15.9,306,31.3,301,25.5,56
Marshall,CUSA,72.4,8,101.3,206,49.4,206,18.1,155,27.3,200,24.3,329,107.0,259,52.0,268,17.8,214,28.1,178,28.3,121
Eastern Kentucky,ASun,70.9,24,101.3,207,48.4,253,15.6,34,28.7,155,21.7,352,109.2,291,54.6,341,22.3,21,31.8,318,28.1,112
The Citadel,SC,70.5,34,101.2,208,52.0,91,17.2,99,23.8,301,30.0,182,107.3,263,50.4,190,13.8,351,29.5,236,26.3,79
VCU,A10,68.7,96,101.2,209,51.4,107,21.9,341,26.6,231,30.9,156,88.9,7,44.4,9,24.7,5,32.0,324,38.3,331
Hartford,AE,67.3,174,101.1,210,53.3,40,18.1,159,23.8,302,27.6,260,111.3,324,51.6,253,16.5,290,28.4,194,28.9,142
Appalachian St.,SB,64.5,317,101.1,211,48.4,256,16.0,41,26.3,237,27.6,263,100.8,131,49.8,169,17.9,212,26.0,83,21.7,12
Louisiana Monroe,SB,67.8,131,101.1,212,50.2,164,18.9,222,24.7,288,26.0,297,109.4,292,52.9,296,19.4,111,33.4,342,34.7,286
Old Dominion,CUSA,64.4,321,101.0,213,46.9,298,18.4,179,32.4,50,34.3,66,102.7,170,49.7,167,17.1,253,27.3,139,29.4,160
Nicholls St.,Slnd,69.9,51,100.9,214,52.1,83,17.3,104,29.7,124,21.6,354,103.7,196,48.3,98,19.7,93,30.7,280,36.3,307
Northern Kentucky,Horz,64.2,326,100.9,215,49.5,200,19.9,280,36.0,8,26.6,280,103.1,181,49.5,153,21.1,36,31.0,294,25.0,46
Marist,MAAC,66.2,232,100.8,216,50.4,155,18.2,167,26.5,234,25.0,320,103.8,201,48.3,105,16.8,272,27.3,134,28.5,127
Campbell,BSth,62.5,346,100.8,217,51.3,114,16.4,49,22.2,333,26.3,286,104.3,210,50.6,201,18.3,176,26.1,89,27.6,100
Yale,Ivy,68.9,88,100.8,218,49.7,188,18.4,178,25.8,259,32.2,115,98.8,101,48.9,121,18.2,184,26.7,112,32.1,233
UTEP,CUSA,66.7,208,100.8,219,49.2,219,16.7,64,22.6,323,27.8,255,100.5,127,49.9,170,20.5,57,29.4,235,37.3,318
Sam Houston St.,WAC,64.8,299,100.7,220,48.3,257,18.4,181,30.6,95,25.0,317,98.4,88,48.6,113,20.8,42,26.3,100,34.7,288
California,P12,64.1,330,100.7,221,46.9,299,17.1,93,25.3,271,25.3,311,98.1,86,47.5,65,14.7,340,23.4,24,31.5,216
Fairfield,MAAC,64.3,323,100.6,222,49.3,214,16.9,72,27.5,188,26.6,282,103.6,191,48.1,88,17.0,263,27.9,167,31.2,205
UNC Greensboro,SC,62.3,349,100.6,223,49.8,184,20.1,287,32.4,49,27.5,264,101.3,142,50.4,191,18.6,158,25.2,64,28.6,135
UC Riverside,BW,65.4,272,100.5,224,50.7,137,18.3,175,22.4,331,26.9,275,100.9,133,47.1,49,16.1,300,22.4,9,28.2,119
Saint Peter's,MAAC,66.1,240,100.5,225,48.1,265,20.6,310,31.7,64,38.1,19,93.6,28,44.1,5,20.7,47,28.5,199,41.9,348
Saint Joseph's,A10,68.0,122,100.5,226,49.7,189,19.6,256,27.0,213,22.9,344,99.9,117,47.7,74,13.7,356,24.1,41,26.9,88
Manhattan,MAAC,68.7,100,100.5,227,48.3,258,20.5,305,30.0,114,41.4,3,108.3,279,52.2,273,19.9,88,30.9,287,34.7,285
Western Illinois,Sum,70.7,29,100.4,228,49.6,190,15.9,39,28.8,153,29.4,206,107.2,262,52.9,297,17.3,239,22.7,17,31.4,211
Niagara,MAAC,64.4,322,100.3,229,49.3,215,16.7,62,23.1,317,28.1,246,102.0,153,48.2,93,17.1,254,27.1,122,28.8,138
Brown,Ivy,67.4,165,100.3,230,49.4,204,19.1,230,28.2,168,31.6,135,103.2,183,51.1,231,19.5,107,28.2,182,33.2,252
Georgia Tech,ACC,68.1,118,100.3,231,49.6,196,18.9,221,25.0,281,25.0,318,99.3,109,50.1,184,18.8,147,28.2,180,31.5,214
Montana,BSky,65.3,276,100.3,232,50.2,163,15.7,35,18.1,355,38.5,13,106.8,256,51.8,258,19.1,133,26.8,114,42.8,350
Howard,MEAC,70.5,36,100.3,233,50.4,153,20.7,313,28.0,173,36.2,42,105.8,239,49.4,151,23.5,10,34.5,353,33.9,271
Jacksonville,ASun,61.5,355,100.3,234,48.6,244,18.6,201,33.6,27,30.5,165,99.8,115,47.2,52,16.5,292,23.5,28,30.8,196
UMKC,Sum,67.4,161,100.1,235,52.3,76,15.6,33,21.6,342,31.6,131,103.6,192,52.0,263,21.0,37,26.6,111,44.4,354
Arkansas St.,SB,68.3,110,100.0,236,49.3,211,20.6,311,29.4,135,34.5,65,101.1,135,49.2,135,19.2,124,28.4,196,28.1,116
UT Rio Grande Valley,WAC,71.8,15,100.0,237,49.5,201,20.8,316,24.7,290,41.4,2,111.7,332,51.9,261,17.9,207,33.5,343,35.6,301
Seattle,WAC,70.6,33,100.0,238,48.4,255,16.3,47,26.0,248,28.8,226,97.0,66,46.4,32,20.5,56,25.6,68,40.5,343
Bucknell,Pat,67.7,136,100.0,239,52.8,57,19.3,243,21.9,340,28.3,239,117.1,356,53.8,329,13.8,353,30.0,257,22.9,24
Denver,Sum,66.4,221,99.9,240,52.7,59,18.6,195,23.7,304,32.0,122,111.0,322,52.4,281,16.5,287,28.1,177,32.2,236
Elon,CAA,65.8,254,99.9,241,49.0,225,19.9,277,25.4,268,25.9,301,106.8,255,50.6,205,16.6,282,28.8,209,43.8,353
Tennessee Tech,OVC,69.4,65,99.9,242,49.2,217,19.1,229,31.0,80,24.0,332,107.9,276,51.5,243,18.2,189,30.6,277,24.0,36
LIU,NEC,72.4,7,99.7,243,48.4,250,18.5,186,30.6,96,30.4,173,105.3,225,48.6,112,18.1,192,29.8,247,29.8,171
Pittsburgh,ACC,64.0,332,99.7,244,46.7,308,21.2,324,30.5,98,39.4,6,101.7,148,52.0,267,16.5,286,26.1,92,29.4,162
Tarleton St.,WAC,63.1,343,99.6,245,46.3,318,18.3,168,27.0,212,33.7,75,102.9,174,52.4,282,24.7,6,34.0,349,35.6,302
UC Irvine,BW,65.3,277,99.6,246,47.6,282,20.6,309,29.9,119,29.7,195,96.3,53,44.1,4,17.2,242,27.6,155,31.2,204
Illinois Chicago,Horz,69.3,67,99.5,247,51.1,120,17.2,98,25.0,283,22.9,345,110.1,303,51.6,255,16.9,270,27.2,131,34.2,276
George Washington,A10,68.9,83,99.4,248,48.9,228,17.9,137,23.2,315,26.0,298,103.8,203,49.6,157,18.0,195,31.1,295,29.3,159
Idaho,BSky,70.0,45,99.3,249,50.2,165,18.5,190,23.3,312,33.8,73,113.8,346,54.6,340,14.5,341,26.4,103,33.9,269
Rhode Island,A10,67.3,172,99.3,250,50.6,148,20.8,317,28.6,161,36.1,45,96.1,50,46.3,31,19.3,120,27.6,158,32.7,244
Rider,MAAC,66.9,193,99.2,251,45.6,335,17.4,113,29.4,133,27.2,271,103.7,197,49.2,136,18.4,170,28.3,190,33.2,256
San Jose St.,MWC,65.5,269,99.1,252,49.8,185,20.0,284,22.0,337,22.5,347,109.6,297,53.5,320,15.7,316,30.5,273,27.0,90
Western Carolina,SC,68.3,112,99.0,253,47.9,272,17.7,127,28.7,156,27.8,253,110.3,308,53.2,313,14.4,343,28.5,202,28.7,136
Cal Baptist,WAC,67.5,158,99.0,254,49.9,174,20.4,302,28.0,171,36.8,37,103.2,187,48.2,91,17.4,233,27.7,163,33.8,266
La Salle,A10,67.3,173,98.9,255,47.8,275,18.6,198,29.0,148,25.1,314,103.6,195,50.0,180,16.8,273,27.4,141,31.0,202
Duquesne,A10,65.9,248,98.9,256,45.4,341,16.9,68,29.2,144,21.9,349,108.8,283,54.0,333,19.0,138,31.6,312,21.9,14
Troy,SB,67.0,190,98.8,257,47.6,281,22.1,347,31.6,66,34.8,55,100.3,122,48.5,108,20.3,70,27.6,153,34.5,282
Central Arkansas,ASun,71.9,12,98.7,258,48.2,262,18.8,215,26.2,242,23.1,342,112.9,341,54.8,343,16.4,295,30.9,286,29.8,172
Dartmouth,Ivy,64.7,310,98.7,259,48.2,260,17.4,111,23.7,303,24.5,326,101.2,139,50.8,216,19.2,128,26.9,116,28.4,126
Purdue Fort Wayne,Horz,68.4,106,98.6,260,53.1,47,19.4,247,22.7,320,27.4,267,104.4,211,53.4,317,21.6,31,27.2,129,25.9,66
Robert Morris,Horz,66.7,204,98.5,261,50.9,130,20.8,318,28.2,167,28.2,244,113.7,345,53.1,307,16.9,267,32.2,330,28.9,143
High Point,BSth,66.5,215,98.4,262,48.9,226,19.5,252,27.4,193,33.9,69,104.6,215,49.5,155,17.7,218,30.2,264,35.3,293
Northwestern St.,Slnd,71.2,18,98.4,263,49.5,202,20.1,291,27.8,181,25.0,319,113.8,347,53.2,309,17.1,258,32.2,331,34.1,273
Indiana St.,MVC,69.2,71,98.3,264,50.6,145,19.2,233,17.3,357,26.4,285,103.1,180,51.7,256,15.8,311,22.5,14,26.2,73
Lehigh,Pat,68.1,116,98.1,265,52.1,81,19.2,237,21.5,343,25.1,312,110.3,306,49.3,142,14.7,339,26.4,105,31.8,224
Siena,MAAC,66.4,224,98.1,266,48.7,240,18.4,183,24.5,293,28.9,224,104.0,206,49.1,130,17.3,238,28.5,200,29.2,156
UC Davis,BW,67.2,184,98.1,267,48.6,246,17.9,139,26.2,243,29.4,207,102.1,159,47.3,56,19.2,121,28.9,221,36.9,315
Tennessee St.,OVC,67.6,145,98.0,268,49.1,222,19.8,273,29.6,126,30.5,169,106.7,253,50.1,182,19.7,91,28.6,207,39.2,337
Arkansas Pine Bluff,SWAC,67.1,186,97.9,269,46.6,309,19.7,270,25.0,282,33.6,79,119.3,358,55.5,351,18.7,150,36.2,357,34.6,284
Nebraska Omaha,Sum,69.9,49,97.9,270,49.3,213,19.3,242,24.6,291,28.3,240,116.5,353,56.3,354,14.7,338,30.0,256,37.4,321
UT Arlington,SB,65.2,281,97.8,271,45.7,334,20.3,293,30.5,97,29.7,196,102.0,156,49.4,145,20.3,72,31.7,315,32.3,238
Harvard,Ivy,67.2,178,97.8,272,49.5,199,17.4,115,25.2,274,24.5,328,102.5,164,52.1,271,20.7,49,23.8,32,32.6,243
McNeese St.,Slnd,69.7,55,97.8,273,48.6,247,22.0,345,33.3,36,37.5,30,110.7,319,52.0,265,17.8,213,28.9,220,40.2,342
Pepperdine,WCC,70.0,48,97.7,274,47.5,284,20.4,300,26.3,239,23.9,333,107.0,258,52.7,291,18.0,196,31.0,293,31.5,215
Cal St. Bakersfield,BW,64.4,320,97.7,275,44.4,350,18.0,147,32.0,57,29.5,205,106.6,252,51.4,241,20.1,78,26.1,90,48.0,357
Texas Southern,SWAC,68.2,114,97.7,276,48.2,259,21.4,329,33.0,41,33.6,77,98.9,102,45.3,16,17.3,241,27.9,173,33.4,257
FIU,CUSA,66.8,200,97.4,277,49.9,173,20.1,288,27.0,210,24.6,324,106.2,247,50.2,185,18.5,163,29.8,250,31.4,210
Canisius,MAAC,68.3,113,97.4,278,45.4,336,16.9,74,28.0,172,30.2,180,105.3,224,51.5,249,17.8,215,26.3,101,32.2,235
Alcorn St.,SWAC,67.8,128,97.3,279,45.8,332,20.4,299,31.9,59,32.4,108,105.4,227,50.7,208,19.1,130,27.9,171,36.7,313
Prairie View A&M,SWAC,70.3,39,97.2,280,48.4,251,24.0,355,31.7,62,38.5,12,107.1,260,51.0,222,20.6,53,34.2,352,44.8,355
North Florida,ASun,67.8,133,97.2,281,48.1,264,21.6,338,25.2,276,30.4,174,105.9,242,48.8,118,16.7,277,36.9,358,28.7,137
Alabama St.,SWAC,69.5,62,97.2,282,47.7,278,21.6,337,29.5,130,36.9,36,110.3,307,50.4,193,19.5,104,33.6,344,33.8,268
Lafayette,Pat,64.8,303,97.1,283,50.6,144,16.5,53,22.3,332,20.9,357,111.6,331,53.7,326,17.2,244,30.0,259,25.8,64
New Orleans,Slnd,72.2,10,97.0,284,49.4,203,19.3,239,26.0,249,42.0,1,105.5,232,50.1,183,19.7,95,30.8,283,32.8,247
Little Rock,SB,66.7,205,97.0,285,47.9,271,20.3,297,23.5,308,32.3,112,112.1,335,56.3,355,20.0,85,30.6,278,31.0,198
Northeastern,CAA,64.5,319,97.0,286,50.1,169,21.2,325,26.3,235,30.6,163,104.8,216,51.7,257,15.7,320,23.7,31,25.6,59
Western Michigan,MAC,64.1,331,96.9,287,49.3,212,20.3,296,27.2,202,24.3,330,112.1,336,53.4,318,15.0,335,32.3,332,29.8,170
North Carolina A&T,BSth,67.5,157,96.9,288,46.6,310,18.3,170,29.2,145,28.2,245,107.7,273,50.9,221,20.1,81,31.3,304,37.8,327
Southern,SWAC,70.0,47,96.8,289,49.2,216,20.4,303,27.4,190,33.6,78,100.4,125,49.2,140,25.2,2,31.3,303,45.7,356
North Carolina Central,MEAC,67.6,140,96.7,290,47.7,279,23.7,354,32.6,45,37.8,26,107.1,261,50.5,198,22.1,23,30.6,276,43.5,351
Texas A&M Corpus Chris,Slnd,69.4,63,96.7,291,47.2,292,19.7,265,34.0,19,38.0,22,103.2,186,49.0,126,22.6,18,28.8,212,42.3,349
North Dakota,Sum,67.4,164,96.6,292,47.2,290,17.5,116,26.8,223,31.6,129,116.5,354,56.3,353,13.7,355,25.8,76,30.5,189
Stetson,ASun,65.8,255,96.6,293,48.8,229,19.5,253,28.2,169,25.6,303,109.1,289,53.0,302,16.1,301,27.5,149,26.8,85
Gardner Webb,BSth,67.5,154,96.6,294,49.9,175,20.0,283,26.9,217,28.5,234,96.5,59,45.5,19,19.0,135,26.3,98,36.3,308
San Diego,WCC,65.6,262,96.6,295,46.7,305,18.5,191,26.3,237,25.5,306,101.1,137,49.2,137,16.0,303,26.4,104,23.7,34
Army,Pat,68.9,89,96.5,296,48.8,230,18.9,219,29.8,123,32.1,118,107.7,274,52.8,294,19.4,113,27.3,133,22.9,21
Presbyterian,BSth,64.1,328,96.5,297,45.4,338,19.5,255,33.2,37,30.2,178,104.6,214,53.5,322,21.2,34,24.7,52,40.7,345
Loyola MD,Pat,64.6,316,96.4,298,50.4,156,18.2,163,25.2,277,25.0,321,105.1,220,51.4,238,20.8,45,26.1,87,30.7,191
Central Michigan,MAC,67.5,149,96.3,299,47.8,276,19.6,263,25.4,269,30.5,166,110.1,304,53.0,305,16.6,281,31.3,302,36.1,306
UMass Lowell,AE,67.5,151,96.2,300,48.0,268,18.3,169,29.3,140,26.5,283,103.0,178,48.9,119,19.6,99,29.9,253,32.5,242
Georgia Southern,SB,66.1,246,96.2,301,47.8,273,21.3,327,28.6,158,31.6,134,103.4,189,48.3,99,18.9,141,31.2,299,35.6,299
Tennessee Martin,OVC,68.9,84,96.1,302,46.1,324,19.4,249,30.0,113,26.3,288,108.8,282,50.8,214,18.5,164,31.8,316,37.2,317
Mount St. Mary's,NEC,63.3,340,96.1,303,48.6,245,20.1,286,31.0,79,26.3,289,102.7,171,48.6,110,18.9,144,29.1,226,26.2,75
Portland St.,BSky,71.0,22,95.8,304,47.1,293,17.0,83,26.1,244,31.6,130,103.3,188,52.7,289,23.3,12,31.8,320,39.4,339
Dixie St.,WAC,71.4,17,95.7,305,46.5,312,21.0,321,27.0,216,35.2,53,104.8,217,50.8,218,17.9,208,28.9,216,30.6,190
Northern Arizona,BSky,65.2,284,95.6,306,47.9,270,20.5,304,28.9,149,27.7,257,112.4,339,53.0,301,13.8,352,23.7,30,34.1,272
Air Force,MWC,63.3,342,95.6,307,50.9,131,21.5,335,19.6,353,26.8,277,104.1,208,51.5,244,20.3,71,29.4,231,38.9,334
Chicago St.,WAC,65.7,258,95.6,308,45.8,331,22.1,346,31.5,71,29.3,210,113.1,344,53.7,328,18.7,154,32.1,327,38.5,333
Radford,BSth,64.2,327,95.3,309,46.5,313,20.6,308,28.9,150,27.8,252,105.6,234,52.0,262,20.2,76,25.9,80,37.4,319
Pacific,WCC,68.2,115,95.3,310,46.2,320,17.4,110,22.6,324,32.3,113,105.8,240,54.9,345,18.7,149,22.6,15,28.1,117
Navy,Pat,64.8,306,95.3,311,47.5,283,19.9,275,33.8,23,30.8,159,96.6,63,47.3,55,20.4,65,24.8,53,31.7,220
Houston Baptist,Slnd,68.8,92,95.2,312,48.8,232,20.7,314,29.3,141,37.8,23,112.4,340,55.3,349,19.1,132,27.3,135,37.8,328
Sacramento St.,BSky,64.3,324,95.2,313,48.8,233,16.7,61,21.4,344,28.3,241,108.7,281,52.6,285,17.7,222,27.6,160,33.7,265
St. Francis PA,NEC,67.4,166,95.1,314,46.9,300,18.1,152,30.4,100,29.8,191,109.8,299,52.4,278,18.3,181,31.9,322,25.6,58
Florida A&M,SWAC,65.5,264,95.0,315,45.9,330,18.8,212,25.9,256,29.7,197,107.6,271,48.2,94,18.4,166,34.1,350,38.9,335
Binghamton,AE,67.2,183,94.9,316,48.8,231,18.8,213,26.7,230,23.2,341,105.7,238,49.9,174,15.9,305,27.1,125,30.1,176
Incarnate Word,Slnd,64.7,314,94.9,317,48.4,254,20.1,289,22.6,325,27.4,265,116.7,355,56.8,357,18.1,194,32.7,335,30.0,175
Austin Peay,OVC,64.7,313,94.9,318,46.6,311,21.3,328,29.5,129,25.7,302,105.7,235,52.5,284,20.9,38,30.4,269,36.1,305
Fairleigh Dickinson,NEC,69.7,54,94.8,319,46.4,317,19.4,246,27.8,179,27.8,256,114.6,350,53.8,331,18.2,187,34.2,351,34.1,274
St. Francis NY,NEC,66.7,206,94.7,320,46.0,328,17.9,132,29.4,136,23.3,339,109.0,288,51.9,259,18.9,145,29.8,248,32.4,239
Fordham,A10,67.7,137,94.7,321,45.7,333,18.9,216,27.2,203,29.7,193,95.2,40,48.0,80,19.6,97,26.3,99,30.4,187
Morgan St.,MEAC,71.9,13,94.5,322,46.1,325,21.2,326,31.4,72,31.0,150,105.5,230,51.2,233,23.2,13,29.9,255,43.7,352
UTSA,CUSA,68.7,95,94.4,323,43.6,353,17.6,118,29.5,128,25.4,307,107.6,270,54.3,335,17.0,262,25.8,75,33.0,251
American,Pat,65.0,293,94.4,324,49.6,194,20.3,295,25.1,280,25.6,305,110.7,317,53.3,314,17.4,232,29.0,225,28.9,144
Merrimack,NEC,62.2,350,94.2,325,48.6,243,18.5,188,22.5,327,26.0,299,105.8,241,49.1,132,22.6,19,36.2,356,33.9,270
Cal St. Northridge,BW,65.0,291,94.1,326,44.4,349,18.5,194,26.8,221,29.6,204,110.1,305,51.9,260,19.9,87,33.0,338,36.5,311
SIU Edwardsville,OVC,68.5,103,94.1,327,46.7,307,21.5,336,31.0,78,34.5,63,105.6,233,49.0,128,19.2,127,30.4,270,37.6,324
Southern Miss,CUSA,67.1,187,94.1,328,46.8,304,19.7,266,23.8,300,26.6,281,111.9,334,54.0,334,15.8,315,28.4,195,28.1,113
Idaho St.,BSky,64.0,333,94.0,329,47.4,286,21.1,322,27.6,185,33.0,94,111.4,327,53.2,312,16.7,278,27.5,150,35.2,292
Eastern Michigan,MAC,69.3,69,93.8,330,48.2,261,19.2,235,23.3,311,29.8,190,107.4,264,51.6,251,16.9,269,28.4,192,29.3,158
Grambling St.,SWAC,69.3,66,93.8,331,44.6,346,19.9,279,27.4,192,33.4,87,106.0,245,48.9,120,19.3,118,31.4,307,40.8,346
Jackson St.,SWAC,63.8,338,93.4,332,45.3,342,19.9,276,31.4,73,26.5,284,102.6,165,47.7,75,18.4,168,27.9,170,36.6,312
South Carolina St.,MEAC,70.1,44,93.3,333,43.3,354,20.2,292,34.3,17,31.9,126,105.9,243,49.9,175,20.6,52,29.0,223,37.4,320
Cal Poly,BW,64.7,312,93.2,334,46.1,322,22.6,352,27.3,196,36.3,41,105.7,237,48.1,84,17.0,261,26.9,118,36.8,314
Columbia,Ivy,69.6,58,93.2,335,48.5,248,21.5,333,27.5,186,26.1,295,114.3,348,54.8,344,16.4,293,28.8,213,25.1,49
Bethune Cookman,SWAC,65.9,251,93.2,336,45.4,337,19.8,272,27.8,178,28.8,227,109.8,300,51.5,242,20.4,66,30.9,284,35.5,297
Northern Illinois,MAC,67.1,189,92.8,337,47.2,289,19.8,274,24.3,296,33.1,93,104.2,209,50.6,202,19.7,96,29.4,233,40.7,344
Mississippi Valley St.,SWAC,70.8,27,92.8,338,44.5,347,18.1,156,23.5,309,31.4,139,115.3,351,56.7,356,20.8,44,33.9,347,36.5,310
Evansville,MVC,64.1,329,92.7,339,47.0,297,17.2,95,14.2,358,24.6,325,106.9,257,56.1,352,17.9,210,22.1,6,31.0,200
Charleston Southern,BSth,68.9,80,92.3,340,46.1,323,21.5,334,26.3,236,28.4,237,112.3,338,55.3,350,17.4,235,25.7,70,30.0,173
Albany,AE,65.2,280,92.2,341,46.2,319,18.7,205,26.1,245,25.0,316,102.8,173,50.7,209,20.6,51,27.2,126,31.8,225
Maine,AE,66.3,229,92.2,342,46.9,302,19.4,248,24.0,297,20.4,358,114.4,349,54.9,346,18.3,174,30.5,275,32.8,248
Lamar,WAC,66.1,241,92.1,343,44.5,348,21.7,340,30.0,110,26.2,293,112.2,337,52.9,299,17.9,211,31.9,321,38.5,332
Coppin St.,MEAC,72.3,9,92.0,344,46.0,326,19.5,250,20.1,351,34.6,61,103.8,199,49.3,141,20.3,69,32.0,323,28.1,115
Green Bay,Horz,64.7,311,91.9,345,46.5,314,19.9,281,26.7,227,32.0,120,110.5,313,53.0,303,18.2,186,28.6,205,31.7,221
Milwaukee,Horz,66.9,195,91.8,346,47.7,280,19.6,258,25.9,257,28.0,249,108.9,284,47.5,67,14.9,336,30.1,263,29.1,155
Central Connecticut,NEC,64.6,315,91.5,347,46.0,327,20.6,307,26.3,240,29.1,214,111.3,325,52.9,300,18.8,146,31.8,317,28.8,139
Holy Cross,Pat,67.1,185,91.2,348,45.1,343,18.2,165,27.3,199,28.6,232,111.4,328,53.2,310,17.6,225,29.4,234,30.8,193
South Florida,Amer,65.0,290,91.0,349,41.3,357,19.1,227,29.9,120,25.4,308,97.8,83,48.3,103,18.9,142,27.0,120,33.6,261
Hampton,BSth,69.2,74,90.7,350,44.2,352,18.2,160,22.0,336,36.6,39,105.7,236,47.3,60,16.6,280,31.5,309,37.9,329
North Alabama,ASun,67.7,134,90.3,351,43.2,355,17.0,86,25.5,265,23.8,334,103.8,202,50.2,188,18.9,143,29.9,252,40.0,341
William & Mary,CAA,68.8,93,90.2,352,46.0,329,23.1,353,27.1,209,30.3,177,107.6,272,53.6,324,17.9,202,27.7,161,27.2,94
Maryland Eastern Shore,MEAC,67.9,125,89.8,353,45.4,340,22.0,343,27.3,201,31.0,154,103.0,179,51.0,223,23.8,8,29.9,254,35.8,303
NJIT,AE,66.1,245,89.4,354,46.5,315,18.7,206,23.2,314,31.0,155,107.8,275,51.0,225,16.7,279,27.9,169,27.0,93
Alabama A&M,SWAC,66.6,211,87.4,355,41.3,358,19.6,259,28.7,157,33.5,80,100.9,132,46.3,29,19.6,100,31.0,291,28.6,134
Delaware St.,MEAC,68.5,105,86.2,356,45.0,344,25.6,357,27.0,215,32.4,110,110.6,315,51.1,230,19.3,117,34.7,354,34.2,278
Eastern Illinois,OVC,64.8,305,83.2,357,44.2,351,24.3,356,20.8,346,31.2,144,109.0,285,53.4,316,18.4,167,32.7,334,24.2,40
IUPUI,Horz,62.4,347,79.4,358,42.4,356,26.1,358,30.0,109,24.9,322,111.1,323,52.8,293,20.6,55,33.0,339,37.5,323
,,,,,,,,,,,,,,,,,,,,,,,
,,,,,,,,,,,,,,,,,,,,,,,
,,,,,,,,,,,,,,,,,,,,,,,
,,,,,,,,,,,,,,,,,,,,,,,
,,,,,,,,,,,,,,,,,,,,,,,
,,,,,,,,,,,,,,,,,,,,,,,
,,,,,,,,,,,,,,,,,,,,,,,
,,,,,,,,,,,,,,,,,,,,,,,
,,,,,,,,,,,,,,,,,,,,,,,
,,,,,,,,,,,,,,,,,,,,,,,
,,,,,,,,,,,,,,,,,,,,,,,
,,,,,,,,,,,,,,,,,,,,,,,
,,,,,,,,,,,,,,,,,,,,,,,
,,,,,,,,,,,,,,,,,,,,,,,
,,,,,,,,,,,,,,,,,,,,,,,
,,,,,,,,,,,,,,,,,,,,,,,
,,,,,,,,,,,,,,,,,,,,,,,
,,,,,,,,,,,,,,,,,,,,,,,
,,,,,,,,,,,,,,,,,,,,,,,
,,,,,,,,,,,,,,,,,,,,,,,
,,,,,,,,,,,,,,,,,,,,,,,
,,,,,,,,,,,,,,,,,,,,,,,
,,,,,,,,,,,,,,,,,,,,,,,
,,,,,,,,,,,,,,,,,,,,,,,
,,,,,,,,,,,,,,,,,,,,,,,
,,,,,,,,,,,,,,,,,,,,,,,
,,,,,,,,,,,,,,,,,,,,,,,
,,,,,,,,,,,,,,,,,,,,,,,
,,,,,,,,,,,,,,,,,,,,,,,
,,,,,,,,,,,,,,,,,,,,,,,
,,,,,,,,,,,,,,,,,,,,,,,
,,,,,,,,,,,,,,,,,,,,,,,
,,,,,,,,,,,,,,,,,,,,,,,
,,,,,,,,,,,,,,,,,,,,,,,
,,,,,,,,,,,,,,,,,,,,,,,
,,,,,,,,,,,,,,,,,,,,,,,
,,,,,,,,,,,,,,,,,,,,,,,
,,,,,,,,,,,,,,,,,,,,,,,
,,,,,,,,,,,,,,,,,,,,,,,
,,,,,,,,,,,,,,,,,,,,,,,
,,,,,,,,,,,,,,,,,,,,,,,
,,,,,,,,,,,,,,,,,,,,,,,
,,,,,,,,,,,,,,,,,,,,,,,
,,,,,,,,,,,,,,,,,,,,,,,
,,,,,,,,,,,,,,,,,,,,,,,
,,,,,,,,,,,,,,,,,,,,,,,
,,,,,,,,,,,,,,,,,,,,,,,
,,,,,,,,,,,,,,,,,,,,,,,
,,,,,,,,,,,,,,,,,,,,,,,
,,,,,,,,,,,,,,,,,,,,,,,
,,,,,,,,,,,,,,,,,,,,,,,
,,,,,,,,,,,,,,,,,,,,,,,
,,,,,,,,,,,,,,,,,,,,,,,
,,,,,,,,,,,,,,,,,,,,,,,
,,,,,,,,,,,,,,,,,,,,,,,
,,,,,,,,,,,,,,,,,,,,,,,
,,,,,,,,,,,,,,,,,,,,,,,
,,,,,,,,,,,,,,,,,,,,,,,
,,,,,,,,,,,,,,,,,,,,,,,
,,,,,,,,,,,,,,,,,,,,,,,
,,,,,,,,,,,,,,,,,,,,,,,
,,,,,,,,,,,,,,,,,,,,,,,
,,,,,,,,,,,,,,,,,,,,,,,
,,,,,,,,,,,,,,,,,,,,,,,
,,,,,,,,,,,,,,,,,,,,,,,
,,,,,,,,,,,,,,,,,,,,,,,
,,,,,,,,,,,,,,,,,,,,,,,
,,,,,,,,,,,,,,,,,,,,,,,
,,,,,,,,,,,,,,,,,,,,,,,
,,,,,,,,,,,,,,,,,,,,,,,
,,,,,,,,,,,,,,,,,,,,,,,
,,,,,,,,,,,,,,,,,,,,,,,
,,,,,,,,,,,,,,,,,,,,,,,
,,,,,,,,,,,,,,,,,,,,,,,
,,,,,,,,,,,,,,,,,,,,,,,
,,,,,,,,,,,,,,,,,,,,,,,
,,,,,,,,,,,,,,,,,,,,,,,
,,,,,,,,,,,,,,,,,,,,,,,
,,,,,,,,,,,,,,,,,,,,,,,
,,,,,,,,,,,,,,,,,,,,,,,
,,,,,,,,,,,,,,,,,,,,,,,
,,,,,,,,,,,,,,,,,,,,,,,
,,,,,,,,,,,,,,,,,,,,,,,
,,,,,,,,,,,,,,,,,,,,,,,
,,,,,,,,,,,,,,,,,,,,,,,
,,,,,,,,,,,,,,,,,,,,,,,
,,,,,,,,,,,,,,,,,,,,,,,
,,,,,,,,,,,,,,,,,,,,,,,
,,,,,,,,,,,,,,,,,,,,,,,
,,,,,,,,,,,,,,,,,,,,,,,
,,,,,,,,,,,,,,,,,,,,,,,
,,,,,,,,,,,,,,,,,,,,,,,
,,,,,,,,,,,,,,,,,,,,,,,
,,,,,,,,,,,,,,,,,,,,,,,
,,,,,,,,,,,,,,,,,,,,,,,
,,,,,,,,,,,,,,,,,,,,,,,
,,,,,,,,,,,,,,,,,,,,,,,
,,,,,,,,,,,,,,,,,,,,,,,
,,,,,,,,,,,,,,,,,,,,,,,
,,,,,,,,,,,,,,,,,,,,,,,
,,,,,,,,,,,,,,,,,,,,,,,
,,,,,,,,,,,,,,,,,,,,,,,
,,,,,,,,,,,,,,,,,,,,,,,
,,,,,,,,,,,,,,,,,,,,,,,
,,,,,,,,,,,,,,,,,,,,,,,
,,,,,,,,,,,,,,,,,,,,,,,
,,,,,,,,,,,,,,,,,,,,,,,
,,,,,,,,,,,,,,,,,,,,,,,
,,,,,,,,,,,,,,,,,,,,,,,
,,,,,,,,,,,,,,,,,,,,,,,
,,,,,,,,,,,,,,,,,,,,,,,
,,,,,,,,,,,,,,,,,,,,,,,
,,,,,,,,,,,,,,,,,,,,,,,
,,,,,,,,,,,,,,,,,,,,,,,
,,,,,,,,,,,,,,,,,,,,,,,
,,,,,,,,,,,,,,,,,,,,,,,
,,,,,,,,,,,,,,,,,,,,,,,
,,,,,,,,,,,,,,,,,,,,,,,
,,,,,,,,,,,,,,,,,,,,,,,
,,,,,,,,,,,,,,,,,,,,,,,
,,,,,,,,,,,,,,,,,,,,,,,
,,,,,,,,,,,,,,,,,,,,,,,
,,,,,,,,,,,,,,,,,,,,,,,
,,,,,,,,,,,,,,,,,,,,,,,
,,,,,,,,,,,,,,,,,,,,,,,
,,,,,,,,,,,,,,,,,,,,,,,
,,,,,,,,,,,,,,,,,,,,,,,
,,,,,,,,,,,,,,,,,,,,,,,
,,,,,,,,,,,,,,,,,,,,,,,
,,,,,,,,,,,,,,,,,,,,,,,
,,,,,,,,,,,,,,,,,,,,,,,
,,,,,,,,,,,,,,,,,,,,,,,
,,,,,,,,,,,,,,,,,,,,,,,
,,,,,,,,,,,,,,,,,,,,,,,
,,,,,,,,,,,,,,,,,,,,,,,
,,,,,,,,,,,,,,,,,,,,,,,
,,,,,,,,,,,,,,,,,,,,,,,
,,,,,,,,,,,,,,,,,,,,,,,
,,,,,,,,,,,,,,,,,,,,,,,
,,,,,,,,,,,,,,,,,,,,,,,
,,,,,,,,,,,,,,,,,,,,,,,
,,,,,,,,,,,,,,,,,,,,,,,
,,,,,,,,,,,,,,,,,,,,,,,
,,,,,,,,,,,,,,,,,,,,,,,
,,,,,,,,,,,,,,,,,,,,,,,
,,,,,,,,,,,,,,,,,,,,,,,
,,,,,,,,,,,,,,,,,,,,,,,
,,,,,,,,,,,,,,,,,,,,,,,
,,,,,,,,,,,,,,,,,,,,,,,
,,,,,,,,,,,,,,,,,,,,,,,
,,,,,,,,,,,,,,,,,,,,,,,
,,,,,,,,,,,,,,,,,,,,,,,
,,,,,,,,,,,,,,,,,,,,,,,
,,,,,,,,,,,,,,,,,,,,,,,
,,,,,,,,,,,,,,,,,,,,,,,
,,,,,,,,,,,,,,,,,,,,,,,
,,,,,,,,,,,,,,,,,,,,,,,
,,,,,,,,,,,,,,,,,,,,,,,
,,,,,,,,,,,,,,,,,,,,,,,
,,,,,,,,,,,,,,,,,,,,,,,
,,,,,,,,,,,,,,,,,,,,,,,
,,,,,,,,,,,,,,,,,,,,,,,
,,,,,,,,,,,,,,,,,,,,,,,
,,,,,,,,,,,,,,,,,,,,,,,
,,,,,,,,,,,,,,,,,,,,,,,
,,,,,,,,,,,,,,,,,,,,,,,
,,,,,,,,,,,,,,,,,,,,,,,
,,,,,,,,,,,,,,,,,,,,,,,
,,,,,,,,,,,,,,,,,,,,,,,
,,,,,,,,,,,,,,,,,,,,,,,
,,,,,,,,,,,,,,,,,,,,,,,
,,,,,,,,,,,,,,,,,,,,,,,
,,,,,,,,,,,,,,,,,,,,,,,
,,,,,,,,,,,,,,,,,,,,,,,
,,,,,,,,,,,,,,,,,,,,,,,
,,,,,,,,,,,,,,,,,,,,,,,
,,,,,,,,,,,,,,,,,,,,,,,
,,,,,,,,,,,,,,,,,,,,,,,
,,,,,,,,,,,,,,,,,,,,,,,
,,,,,,,,,,,,,,,,,,,,,,,
,,,,,,,,,,,,,,,,,,,,,,,
,,,,,,,,,,,,,,,,,,,,,,,
,,,,,,,,,,,,,,,,,,,,,,,
,,,,,,,,,,,,,,,,,,,,,,,
,,,,,,,,,,,,,,,,,,,,,,,
,,,,,,,,,,,,,,,,,,,,,,,
,,,,,,,,,,,,,,,,,,,,,,,
,,,,,,,,,,,,,,,,,,,,,,,
,,,,,,,,,,,,,,,,,,,,,,,
,,,,,,,,,,,,,,,,,,,,,,,
,,,,,,,,,,,,,,,,,,,,,,,
,,,,,,,,,,,,,,,,,,,,,,,
,,,,,,,,,,,,,,,,,,,,,,,
,,,,,,,,,,,,,,,,,,,,,,,
,,,,,,,,,,,,,,,,,,,,,,,
,,,,,,,,,,,,,,,,,,,,,,,
,,,,,,,,,,,,,,,,,,,,,,,
,,,,,,,,,,,,,,,,,,,,,,,
,,,,,,,,,,,,,,,,,,,,,,,
,,,,,,,,,,,,,,,,,,,,,,,
,,,,,,,,,,,,,,,,,,,,,,,
,,,,,,,,,,,,,,,,,,,,,,,
,,,,,,,,,,,,,,,,,,,,,,,
,,,,,,,,,,,,,,,,,,,,,,,
,,,,,,,,,,,,,,,,,,,,,,,
,,,,,,,,,,,,,,,,,,,,,,,
,,,,,,,,,,,,,,,,,,,,,,,
,,,,,,,,,,,,,,,,,,,,,,,
,,,,,,,,,,,,,,,,,,,,,,,
,,,,,,,,,,,,,,,,,,,,,,,
,,,,,,,,,,,,,,,,,,,,,,,
,,,,,,,,,,,,,,,,,,,,,,,
,,,,,,,,,,,,,,,,,,,,,,,
,,,,,,,,,,,,,,,,,,,,,,,
,,,,,,,,,,,,,,,,,,,,,,,
,,,,,,,,,,,,,,,,,,,,,,,
,,,,,,,,,,,,,,,,,,,,,,,
,,,,,,,,,,,,,,,,,,,,,,,
,,,,,,,,,,,,,,,,,,,,,,,
,,,,,,,,,,,,,,,,,,,,,,,
,,,,,,,,,,,,,,,,,,,,,,,
,,,,,,,,,,,,,,,,,,,,,,,
,,,,,,,,,,,,,,,,,,,,,,,
,,,,,,,,,,,,,,,,,,,,,,,
,,,,,,,,,,,,,,,,,,,,,,,
,,,,,,,,,,,,,,,,,,,,,,,
,,,,,,,,,,,,,,,,,,,,,,,
,,,,,,,,,,,,,,,,,,,,,,,
,,,,,,,,,,,,,,,,,,,,,,,
,,,,,,,,,,,,,,,,,,,,,,,
,,,,,,,,,,,,,,,,,,,,,,,
,,,,,,,,,,,,,,,,,,,,,,,
,,,,,,,,,,,,,,,,,,,,,,,
,,,,,,,,,,,,,,,,,,,,,,,
,,,,,,,,,,,,,,,,,,,,,,,
,,,,,,,,,,,,,,,,,,,,,,,
,,,,,,,,,,,,,,,,,,,,,,,
,,,,,,,,,,,,,,,,,,,,,,,
,,,,,,,,,,,,,,,,,,,,,,,
,,,,,,,,,,,,,,,,,,,,,,,
,,,,,,,,,,,,,,,,,,,,,,,
,,,,,,,,,,,,,,,,,,,,,,,
,,,,,,,,,,,,,,,,,,,,,,,
,,,,,,,,,,,,,,,,,,,,,,,
,,,,,,,,,,,,,,,,,,,,,,,
,,,,,,,,,,,,,,,,,,,,,,,
,,,,,,,,,,,,,,,,,,,,,,,
,,,,,,,,,,,,,,,,,,,,,,,
,,,,,,,,,,,,,,,,,,,,,,,
,,,,,,,,,,,,,,,,,,,,,,,
,,,,,,,,,,,,,,,,,,,,,,,
,,,,,,,,,,,,,,,,,,,,,,,
,,,,,,,,,,,,,,,,,,,,,,,
,,,,,,,,,,,,,,,,,,,,,,,
,,,,,,,,,,,,,,,,,,,,,,,
,,,,,,,,,,,,,,,,,,,,,,,
,,,,,,,,,,,,,,,,,,,,,,,
,,,,,,,,,,,,,,,,,,,,,,,
,,,,,,,,,,,,,,,,,,,,,,,
,,,,,,,,,,,,,,,,,,,,,,,
,,,,,,,,,,,,,,,,,,,,,,,
,,,,,,,,,,,,,,,,,,,,,,,
,,,,,,,,,,,,,,,,,,,,,,,
,,,,,,,,,,,,,,,,,,,,,,,
,,,,,,,,,,,,,,,,,,,,,,,
,,,,,,,,,,,,,,,,,,,,,,,
,,,,,,,,,,,,,,,,,,,,,,,
,,,,,,,,,,,,,,,,,,,,,,,
,,,,,,,,,,,,,,,,,,,,,,,
,,,,,,,,,,,,,,,,,,,,,,,
,,,,,,,,,,,,,,,,,,,,,,,
,,,,,,,,,,,,,,,,,,,,,,,
,,,,,,,,,,,,,,,,,,,,,,,
,,,,,,,,,,,,,,,,,,,,,,,
,,,,,,,,,,,,,,,,,,,,,,,
,,,,,,,,,,,,,,,,,,,,,,,
,,,,,,,,,,,,,,,,,,,,,,,
,,,,,,,,,,,,,,,,,,,,,,,
,,,,,,,,,,,,,,,,,,,,,,,
,,,,,,,,,,,,,,,,,,,,,,,
,,,,,,,,,,,,,,,,,,,,,,,
,,,,,,,,,,,,,,,,,,,,,,,
,,,,,,,,,,,,,,,,,,,,,,,
,,,,,,,,,,,,,,,,,,,,,,,
,,,,,,,,,,,,,,,,,,,,,,,
,,,,,,,,,,,,,,,,,,,,,,,
,,,,,,,,,,,,,,,,,,,,,,,
,,,,,,,,,,,,,,,,,,,,,,,
,,,,,,,,,,,,,,,,,,,,,,,
,,,,,,,,,,,,,,,,,,,,,,,
,,,,,,,,,,,,,,,,,,,,,,,
,,,,,,,,,,,,,,,,,,,,,,,
,,,,,,,,,,,,,,,,,,,,,,,
,,,,,,,,,,,,,,,,,,,,,,,
,,,,,,,,,,,,,,,,,,,,,,,
,,,,,,,,,,,,,,,,,,,,,,,
,,,,,,,,,,,,,,,,,,,,,,,
,,,,,,,,,,,,,,,,,,,,,,,
,,,,,,,,,,,,,,,,,,,,,,,
,,,,,,,,,,,,,,,,,,,,,,,
,,,,,,,,,,,,,,,,,,,,,,,
,,,,,,,,,,,,,,,,,,,,,,,
,,,,,,,,,,,,,,,,,,,,,,,
,,,,,,,,,,,,,,,,,,,,,,,
,,,,,,,,,,,,,,,,,,,,,,,
,,,,,,,,,,,,,,,,,,,,,,,
,,,,,,,,,,,,,,,,,,,,,,,
,,,,,,,,,,,,,,,,,,,,,,,
,,,,,,,,,,,,,,,,,,,,,,,
,,,,,,,,,,,,,,,,,,,,,,,
,,,,,,,,,,,,,,,,,,,,,,,
,,,,,,,,,,,,,,,,,,,,,,,
,,,,,,,,,,,,,,,,,,,,,,,
,,,,,,,,,,,,,,,,,,,,,,,
,,,,,,,,,,,,,,,,,,,,,,,
,,,,,,,,,,,,,,,,,,,,,,,
,,,,,,,,,,,,,,,,,,,,,,,
,,,,,,,,,,,,,,,,,,,,,,,
,,,,,,,,,,,,,,,,,,,,,,,
,,,,,,,,,,,,,,,,,,,,,,,
,,,,,,,,,,,,,,,,,,,,,,,
,,,,,,,,,,,,,,,,,,,,,,,
,,,,,,,,,,,,,,,,,,,,,,,
,,,,,,,,,,,,,,,,,,,,,,,
,,,,,,,,,,,,,,,,,,,,,,,
,,,,,,,,,,,,,,,,,,,,,,,
,,,,,,,,,,,,,,,,,,,,,,,
,,,,,,,,,,,,,,,,,,,,,,,
,,,,,,,,,,,,,,,,,,,,,,,
,,,,,,,,,,,,,,,,,,,,,,,
,,,,,,,,,,,,,,,,,,,,,,,
,,,,,,,,,,,,,,,,,,,,,,,
,,,,,,,,,,,,,,,,,,,,,,,
,,,,,,,,,,,,,,,,,,,,,,,
,,,,,,,,,,,,,,,,,,,,,,,
,,,,,,,,,,,,,,,,,,,,,,,
,,,,,,,,,,,,,,,,,,,,,,,
,,,,,,,,,,,,,,,,,,,,,,,
,,,,,,,,,,,,,,,,,,,,,,,
,,,,,,,,,,,,,,,,,,,,,,,
,,,,,,,,,,,,,,,,,,,,,,,
,,,,,,,,,,,,,,,,,,,,,,,
,,,,,,,,,,,,,,,,,,,,,,,
,,,,,,,,,,,,,,,,,,,,,,,
,,,,,,,,,,,,,,,,,,,,,,,
,,,,,,,,,,,,,,,,,,,,,,,
,,,,,,,,,,,,,,,,,,,,,,,
,,,,,,,,,,,,,,,,,,,,,,,
,,,,,,,,,,,,,,,,,,,,,,,
,,,,,,,,,,,,,,,,,,,,,,,
,,,,,,,,,,,,,,,,,,,,,,,
,,,,,,,,,,,,,,,,,,,,,,,
,,,,,,,,,,,,,,,,,,,,,,,
,,,,,,,,,,,,,,,,,,,,,,,
,,,,,,,,,,,,,,,,,,,,,,,
,,,,,,,,,,,,,,,,,,,,,,,
,,,,,,,,,,,,,,,,,,,,,,,
,,,,,,,,,,,,,,,,,,,,,,,
,,,,,,,,,,,,,,,,,,,,,,,
,,,,,,,,,,,,,,,,,,,,,,,
,,,,,,,,,,,,,,,,,,,,,,,
,,,,,,,,,,,,,,,,,,,,,,,
,,,,,,,,,,,,,,,,,,,,,,,
,,,,,,,,,,,,,,,,,,,,,,,
,,,,,,,,,,,,,,,,,,,,,,,
,,,,,,,,,,,,,,,,,,,,,,,
,,,,,,,,,,,,,,,,,,,,,,,
,,,,,,,,,,,,,,,,,,,,,,,
,,,,,,,,,,,,,,,,,,,,,,,
,,,,,,,,,,,,,,,,,,,,,,,
,,,,,,,,,,,,,,,,,,,,,,,
,,,,,,,,,,,,,,,,,,,,,,,
,,,,,,,,,,,,,,,,,,,,,,,
,,,,,,,,,,,,,,,,,,,,,,,
,,,,,,,,,,,,,,,,,,,,,,,
,,,,,,,,,,,,,,,,,,,,,,,
,,,,,,,,,,,,,,,,,,,,,,,
,,,,,,,,,,,,,,,,,,,,,,,
,,,,,,,,,,,,,,,,,,,,,,,
,,,,,,,,,,,,,,,,,,,,,,,
,,,,,,,,,,,,,,,,,,,,,,,
,,,,,,,,,,,,,,,,,,,,,,,
,,,,,,,,,,,,,,,,,,,,,,,
,,,,,,,,,,,,,,,,,,,,,,,
,,,,,,,,,,,,,,,,,,,,,,,
,,,,,,,,,,,,,,,,,,,,,,,
,,,,,,,,,,,,,,,,,,,,,,,
,,,,,,,,,,,,,,,,,,,,,,,
,,,,,,,,,,,,,,,,,,,,,,,
,,,,,,,,,,,,,,,,,,,,,,,
,,,,,,,,,,,,,,,,,,,,,,,
,,,,,,,,,,,,,,,,,,,,,,,
,,,,,,,,,,,,,,,,,,,,,,,
,,,,,,,,,,,,,,,,,,,,,,,
,,,,,,,,,,,,,,,,,,,,,,,
,,,,,,,,,,,,,,,,,,,,,,,
,,,,,,,,,,,,,,,,,,,,,,,
,,,,,,,,,,,,,,,,,,,,,,,
,,,,,,,,,,,,,,,,,,,,,,,
,,,,,,,,,,,,,,,,,,,,,,,
,,,,,,,,,,,,,,,,,,,,,,,
,,,,,,,,,,,,,,,,,,,,,,,
,,,,,,,,,,,,,,,,,,,,,,,
,,,,,,,,,,,,,,,,,,,,,,,
,,,,,,,,,,,,,,,,,,,,,,,
,,,,,,,,,,,,,,,,,,,,,,,
,,,,,,,,,,,,,,,,,,,,,,,
,,,,,,,,,,,,,,,,,,,,,,,
,,,,,,,,,,,,,,,,,,,,,,,
,,,,,,,,,,,,,,,,,,,,,,,
,,,,,,,,,,,,,,,,,,,,,,,
,,,,,,,,,,,,,,,,,,,,,,,
,,,,,,,,,,,,,,,,,,,,,,,
,,,,,,,,,,,,,,,,,,,,,,,
,,,,,,,,,,,,,,,,,,,,,,,
,,,,,,,,,,,,,,,,,,,,,,,
,,,,,,,,,,,,,,,,,,,,,,,
,,,,,,,,,,,,,,,,,,,,,,,
,,,,,,,,,,,,,,,,,,,,,,,
,,,,,,,,,,,,,,,,,,,,,,,
,,,,,,,,,,,,,,,,,,,,,,,
,,,,,,,,,,,,,,,,,,,,,,,
,,,,,,,,,,,,,,,,,,,,,,,
,,,,,,,,,,,,,,,,,,,,,,,
,,,,,,,,,,,,,,,,,,,,,,,
,,,,,,,,,,,,,,,,,,,,,,,
,,,,,,,,,,,,,,,,,,,,,,,
,,,,,,,,,,,,,,,,,,,,,,,
,,,,,,,,,,,,,,,,,,,,,,,
,,,,,,,,,,,,,,,,,,,,,,,
,,,,,,,,,,,,,,,,,,,,,,,
,,,,,,,,,,,,,,,,,,,,,,,
,,,,,,,,,,,,,,,,,,,,,,,
,,,,,,,,,,,,,,,,,,,,,,,
,,,,,,,,,,,,,,,,,,,,,,,
,,,,,,,,,,,,,,,,,,,,,,,
,,,,,,,,,,,,,,,,,,,,,,,
,,,,,,,,,,,,,,,,,,,,,,,
,,,,,,,,,,,,,,,,,,,,,,,
,,,,,,,,,,,,,,,,,,,,,,,
,,,,,,,,,,,,,,,,,,,,,,,
,,,,,,,,,,,,,,,,,,,,,,,
,,,,,,,,,,,,,,,,,,,,,,,
,,,,,,,,,,,,,,,,,,,,,,,
,,,,,,,,,,,,,,,,,,,,,,,
,,,,,,,,,,,,,,,,,,,,,,,
,,,,,,,,,,,,,,,,,,,,,,,
,,,,,,,,,,,,,,,,,,,,,,,
,,,,,,,,,,,,,,,,,,,,,,,
,,,,,,,,,,,,,,,,,,,,,,,
,,,,,,,,,,,,,,,,,,,,,,,
,,,,,,,,,,,,,,,,,,,,,,,
,,,,,,,,,,,,,,,,,,,,,,,
,,,,,,,,,,,,,,,,,,,,,,,
,,,,,,,,,,,,,,,,,,,,,,,
,,,,,,,,,,,,,,,,,,,,,,,
,,,,,,,,,,,,,,,,,,,,,,,
,,,,,,,,,,,,,,,,,,,,,,,
,,,,,,,,,,,,,,,,,,,,,,,
,,,,,,,,,,,,,,,,,,,,,,,
,,,,,,,,,,,,,,,,,,,,,,,
,,,,,,,,,,,,,,,,,,,,,,,
,,,,,,,,,,,,,,,,,,,,,,,
,,,,,,,,,,,,,,,,,,,,,,,
,,,,,,,,,,,,,,,,,,,,,,,
,,,,,,,,,,,,,,,,,,,,,,,
,,,,,,,,,,,,,,,,,,,,,,,
,,,,,,,,,,,,,,,,,,,,,,,
,,,,,,,,,,,,,,,,,,,,,,,
,,,,,,,,,,,,,,,,,,,,,,,
,,,,,,,,,,,,,,,,,,,,,,,
,,,,,,,,,,,,,,,,,,,,,,,
,,,,,,,,,,,,,,,,,,,,,,,
,,,,,,,,,,,,,,,,,,,,,,,
,,,,,,,,,,,,,,,,,,,,,,,
,,,,,,,,,,,,,,,,,,,,,,,
,,,,,,,,,,,,,,,,,,,,,,,
,,,,,,,,,,,,,,,,,,,,,,,
,,,,,,,,,,,,,,,,,,,,,,,
,,,,,,,,,,,,,,,,,,,,,,,
,,,,,,,,,,,,,,,,,,,,,,,
,,,,,,,,,,,,,,,,,,,,,,,
,,,,,,,,,,,,,,,,,,,,,,,
,,,,,,,,,,,,,,,,,,,,,,,
,,,,,,,,,,,,,,,,,,,,,,,
,,,,,,,,,,,,,,,,,,,,,,,
,,,,,,,,,,,,,,,,,,,,,,,
,,,,,,,,,,,,,,,,,,,,,,,
,,,,,,,,,,,,,,,,,,,,,,,
,,,,,,,,,,,,,,,,,,,,,,,
,,,,,,,,,,,,,,,,,,,,,,,
,,,,,,,,,,,,,,,,,,,,,,,
,,,,,,,,,,,,,,,,,,,,,,,
,,,,,,,,,,,,,,,,,,,,,,,
,,,,,,,,,,,,,,,,,,,,,,,
,,,,,,,,,,,,,,,,,,,,,,,
,,,,,,,,,,,,,,,,,,,,,,,
,,,,,,,,,,,,,,,,,,,,,,,
,,,,,,,,,,,,,,,,,,,,,,,
,,,,,,,,,,,,,,,,,,,,,,,
,,,,,,,,,,,,,,,,,,,,,,,
,,,,,,,,,,,,,,,,,,,,,,,
,,,,,,,,,,,,,,,,,,,,,,,
,,,,,,,,,,,,,,,,,,,,,,,
,,,,,,,,,,,,,,,,,,,,,,,
,,,,,,,,,,,,,,,,,,,,,,,
,,,,,,,,,,,,,,,,,,,,,,,
,,,,,,,,,,,,,,,,,,,,,,,
,,,,,,,,,,,,,,,,,,,,,,,
,,,,,,,,,,,,,,,,,,,,,,,
,,,,,,,,,,,,,,,,,,,,,,,
,,,,,,,,,,,,,,,,,,,,,,,
,,,,,,,,,,,,,,,,,,,,,,,
,,,,,,,,,,,,,,,,,,,,,,,
,,,,,,,,,,,,,,,,,,,,,,,
,,,,,,,,,,,,,,,,,,,,,,,
,,,,,,,,,,,,,,,,,,,,,,,
,,,,,,,,,,,,,,,,,,,,,,,
,,,,,,,,,,,,,,,,,,,,,,,
,,,,,,,,,,,,,,,,,,,,,,,
,,,,,,,,,,,,,,,,,,,,,,,
,,,,,,,,,,,,,,,,,,,,,,,
,,,,,,,,,,,,,,,,,,,,,,,
,,,,,,,,,,,,,,,,,,,,,,,
,,,,,,,,,,,,,,,,,,,,,,,
,,,,,,,,,,,,,,,,,,,,,,,
,,,,,,,,,,,,,,,,,,,,,,,
,,,,,,,,,,,,,,,,,,,,,,,
,,,,,,,,,,,,,,,,,,,,,,,
,,,,,,,,,,,,,,,,,,,,,,,
,,,,,,,,,,,,,,,,,,,,,,,
,,,,,,,,,,,,,,,,,,,,,,,
,,,,,,,,,,,,,,,,,,,,,,,
,,,,,,,,,,,,,,,,,,,,,,,
,,,,,,,,,,,,,,,,,,,,,,,
,,,,,,,,,,,,,,,,,,,,,,,
,,,,,,,,,,,,,,,,,,,,,,,
,,,,,,,,,,,,,,,,,,,,,,,
,,,,,,,,,,,,,,,,,,,,,,,
,,,,,,,,,,,,,,,,,,,,,,,
,,,,,,,,,,,,,,,,,,,,,,,
,,,,,,,,,,,,,,,,,,,,,,,
,,,,,,,,,,,,,,,,,,,,,,,
,,,,,,,,,,,,,,,,,,,,,,,
,,,,,,,,,,,,,,,,,,,,,,,
,,,,,,,,,,,,,,,,,,,,,,,
,,,,,,,,,,,,,,,,,,,,,,,
,,,,,,,,,,,,,,,,,,,,,,,
,,,,,,,,,,,,,,,,,,,,,,,
,,,,,,,,,,,,,,,,,,,,,,,
,,,,,,,,,,,,,,,,,,,,,,,
,,,,,,,,,,,,,,,,,,,,,,,
,,,,,,,,,,,,,,,,,,,,,,,
,,,,,,,,,,,,,,,,,,,,,,,
,,,,,,,,,,,,,,,,,,,,,,,
,,,,,,,,,,,,,,,,,,,,,,,
,,,,,,,,,,,,,,,,,,,,,,,
,,,,,,,,,,,,,,,,,,,,,,,
,,,,,,,,,,,,,,,,,,,,,,,
,,,,,,,,,,,,,,,,,,,,,,,
,,,,,,,,,,,,,,,,,,,,,,,
,,,,,,,,,,,,,,,,,,,,,,,
,,,,,,,,,,,,,,,,,,,,,,,
,,,,,,,,,,,,,,,,,,,,,,,
,,,,,,,,,,,,,,,,,,,,,,,
,,,,,,,,,,,,,,,,,,,,,,,
,,,,,,,,,,,,,,,,,,,,,,,
,,,,,,,,,,,,,,,,,,,,,,,
,,,,,,,,,,,,,,,,,,,,,,,
,,,,,,,,,,,,,,,,,,,,,,,
,,,,,,,,,,,,,,,,,,,,,,,
,,,,,,,,,,,,,,,,,,,,,,,
,,,,,,,,,,,,,,,,,,,,,,,
,,,,,,,,,,,,,,,,,,,,,,,
,,,,,,,,,,,,,,,,,,,,,,,
,,,,,,,,,,,,,,,,,,,,,,,
,,,,,,,,,,,,,,,,,,,,,,,
,,,,,,,,,,,,,,,,,,,,,,,
,,,,,,,,,,,,,,,,,,,,,,,
,,,,,,,,,,,,,,,,,,,,,,,
,,,,,,,,,,,,,,,,,,,,,,,
,,,,,,,,,,,,,,,,,,,,,,,
,,,,,,,,,,,,,,,,,,,,,,,
,,,,,,,,,,,,,,,,,,,,,,,
,,,,,,,,,,,,,,,,,,,,,,,
,,,,,,,,,,,,,,,,,,,,,,,
,,,,,,,,,,,,,,,,,,,,,,,
,,,,,,,,,,,,,,,,,,,,,,,
,,,,,,,,,,,,,,,,,,,,,,,
,,,,,,,,,,,,,,,,,,,,,,,
,,,,,,,,,,,,,,,,,,,,,,,
,,,,,,,,,,,,,,,,,,,,,,,
,,,,,,,,,,,,,,,,,,,,,,,
,,,,,,,,,,,,,,,,,,,,,,,
,,,,,,,,,,,,,,,,,,,,,,,
,,,,,,,,,,,,,,,,,,,,,,,
,,,,,,,,,,,,,,,,,,,,,,,
,,,,,,,,,,,,,,,,,,,,,,,
,,,,,,,,,,,,,,,,,,,,,,,
,,,,,,,,,,,,,,,,,,,,,,,
,,,,,,,,,,,,,,,,,,,,,,,
,,,,,,,,,,,,,,,,,,,,,,,
,,,,,,,,,,,,,,,,,,,,,,,
,,,,,,,,,,,,,,,,,,,,,,,
,,,,,,,,,,,,,,,,,,,,,,,
,,,,,,,,,,,,,,,,,,,,,,,
,,,,,,,,,,,,,,,,,,,,,,,
,,,,,,,,,,,,,,,,,,,,,,,
,,,,,,,,,,,,,,,,,,,,,,,
,,,,,,,,,,,,,,,,,,,,,,,
,,,,,,,,,,,,,,,,,,,,,,,
,,,,,,,,,,,,,,,,,,,,,,,
,,,,,,,,,,,,,,,,,,,,,,,
,,,,,,,,,,,,,,,,,,,,,,,
,,,,,,,,,,,,,,,,,,,,,,,
,,,,,,,,,,,,,,,,,,,,,,,
,,,,,,,,,,,,,,,,,,,,,,,
,,,,,,,,,,,,,,,,,,,,,,,
,,,,,,,,,,,,,,,,,,,,,,,
,,,,,,,,,,,,,,,,,,,,,,,
,,,,,,,,,,,,,,,,,,,,,,,
,,,,,,,,,,,,,,,,,,,,,,,
,,,,,,,,,,,,,,,,,,,,,,,
,,,,,,,,,,,,,,,,,,,,,,,
,,,,,,,,,,,,,,,,,,,,,,,
,,,,,,,,,,,,,,,,,,,,,,,
,,,,,,,,,,,,,,,,,,,,,,,
,,,,,,,,,,,,,,,,,,,,,,,
,,,,,,,,,,,,,,,,,,,,,,,
,,,,,,,,,,,,,,,,,,,,,,,
,,,,,,,,,,,,,,,,,,,,,,,
,,,,,,,,,,,,,,,,,,,,,,,
,,,,,,,,,,,,,,,,,,,,,,,
,,,,,,,,,,,,,,,,,,,,,,,
,,,,,,,,,,,,,,,,,,,,,,,
,,,,,,,,,,,,,,,,,,,,,,,
,,,,,,,,,,,,,,,,,,,,,,,
,,,,,,,,,,,,,,,,,,,,,,,
,,,,,,,,,,,,,,,,,,,,,,,
,,,,,,,,,,,,,,,,,,,,,,,
,,,,,,,,,,,,,,,,,,,,,,,