Team,Conference,3P%,3P%.Rank,2P%,2P%.Rank,FT%,FT%.Rank,Blk%,Blk%.Rank,Stl%,Stl%.Rank,NST%,NST%.Rank,A%,A%.Rank,3PA%,3PA%.Rank,AdjOE,AdjOE.Rank
South Dakota St.,Sum,43.7,1,55.9,10,75.9,41,7.0,36,6.7,4,8.6,128,47.5,261,34.5,254,115.5,14
Colgate,Pat,40.3,2,52.1,81,69.5,251,8.7,149,9.6,212,7.4,40,62.1,7,42.0,84,108.2,78
Virginia Tech,ACC,39.2,3,52.6,64,75.1,69,9.3,221,9.9,249,7.1,30,55.2,76,41.1,104,114.9,17
Purdue,B10,38.8,4,55.8,13,70.8,203,6.9,34,8.7,103,8.6,131,58.8,28,39.2,139,121.5,2
Davidson,A10,38.5,5,54.2,34,75.4,58,7.2,46,7.5,26,7.2,33,54.8,80,41.1,102,116.8,11
Princeton,Ivy,38.4,6,55.9,11,64.0,352,8.8,166,8.0,48,6.5,10,49.2,215,44.9,35,112.4,28
UMBC,AE,38.3,7,48.9,209,78.2,12,7.4,64,8.3,69,7.9,63,49.0,227,42.6,66,103.8,162
Longwood,BSth,38.3,8,47.6,258,72.7,145,11.7,335,8.7,105,10.0,273,55.1,78,37.3,191,106.0,114
Lehigh,Pat,38.2,9,48.9,212,74.2,95,11.7,336,10.7,309,8.5,119,55.9,62,38.2,161,98.1,265
Liberty,ASun,38.1,10,54.0,36,76.7,26,8.2,111,9.9,248,8.1,79,56.3,53,49.7,6,105.0,135
UAB,CUSA,38.1,10,50.8,130,74.0,101,8.8,161,7.8,39,8.6,123,44.6,308,32.7,292,112.5,25
Jacksonville St.,ASun,38.0,12,51.0,122,68.8,279,9.0,193,9.5,205,10.2,287,53.8,101,42.7,63,105.2,133
Northern Colorado,BSky,37.9,13,55.6,16,70.6,209,6.9,35,8.4,78,8.7,142,43.5,323,45.6,28,107.8,83
Notre Dame,ACC,37.9,14,51.9,94,75.4,56,9.5,231,9.0,137,6.6,12,54.5,83,42.4,72,112.3,29
Santa Clara,WCC,37.8,15,53.5,46,76.2,34,7.8,82,7.7,31,8.5,114,52.5,139,32.1,303,112.0,31
Michigan St.,B10,37.8,16,49.6,185,75.0,72,8.9,174,9.3,182,9.5,218,60.2,18,33.7,274,111.9,33
Syracuse,ACC,37.7,17,49.8,174,73.7,106,9.0,190,9.3,165,6.1,5,52.2,147,39.2,136,115.3,15
Loyola Chicago,MVC,37.6,18,54.9,25,71.1,193,11.4,331,8.7,111,9.7,252,57.2,42,43.4,50,108.7,73
Bucknell,Pat,37.6,19,50.6,134,76.5,29,8.2,112,12.1,354,7.2,32,57.5,40,37.6,183,100.0,239
Furman,SC,37.5,20,55.0,23,75.8,45,10.1,276,8.7,108,7.0,26,62.0,8,51.6,2,113.9,21
VMI,SC,37.4,21,54.4,33,79.6,7,11.9,338,9.9,247,7.0,25,56.9,46,54.8,1,110.4,44
Gonzaga,WCC,37.4,22,61.0,1,71.2,188,6.9,30,8.2,64,7.3,34,55.7,65,35.4,236,122.2,1
South Dakota,Sum,37.3,23,50.0,162,75.4,53,6.1,7,7.0,7,8.1,87,43.6,321,33.3,283,104.5,146
Texas St.,SB,37.2,24,48.9,213,75.1,68,7.4,58,8.7,97,10.1,282,46.8,276,30.5,330,105.8,119
Oral Roberts,Sum,37.2,25,52.3,77,72.2,158,10.1,274,7.2,9,6.1,4,38.0,356,46.2,18,109.5,59
Massachusetts,A10,37.1,26,48.0,247,75.8,46,7.9,85,8.5,85,8.1,82,53.1,121,43.1,56,111.9,34
Denver,Sum,37.1,27,51.1,116,69.8,240,9.2,206,7.6,28,11.0,338,48.3,244,35.8,228,99.9,240
Winthrop,BSth,37.0,28,57.0,6,69.5,252,8.3,119,10.4,287,10.7,328,49.9,200,42.6,67,106.0,113
Duke,ACC,37.0,29,56.1,9,73.4,117,8.1,101,9.1,145,6.0,3,57.0,45,36.3,209,120.3,4
Hartford,AE,36.9,30,51.5,109,69.0,273,9.5,238,9.8,239,8.4,104,48.8,231,45.2,31,101.1,210
Detroit Mercy,Horz,36.9,31,50.1,160,77.9,14,6.8,28,9.2,153,8.7,150,47.5,262,48.9,10,105.6,125
Illinois St.,MVC,36.9,32,49.7,180,75.1,66,6.7,23,10.1,271,9.4,213,46.7,277,37.1,195,105.0,134
Utah Valley,WAC,36.8,33,48.7,216,70.9,199,8.2,115,11.0,324,11.1,341,57.7,39,30.0,338,102.8,182
Minnesota,B10,36.8,34,48.0,245,71.8,168,10.4,293,7.3,14,6.6,13,50.9,170,37.4,185,107.2,91
Vermont,AE,36.8,35,58.6,4,74.1,98,8.9,176,7.4,17,7.3,37,54.8,81,43.1,57,111.1,39
Idaho,BSky,36.7,36,47.4,268,74.7,81,10.0,263,8.4,81,10.0,274,46.3,284,37.0,197,99.3,249
Montana St.,BSky,36.6,37,52.8,62,75.1,65,8.4,127,9.3,176,9.3,198,48.5,240,36.5,203,104.5,148
Colorado,P12,36.6,38,48.0,244,75.6,51,9.8,247,10.1,266,9.6,232,54.0,92,33.5,278,106.8,100
New Hampshire,AE,36.6,39,48.1,239,67.3,316,8.3,120,8.0,49,6.8,16,48.3,241,41.2,99,103.0,175
Tulane,Amer,36.5,40,49.0,206,75.6,50,12.5,344,7.4,19,7.6,47,53.4,107,38.6,156,108.8,71
North Carolina,ACC,36.5,41,50.9,127,77.0,22,8.9,180,9.4,187,7.3,35,55.4,72,37.9,171,114.0,20
Ohio St.,B10,36.5,42,54.0,35,75.7,48,7.6,72,9.4,194,7.6,49,48.8,230,39.5,130,115.6,13
Missouri St.,MVC,36.4,43,54.6,27,79.9,4,8.1,100,7.5,27,7.9,70,42.3,334,37.4,186,113.3,23
Purdue Fort Wayne,Horz,36.4,44,51.9,91,74.4,90,9.2,213,8.9,129,10.5,307,53.1,122,43.8,43,98.6,260
USC Upstate,BSth,36.4,45,49.3,199,76.0,38,10.1,273,9.4,188,9.3,206,52.9,127,38.8,146,102.3,193
Iowa,B10,36.3,46,52.5,70,74.9,73,7.4,54,7.4,21,5.6,1,53.9,96,39.3,135,120.6,3
Clemson,ACC,36.3,47,51.2,114,73.6,110,10.5,298,8.0,50,8.4,103,55.2,75,37.8,176,110.1,51
Kennesaw St.,ASun,36.2,48,50.3,151,65.9,337,7.5,68,8.7,99,8.8,152,49.9,197,38.0,169,104.7,143
Howard,MEAC,36.2,49,47.8,251,74.7,79,9.8,249,9.9,251,10.7,331,54.3,87,40.0,120,100.3,233
Rice,CUSA,36.2,50,51.9,93,71.7,173,10.4,287,10.2,273,8.2,91,58.6,31,42.2,79,105.7,123
Villanova,BE,36.2,51,50.5,138,82.6,1,10.8,308,7.4,22,8.1,90,49.0,225,46.1,20,118.3,8
Eastern Washington,BSky,36.2,52,51.9,88,75.7,49,8.1,102,8.5,86,10.0,266,58.4,32,42.8,59,104.2,154
Saint Louis,A10,36.1,53,49.1,203,76.1,35,11.3,327,10.1,265,8.7,143,53.7,102,30.6,327,109.4,62
Dayton,A10,36.1,54,53.8,39,68.3,292,10.4,290,9.5,198,9.7,244,55.9,61,33.7,273,109.1,67
Tennessee,SEC,36.0,55,48.5,227,71.5,179,7.9,86,9.6,216,8.1,88,63.0,6,40.2,111,111.3,37
UC San Diego,BW,36.0,56,50.3,150,74.7,82,8.9,172,9.3,171,9.6,236,56.6,49,45.8,23,101.7,197
Kansas,B12,36.0,57,54.0,37,72.7,145,7.9,90,9.7,226,8.0,72,54.0,90,33.5,279,119.6,6
Illinois,B10,35.9,58,51.4,110,70.6,210,8.7,152,9.7,223,8.4,112,58.1,36,42.6,64,112.1,30
Western Kentucky,CUSA,35.9,59,52.0,84,71.6,175,8.1,105,9.5,202,8.1,86,49.3,212,36.4,205,106.7,101
North Texas,CUSA,35.8,60,49.6,183,65.5,342,8.7,147,9.2,155,9.4,215,49.0,223,42.0,82,105.8,118
Morehead St.,OVC,35.8,61,51.6,107,67.5,309,9.9,260,11.4,341,9.0,174,61.7,12,40.2,114,103.5,167
Nebraska Omaha,Sum,35.8,62,46.9,285,73.1,125,7.6,73,9.1,151,10.2,285,43.4,328,34.3,258,97.9,270
Ball St.,MAC,35.7,63,49.8,178,69.6,249,8.7,156,10.4,286,9.1,183,51.5,161,41.2,98,101.5,202
George Mason,A10,35.7,64,52.4,72,69.4,261,9.4,225,10.0,254,8.0,74,56.1,60,46.6,15,105.9,115
USC,P12,35.7,64,50.1,159,66.4,333,8.4,128,9.7,229,8.3,95,53.3,113,32.2,302,109.9,53
Towson,CAA,35.7,66,50.4,144,71.9,166,8.8,158,7.1,8,10.8,333,52.6,135,38.2,160,109.6,58
Colorado St.,MWC,35.6,67,55.7,14,77.3,20,8.7,157,8.2,65,7.0,22,53.9,93,39.6,127,112.9,24
UMKC,Sum,35.6,68,51.7,97,66.9,324,9.4,226,7.2,10,8.4,106,45.0,300,34.1,266,100.1,235
Siena,MAAC,35.6,69,46.3,310,73.3,118,8.4,129,10.6,305,7.8,57,42.1,338,34.0,268,98.1,266
Memphis,Amer,35.5,70,51.9,89,69.4,258,9.0,184,12.9,357,9.6,227,58.7,30,30.4,331,111.1,38
Saint Mary's,WCC,35.5,71,52.4,73,76.3,33,8.6,141,9.1,148,7.8,61,51.6,157,36.2,211,110.4,45
San Diego St.,MWC,35.4,72,46.7,297,69.2,271,8.0,92,8.8,120,10.5,310,49.8,201,30.8,325,103.5,166
SMU,Amer,35.4,73,50.4,148,75.0,70,12.3,343,10.1,269,7.6,44,55.3,74,42.2,80,108.9,70
Coastal Carolina,SB,35.3,74,48.1,241,69.3,264,7.7,75,11.1,333,9.4,209,50.0,194,35.5,233,102.3,190
North Dakota St.,Sum,35.3,75,51.1,117,76.0,39,6.3,9,8.1,58,8.8,158,41.2,343,36.9,199,103.1,174
UCLA,P12,35.3,76,49.5,188,74.2,94,7.7,77,6.7,5,6.6,14,50.6,179,31.5,311,116.3,12
Arizona,P12,35.3,77,57.6,5,73.9,103,7.1,41,9.5,207,8.7,148,65.0,2,35.8,227,119.1,7
Mercer,SC,35.3,78,53.1,54,77.5,17,8.7,154,10.3,278,8.0,75,56.1,56,42.4,69,105.7,122
Southeast Missouri St.,OVC,35.3,79,50.6,136,73.0,134,8.7,150,8.9,127,8.9,167,53.3,115,43.3,52,104.2,155
Akron,MAC,35.3,80,52.2,79,69.4,257,7.6,71,8.6,90,9.2,194,48.1,250,41.4,96,105.7,120
Toledo,MAC,35.2,81,53.1,55,76.0,40,11.0,314,7.3,13,7.4,41,51.1,167,31.4,314,110.2,47
Connecticut,BE,35.2,82,48.0,249,75.3,59,8.2,107,9.3,164,8.0,76,52.6,137,34.5,256,113.9,22
Florida Atlantic,CUSA,35.1,83,53.6,43,71.8,167,8.9,181,9.1,147,10.4,299,48.5,239,42.0,83,105.5,127
Southern Illinois,MVC,35.1,84,50.6,133,69.0,274,11.4,332,9.2,156,8.9,161,51.1,168,41.8,88,102.6,185
Florida Gulf Coast,ASun,35.1,85,53.8,40,68.6,282,7.2,47,9.6,219,9.3,200,55.5,70,47.1,14,104.5,145
East Tennessee St.,SC,35.1,86,51.1,118,70.4,219,7.4,52,9.0,140,7.9,71,48.3,245,42.2,76,107.7,84
Saint Peter's,MAAC,35.1,87,46.1,313,69.3,266,13.4,354,10.5,292,10.1,283,52.3,146,30.1,335,100.5,225
BYU,WCC,35.1,88,51.7,98,72.6,151,7.8,83,8.7,104,9.6,235,52.4,143,37.4,187,110.8,41
Sacramento St.,BSky,35.1,89,46.9,289,68.9,277,8.0,93,8.1,56,8.6,126,44.1,313,33.3,283,95.2,313
Portland,WCC,35.1,90,48.4,231,79.6,6,7.7,78,8.8,112,9.7,242,56.7,48,38.6,154,103.1,173
Northern Iowa,MVC,35.1,91,53.3,51,79.0,9,7.5,66,9.3,177,6.9,18,44.7,304,43.5,45,110.7,43
Southern,SWAC,35.0,92,47.5,264,70.2,229,10.6,303,9.4,186,11.1,340,52.4,142,34.1,265,96.8,289
UCF,Amer,35.0,93,47.9,250,70.3,221,10.0,264,10.4,288,8.6,135,58.8,29,43.1,55,106.6,106
Providence,BE,35.0,94,49.3,198,72.9,136,10.0,269,8.8,121,8.4,107,54.4,85,38.1,167,112.0,32
Columbia,Ivy,34.9,95,46.4,305,62.7,355,8.3,124,11.9,351,9.6,230,47.4,263,36.1,216,93.2,335
Boston University,Pat,34.9,96,51.6,108,74.6,83,10.5,297,10.5,291,7.8,60,41.1,345,37.9,172,105.5,128
Stetson,ASun,34.9,97,46.5,303,69.9,238,8.8,164,9.5,204,10.0,270,55.0,79,40.2,112,96.6,293
Long Beach St.,BW,34.9,98,47.1,275,72.5,153,7.3,51,8.4,74,9.5,226,48.3,243,31.7,307,103.5,168
Wofford,SC,34.8,99,55.5,18,77.3,19,9.1,197,9.3,167,8.4,109,51.4,162,49.1,9,106.6,108
Grand Canyon,WAC,34.8,100,48.3,233,67.2,319,9.0,186,8.5,88,10.7,324,50.1,190,39.4,132,104.8,141
Wake Forest,ACC,34.8,101,58.8,3,73.2,120,7.8,81,10.8,315,8.3,96,53.3,111,42.2,77,111.7,35
The Citadel,SC,34.8,102,51.7,101,68.0,298,9.4,228,9.6,222,7.6,45,58.9,23,49.6,7,101.2,208
VCU,A10,34.7,103,51.1,121,70.4,220,7.1,40,11.3,340,10.6,315,56.1,55,30.2,334,101.2,209
UTEP,CUSA,34.7,104,47.4,267,76.7,27,6.4,12,8.1,59,8.6,130,48.8,229,37.8,177,100.8,219
Kentucky,SEC,34.7,105,53.5,45,72.6,152,6.5,16,8.6,95,8.1,77,53.4,108,27.9,351,119.8,5
Drexel,CAA,34.7,106,52.0,86,71.1,194,6.6,21,9.7,225,6.7,15,44.7,305,35.0,242,104.5,147
Binghamton,AE,34.7,107,47.0,282,66.8,325,9.2,211,10.1,263,8.7,144,44.0,314,35.7,231,94.9,316
Oklahoma,B12,34.7,108,56.7,7,74.7,80,8.8,165,11.4,344,10.6,313,55.5,69,41.3,97,111.1,40
Tennessee St.,OVC,34.6,109,47.7,257,70.7,208,10.2,282,9.8,243,10.0,268,47.3,267,32.5,296,98.0,268
Kansas St.,B12,34.6,110,47.5,263,72.6,149,10.5,300,8.4,77,8.5,116,51.6,159,42.4,71,109.6,57
Weber St.,BSky,34.6,111,54.5,28,75.4,56,5.2,1,7.4,18,9.0,168,40.4,350,38.5,158,103.4,171
Northwestern,B10,34.6,112,47.3,272,71.9,164,9.5,235,7.3,11,6.8,17,58.8,26,38.7,151,106.7,104
Hawaii,BW,34.6,113,49.5,190,74.4,89,8.9,177,9.3,181,10.4,296,50.5,181,41.1,103,101.7,198
Prairie View A&M,SWAC,34.5,114,46.7,294,70.3,224,10.5,299,12.0,352,12.1,350,47.8,257,32.7,293,97.2,280
Charlotte,CUSA,34.5,115,53.6,42,79.2,8,9.2,204,8.4,80,8.8,155,55.4,71,39.8,125,105.0,137
Jacksonville,ASun,34.5,116,47.2,273,69.7,242,9.9,261,8.9,131,9.7,248,49.1,217,31.1,322,100.3,234
Murray St.,OVC,34.5,117,53.2,53,69.4,254,11.0,316,7.9,42,9.2,193,50.8,172,37.8,178,111.6,36
San Jose St.,MWC,34.5,118,48.2,237,65.6,340,8.6,142,9.3,184,10.7,325,53.8,100,44.8,36,99.1,252
Delaware,CAA,34.5,119,54.4,30,74.4,88,8.0,95,9.5,206,8.8,156,48.1,252,38.2,162,107.0,98
Southeastern Louisiana,Slnd,34.4,120,51.9,87,76.3,32,9.3,216,10.3,277,9.7,255,55.8,63,43.2,54,102.9,179
Miami FL,ACC,34.4,121,54.9,24,74.5,86,9.0,189,7.5,24,6.1,6,51.2,165,35.2,241,114.9,18
Marist,MAAC,34.4,122,49.7,181,71.9,165,8.9,173,8.8,118,9.4,217,35.3,358,37.7,181,100.8,216
UNC Greensboro,SC,34.4,123,48.6,220,71.8,169,8.0,96,10.7,308,9.4,212,51.5,160,39.5,131,100.6,223
Marquette,BE,34.4,124,52.6,66,74.1,99,9.1,201,9.7,231,7.5,42,59.3,20,41.8,90,109.2,66
St. Thomas,Sum,34.4,124,52.5,69,77.1,21,10.6,301,5.2,1,7.4,39,44.5,309,49.9,5,106.7,102
Buffalo,MAC,34.4,126,51.6,103,71.6,176,8.5,135,8.7,107,9.9,261,50.1,191,37.2,193,107.0,97
Northwestern St.,Slnd,34.4,127,48.4,232,70.2,228,8.3,118,11.4,343,8.7,145,53.3,110,34.2,262,98.4,263
New Mexico,MWC,34.4,128,48.1,240,74.8,77,8.4,132,8.2,61,7.9,69,44.5,310,37.8,175,106.7,103
Youngstown St.,Horz,34.4,129,50.6,131,76.4,30,8.5,136,8.7,100,8.6,127,45.8,290,38.5,157,102.5,188
San Francisco,WCC,34.3,130,54.4,32,69.0,275,8.9,171,8.5,83,9.4,216,46.4,281,44.7,37,110.8,42
Louisiana,SB,34.3,131,47.0,279,71.1,192,8.8,160,11.8,349,10.1,279,50.4,184,36.8,200,101.6,200
Georgia Tech,ACC,34.3,132,48.6,222,69.3,267,8.4,131,9.5,210,9.4,210,53.1,123,34.6,251,100.3,231
Baylor,B12,34.3,133,53.6,41,69.7,244,7.4,59,9.3,178,8.6,129,56.3,51,38.4,159,117.9,9
Southern Utah,BSky,34.3,134,53.9,38,70.4,218,9.7,244,7.8,35,9.4,214,42.2,337,40.3,110,107.3,89
Northern Arizona,BSky,34.3,135,45.4,325,67.6,307,9.6,242,8.9,128,11.6,347,50.9,171,41.9,85,95.6,306
Miami OH,MAC,34.3,136,49.5,189,80.0,3,8.9,179,8.8,115,6.2,7,49.2,214,42.4,70,103.6,165
Tulsa,Amer,34.2,137,48.5,225,72.6,150,10.9,311,10.6,304,8.4,108,49.0,226,36.1,218,103.7,164
Houston,Amer,34.2,138,55.0,20,66.7,327,6.3,8,9.1,144,7.8,59,59.0,22,38.9,143,117.9,10
James Madison,CAA,34.2,139,50.9,124,70.5,213,7.6,70,9.0,136,8.7,147,45.6,293,35.5,234,102.6,184
Sacred Heart,NEC,34.2,140,50.5,143,73.1,129,10.0,270,10.3,281,9.3,202,53.2,117,38.9,145,101.4,205
South Alabama,SB,34.2,141,52.6,65,70.2,226,6.8,25,8.7,98,10.6,321,45.3,295,34.8,245,103.5,169
Georgetown,BE,34.2,142,43.3,349,74.4,91,11.4,330,9.7,233,9.1,180,47.5,260,36.0,220,104.8,140
Loyola Marymount,WCC,34.2,143,52.3,78,72.1,159,10.4,291,9.6,213,9.6,238,44.7,306,38.1,166,106.1,112
Bellarmine,ASun,34.2,144,54.8,26,74.8,76,7.4,61,8.0,46,7.0,24,52.4,144,41.9,86,108.0,80
Central Connecticut,NEC,34.2,145,42.6,353,70.8,200,11.2,325,10.5,296,10.0,272,49.3,211,39.2,137,91.5,347
Penn St.,B10,34.2,146,49.9,167,73.5,114,10.0,267,9.4,195,9.1,184,49.7,203,42.6,68,105.4,130
Utah St.,MWC,34.1,147,56.2,8,72.1,162,9.1,196,9.1,150,9.2,192,65.6,1,40.1,116,109.9,55
Central Michigan,MAC,34.1,148,45.5,324,69.2,268,9.8,254,9.2,159,10.4,302,49.7,204,40.1,118,96.3,299
Northern Kentucky,Horz,34.1,149,48.3,234,71.2,187,8.2,110,9.5,208,10.4,303,53.0,125,41.6,93,100.9,215
Cornell,Ivy,34.1,150,55.6,17,70.3,223,9.5,239,9.3,180,10.3,294,58.3,33,46.6,16,103.4,170
UNC Asheville,BSth,34.1,151,50.0,161,73.2,121,9.2,210,9.5,211,8.7,138,48.0,254,38.1,165,102.3,191
N.C. State,ACC,34.1,152,46.0,316,72.5,154,11.1,318,8.1,57,6.4,9,43.8,318,39.3,134,109.5,60
Pepperdine,WCC,34.1,153,45.6,320,71.3,184,6.9,33,10.3,282,10.1,275,57.8,37,34.8,246,97.7,274
Norfolk St.,MEAC,34.0,154,50.8,128,69.7,243,9.9,256,8.5,82,11.7,349,47.4,264,35.9,222,102.2,194
FIU,CUSA,34.0,155,49.0,207,70.8,201,9.9,257,10.3,279,9.8,258,52.8,130,46.2,17,97.4,277
Stony Brook,AE,34.0,156,49.9,171,75.2,64,8.1,104,8.6,94,7.0,23,41.6,340,40.1,119,104.1,157
Niagara,MAAC,34.0,157,48.2,236,73.4,116,8.2,109,7.7,32,9.0,171,48.3,242,36.1,214,100.3,229
Bradley,MVC,34.0,158,51.1,120,68.5,285,6.4,11,10.7,314,9.2,187,52.2,148,39.5,128,104.9,138
Lipscomb,ASun,34.0,159,53.2,52,72.2,157,13.2,352,10.2,272,8.8,154,58.9,24,41.4,94,102.3,192
Quinnipiac,MAAC,34.0,160,49.2,200,76.4,31,11.8,337,10.1,261,8.6,132,56.1,54,43.5,47,102.9,177
Boise St.,MWC,34.0,161,50.6,135,65.1,346,8.8,169,8.0,47,10.5,305,46.6,278,38.6,153,107.7,85
Louisiana Tech,CUSA,34.0,162,52.5,67,72.8,142,9.2,206,9.2,160,7.6,51,49.9,195,41.1,105,105.7,121
Vanderbilt,SEC,34.0,163,49.5,187,69.7,246,12.6,346,9.2,158,9.7,245,48.6,234,45.6,27,107.2,90
Mount St. Mary's,NEC,33.9,164,47.6,260,68.5,284,7.2,45,10.9,322,9.2,186,53.3,114,30.4,333,96.1,303
Charleston,CAA,33.9,165,50.0,162,73.0,133,12.7,348,10.7,313,10.1,284,47.2,269,37.6,182,104.7,142
Michigan,B10,33.9,166,53.3,48,75.2,61,8.2,114,8.1,53,9.3,201,52.6,136,32.2,301,114.5,19
Chattanooga,SC,33.9,167,53.0,57,75.9,43,9.9,258,8.7,101,8.3,97,46.2,285,38.7,148,109.0,68
Eastern Kentucky,ASun,33.9,168,46.0,314,71.8,170,10.2,279,7.8,40,7.8,53,53.8,99,48.5,11,101.3,207
Rutgers,B10,33.9,169,49.4,192,70.0,232,7.9,87,8.7,102,8.6,136,58.8,27,31.6,309,107.0,96
Montana,BSky,33.9,170,49.9,170,78.8,11,8.3,122,6.2,2,9.5,224,49.1,218,35.8,224,100.3,232
Stanford,P12,33.9,171,49.2,201,65.9,338,10.7,305,10.7,312,11.6,348,54.4,84,38.7,152,105.4,129
Hofstra,CAA,33.8,172,55.6,15,79.7,5,8.7,145,7.4,15,7.3,36,52.5,141,44.6,38,108.8,72
Washington St.,P12,33.8,173,46.0,315,75.2,63,9.0,192,7.3,12,9.3,203,45.8,289,44.1,41,107.9,82
Rhode Island,A10,33.8,174,50.5,139,61.9,356,7.4,62,10.7,310,10.1,280,53.9,94,28.9,344,99.3,250
Incarnate Word,Slnd,33.8,175,46.5,302,80.7,2,7.9,89,9.6,214,10.5,312,48.6,236,45.0,32,94.9,317
George Washington,A10,33.7,176,48.0,246,69.8,241,10.8,309,9.5,203,8.4,111,48.5,238,35.9,223,99.4,248
Ohio,MAC,33.7,177,50.8,129,72.9,138,10.2,277,8.3,70,7.1,29,49.0,223,45.3,30,104.3,152
Bethune Cookman,SWAC,33.7,178,43.7,347,68.1,296,11.1,321,10.2,274,9.6,229,45.0,299,25.5,355,93.2,336
Saint Joseph's,A10,33.6,179,49.0,204,65.4,345,11.1,317,10.0,260,9.5,225,54.4,86,44.9,34,100.5,226
Sam Houston St.,WAC,33.6,180,46.8,292,60.5,358,7.4,57,8.7,106,9.7,250,53.1,120,42.3,73,100.7,220
Middle Tennessee,CUSA,33.5,181,52.7,63,75.7,47,10.4,292,9.4,193,9.7,249,48.8,232,42.6,65,106.5,109
St. John's,BE,33.5,182,51.0,123,67.7,305,9.1,195,8.2,62,7.7,52,61.9,9,32.4,299,110.2,48
Fairfield,MAAC,33.5,183,48.6,221,70.2,226,10.2,284,8.1,55,8.8,157,45.8,288,38.7,147,100.6,222
Oregon,P12,33.5,184,51.6,102,68.1,295,7.1,39,8.4,73,8.8,151,44.9,301,35.8,226,110.2,49
Appalachian St.,SB,33.5,185,46.9,288,66.6,331,9.8,252,8.2,63,7.8,58,51.7,155,43.3,53,101.1,211
Penn,Ivy,33.5,186,52.0,85,72.8,140,9.0,185,8.4,79,8.6,124,46.9,273,40.2,113,106.2,111
Utah,P12,33.5,187,47.3,270,77.4,18,10.4,288,9.2,157,8.9,163,55.1,77,39.4,133,107.5,87
Wright St.,Horz,33.4,188,52.5,68,76.6,28,7.4,56,10.7,306,7.0,27,51.3,164,32.7,294,106.4,110
North Dakota,Sum,33.4,189,44.8,338,73.6,111,9.2,205,9.3,174,8.2,93,49.9,198,44.3,40,96.6,292
UC Santa Barbara,BW,33.4,190,55.0,21,70.5,214,6.8,26,9.3,175,10.0,267,57.0,43,30.0,337,105.3,131
Cal St. Fullerton,BW,33.4,191,48.4,230,76.7,24,8.8,167,8.8,119,9.1,177,44.6,307,29.9,341,104.3,151
Dartmouth,Ivy,33.4,192,46.6,300,77.6,16,7.1,42,9.3,169,8.1,84,42.9,332,45.0,33,98.7,259
New Mexico St.,WAC,33.4,193,53.3,49,69.8,239,6.5,13,10.1,264,10.7,327,53.5,105,41.1,101,107.1,92
Cal Baptist,WAC,33.4,194,49.8,173,68.0,297,6.7,22,9.1,149,11.3,344,63.9,4,42.8,60,99.0,254
Little Rock,SB,33.3,195,46.6,299,73.2,123,8.0,97,8.9,130,11.4,346,54.7,82,38.7,149,97.0,285
Samford,SC,33.3,196,53.5,44,72.8,143,6.5,14,11.0,326,8.3,100,46.0,287,43.4,48,105.0,136
East Carolina,Amer,33.3,197,45.4,327,75.4,54,11.9,339,10.0,257,8.7,141,63.1,5,39.2,138,102.7,183
Air Force,MWC,33.3,198,51.6,106,64.9,347,11.9,340,8.5,84,13.0,354,57.7,38,43.5,46,95.6,307
Merrimack,NEC,33.3,199,47.8,253,67.9,301,9.2,203,9.3,166,9.2,189,50.5,182,40.5,108,94.2,325
Indiana,B10,33.3,200,50.9,125,70.0,235,6.9,31,9.6,220,7.6,50,56.6,50,31.1,321,107.1,95
UNLV,MWC,33.2,201,48.6,223,73.8,105,8.8,168,7.7,34,9.2,188,56.1,59,42.8,61,107.7,86
Iona,MAAC,33.2,202,51.2,115,69.3,263,8.3,125,10.0,258,7.9,64,60.7,13,36.1,217,107.9,81
Seattle,WAC,33.2,203,47.1,276,76.8,23,10.2,280,7.9,44,8.3,102,51.8,154,45.6,29,100.0,238
Western Michigan,MAC,33.2,204,48.9,210,70.0,234,13.0,350,10.7,307,9.6,240,43.8,316,45.7,24,96.9,287
Seton Hall,BE,33.2,205,45.8,317,75.2,62,11.0,315,9.3,183,8.3,101,40.3,352,35.7,230,107.1,94
Louisiana Monroe,SB,33.2,206,50.5,142,71.7,172,10.7,307,11.1,330,7.9,62,56.1,57,35.4,237,101.1,212
Monmouth,MAAC,33.1,207,46.3,306,72.8,139,8.6,139,8.0,51,9.3,195,49.6,206,34.0,267,102.5,186
Holy Cross,Pat,33.1,208,43.2,350,71.2,186,8.7,148,8.9,122,9.4,207,41.5,341,28.8,345,91.2,348
Florida St.,ACC,33.1,209,48.7,217,70.8,204,7.8,84,8.5,87,9.6,228,55.7,67,34.1,264,105.2,132
Bowling Green,MAC,33.1,210,48.0,243,74.2,97,6.6,20,8.4,76,8.1,80,43.5,324,36.9,198,102.9,180
Drake,MVC,33.1,211,52.3,76,76.0,37,7.7,79,8.1,52,7.8,56,42.9,331,33.9,272,108.9,69
American,Pat,33.1,212,49.6,184,69.4,262,8.2,113,10.3,275,10.0,271,49.9,196,28.0,349,94.4,324
Texas,B12,33.0,213,50.4,147,74.6,84,9.2,209,8.9,126,8.9,162,54.1,89,36.1,215,112.4,27
Elon,CAA,33.0,214,48.6,224,72.9,136,10.5,296,11.2,336,8.7,139,50.6,176,43.9,42,99.9,241
Nevada,MWC,33.0,215,51.3,113,74.9,75,7.2,48,8.3,72,10.1,278,56.3,52,36.3,206,106.7,105
Texas A&M,SEC,33.0,216,49.9,172,70.7,207,12.7,349,10.7,311,8.5,117,52.9,126,34.5,253,109.3,64
Alabama St.,SWAC,33.0,217,46.8,291,70.5,212,10.3,285,10.6,302,11.0,337,49.2,216,33.1,287,97.2,282
Gardner Webb,BSth,33.0,218,50.3,154,69.9,236,9.5,232,9.4,190,10.6,318,52.0,151,39.5,129,96.6,294
Campbell,BSth,33.0,219,52.4,74,67.3,315,9.4,224,9.5,199,6.9,19,55.7,64,37.9,173,100.8,217
Western Illinois,Sum,33.0,220,49.8,177,71.5,181,8.3,117,7.4,16,8.5,121,41.0,346,41.2,100,100.4,228
Wyoming,MWC,32.9,221,54.4,31,72.3,156,8.5,137,7.7,33,9.3,199,43.4,326,41.8,89,109.2,65
Richmond,A10,32.9,222,52.3,75,71.8,170,9.3,222,7.9,41,6.5,11,57.4,41,41.7,92,108.2,79
Robert Morris,Horz,32.9,223,51.6,104,76.1,36,9.3,217,10.6,300,10.2,286,48.2,248,31.8,305,98.5,261
Tennessee Tech,OVC,32.9,224,49.2,202,66.1,335,8.0,94,9.6,218,9.5,219,55.4,73,32.4,297,99.9,242
UNC Wilmington,CAA,32.9,225,47.5,265,73.5,113,7.4,53,6.4,3,8.5,115,41.7,339,36.2,212,104.4,149
Valparaiso,MVC,32.9,225,52.1,83,76.7,25,9.0,188,8.6,93,7.9,68,46.0,286,37.6,184,102.8,181
St. Bonaventure,A10,32.8,227,50.9,126,75.0,71,6.9,32,7.8,38,7.9,66,51.6,158,31.4,315,108.7,74
Lafayette,Pat,32.8,228,51.9,95,68.3,293,7.6,74,8.4,75,8.1,81,64.5,3,45.6,26,97.1,283
Belmont,OVC,32.8,229,60.7,2,73.7,107,10.5,295,9.4,189,7.4,38,61.8,10,43.4,49,108.5,76
West Virginia,B12,32.8,230,45.7,319,72.4,155,7.5,69,10.1,262,8.1,78,44.4,312,33.7,275,108.2,77
Mississippi,SEC,32.6,231,49.9,169,71.1,190,9.2,202,10.1,270,7.9,65,53.2,116,37.3,190,105.7,124
Yale,Ivy,32.6,232,50.1,157,73.3,119,9.5,236,10.4,285,8.0,73,47.0,272,36.0,221,100.8,218
Evansville,MVC,32.6,233,45.2,330,71.5,178,8.8,162,8.1,60,9.0,175,49.9,199,47.1,13,92.7,339
NJIT,AE,32.6,234,45.1,334,66.7,327,9.2,206,9.9,246,8.8,159,45.0,298,35.8,224,89.4,354
Maryland,B10,32.6,235,49.7,182,75.9,42,9.2,214,8.3,66,8.6,137,47.1,271,37.2,194,109.5,61
Harvard,Ivy,32.6,236,50.0,162,67.3,317,9.4,223,8.9,124,8.6,125,42.3,336,42.1,81,97.8,272
Cleveland St.,Horz,32.6,237,55.3,19,67.3,314,10.0,265,11.1,329,8.6,122,60.4,15,33.6,277,103.4,172
Kent St.,MAC,32.5,238,50.5,140,74.6,85,7.5,65,9.8,241,8.6,134,49.0,220,39.6,126,101.6,199
Fresno St.,MWC,32.5,239,51.1,119,72.7,145,6.8,27,8.6,91,9.2,190,50.6,177,38.7,150,104.9,139
Illinois Chicago,Horz,32.4,240,53.3,50,70.8,205,6.5,15,9.6,221,7.6,46,54.2,88,46.1,19,99.5,247
Georgia St.,SB,32.4,241,42.5,354,72.0,163,9.3,220,8.8,117,7.8,55,52.5,140,36.3,208,101.6,201
North Florida,ASun,32.4,242,47.7,256,73.1,131,11.0,313,12.2,355,9.4,211,51.9,153,49.3,8,97.2,281
Fairleigh Dickinson,NEC,32.4,243,45.2,332,70.8,201,10.4,294,9.0,135,10.4,297,48.6,237,35.4,238,94.8,319
Navy,Pat,32.3,244,47.0,283,65.6,339,9.1,199,10.8,316,9.1,179,49.8,202,31.3,318,95.3,311
Albany,AE,32.3,245,45.2,333,70.4,216,11.5,334,8.0,45,10.7,329,40.9,348,32.3,300,92.2,341
UC Davis,BW,32.3,246,48.7,218,71.6,174,6.0,4,8.3,71,9.6,233,43.9,315,31.5,310,98.1,267
Virginia,ACC,32.3,247,50.3,153,73.0,132,9.8,248,9.1,146,7.0,28,60.3,16,29.9,340,107.5,88
UC Riverside,BW,32.3,248,52.2,80,72.9,135,7.9,91,7.8,36,10.6,314,53.6,104,40.0,121,100.5,224
Troy,SB,32.3,249,47.1,277,73.1,130,11.3,326,11.6,346,10.5,306,56.9,46,40.2,115,98.8,257
Delaware St.,MEAC,32.2,250,43.4,348,67.4,310,9.9,259,11.9,350,13.8,357,41.3,342,32.8,291,86.2,356
Abilene Christian,WAC,32.2,251,48.4,229,74.9,74,10.4,289,7.5,25,10.1,281,57.0,44,36.3,207,104.2,156
Texas Tech,B12,32.2,252,55.0,22,70.0,233,7.1,43,10.0,259,10.0,269,52.7,134,34.2,261,110.3,46
Loyola MD,Pat,32.1,253,51.7,99,69.1,272,8.2,108,9.7,230,8.5,118,58.9,25,38.2,164,96.4,298
Georgia,SEC,32.1,254,51.3,111,74.7,78,14.7,358,11.2,335,9.5,223,58.2,34,37.0,196,106.6,107
UC Irvine,BW,32.1,255,47.4,269,78.0,13,7.0,37,9.3,172,11.3,343,43.8,317,28.6,346,99.6,246
San Diego,WCC,32.1,256,46.2,311,71.2,189,7.2,49,8.8,116,9.7,246,39.1,355,27.6,352,96.6,295
Nicholls St.,Slnd,32.1,257,54.5,29,61.8,357,6.6,18,7.8,37,9.5,222,43.1,329,37.7,180,100.9,214
High Point,BSth,32.0,258,49.4,193,64.2,350,9.5,230,9.3,170,10.2,291,48.2,247,34.2,260,98.4,262
Indiana St.,MVC,32.0,259,52.8,60,77.8,15,11.0,312,9.3,163,9.9,264,52.8,131,46.0,21,98.3,264
La Salle,A10,32.0,260,47.6,259,68.7,280,8.1,99,9.5,197,9.1,182,53.8,97,39.9,122,98.9,255
Xavier,BE,32.0,261,51.9,92,70.2,225,9.2,212,9.7,235,6.9,21,56.1,58,35.7,229,110.1,52
Northeastern,CAA,32.0,262,51.6,105,73.4,115,7.1,44,11.1,331,10.1,277,49.5,208,40.5,109,97.0,286
Nebraska,B10,32.0,263,51.8,96,73.1,126,10.2,281,9.7,227,7.5,43,49.0,221,37.4,188,105.9,117
Milwaukee,Horz,31.9,264,47.5,262,71.5,177,8.5,133,9.8,236,9.8,260,48.1,251,34.7,249,91.8,346
Iowa St.,B12,31.9,265,50.3,152,68.4,290,11.3,328,10.6,301,9.7,241,60.3,17,37.9,174,103.9,160
Stephen F. Austin,WAC,31.9,266,52.8,61,67.6,306,9.0,183,9.7,224,12.7,353,53.4,109,30.9,323,102.4,189
Army,Pat,31.9,267,49.3,196,64.0,351,10.7,306,10.8,317,8.1,85,47.1,270,34.6,252,96.5,296
Oregon St.,P12,31.9,268,49.8,175,70.9,196,7.5,67,9.8,238,8.4,113,47.3,266,30.8,326,105.6,126
Arkansas St.,SB,31.9,269,50.0,162,74.5,87,8.9,175,10.6,298,10.1,276,60.5,14,31.5,312,100.0,236
Auburn,SEC,31.8,270,51.3,112,73.1,127,10.0,271,10.4,283,6.4,8,53.0,124,39.8,124,112.5,26
Northern Illinois,MAC,31.8,271,46.9,286,67.5,308,12.7,347,9.3,185,10.5,311,48.8,228,33.4,282,92.8,337
Eastern Illinois,OVC,31.8,272,42.3,355,63.8,353,13.3,353,13.0,358,11.2,342,58.1,35,36.2,212,83.2,357
Texas A&M Corpus Chris,Slnd,31.8,273,46.9,287,74.3,93,10.2,283,9.0,134,10.7,323,53.9,95,31.3,319,96.7,291
DePaul,BE,31.7,274,49.4,194,69.3,265,8.7,155,9.0,138,8.4,105,43.4,327,34.2,263,106.9,99
Brown,Ivy,31.7,275,50.6,132,69.5,250,7.4,60,9.3,168,9.8,259,46.6,280,38.9,144,100.3,230
Alcorn St.,SWAC,31.7,276,45.1,335,69.2,270,10.0,266,10.0,253,10.4,301,43.1,330,29.1,343,97.3,279
Rider,MAAC,31.6,277,44.9,337,73.6,109,9.0,191,8.7,109,8.7,140,50.5,180,27.9,350,99.2,251
LSU,SEC,31.6,278,50.4,145,73.1,128,8.9,182,10.1,267,10.6,319,49.0,222,34.8,247,107.1,93
St. Francis PA,NEC,31.5,279,46.7,293,64.5,348,8.9,178,9.9,245,8.2,92,50.1,192,31.3,316,95.1,314
North Carolina A&T,BSth,31.5,280,46.3,309,66.0,336,6.4,10,9.3,173,9.0,172,47.8,256,33.9,270,96.9,288
Cincinnati,Amer,31.4,281,46.7,296,67.2,321,9.6,240,8.3,68,6.9,20,52.9,128,42.2,78,104.5,144
Texas Southern,SWAC,31.4,282,48.6,219,67.9,302,6.1,5,11.5,345,9.9,263,42.7,333,30.9,324,97.7,276
Pittsburgh,ACC,31.4,283,46.5,304,69.6,248,9.1,194,10.3,276,10.9,336,52.1,149,33.6,276,99.7,244
Pacific,WCC,31.4,284,45.8,318,68.3,291,6.1,6,7.7,30,9.7,247,49.1,219,33.2,286,95.3,310
South Carolina,SEC,31.3,285,47.4,266,67.1,323,8.3,121,11.7,347,9.7,251,52.7,132,34.7,248,101.4,203
St. Francis NY,NEC,31.3,286,45.4,326,70.9,197,10.3,286,9.0,143,8.8,160,47.2,268,36.8,201,94.7,320
Western Carolina,SC,31.3,287,49.0,208,67.7,303,11.5,333,9.0,139,8.7,146,51.7,156,51.3,3,99.0,253
Washington,P12,31.2,288,46.2,312,70.1,230,9.5,234,7.4,20,9.3,205,41.0,347,32.9,290,104.2,153
Maryland Eastern Shore,MEAC,31.2,289,44.3,340,64.2,349,10.6,302,9.8,237,12.2,351,54.0,91,43.1,58,89.8,353
Wichita St.,Amer,31.2,290,46.7,298,75.3,60,11.2,323,9.7,232,8.9,166,51.1,169,41.4,95,104.0,158
Grambling St.,SWAC,31.1,291,43.8,346,71.4,182,11.4,329,9.7,234,10.2,289,45.2,296,28.1,348,93.8,331
William & Mary,CAA,31.1,292,45.5,321,70.0,231,14.4,357,12.9,356,10.2,292,50.4,183,39.1,141,90.2,352
Temple,Amer,31.1,293,44.7,339,67.9,300,9.9,262,9.6,215,9.0,169,52.7,133,38.2,163,102.2,195
North Carolina Central,MEAC,31.0,294,48.3,235,66.7,326,12.2,342,10.6,299,13.2,356,45.7,292,33.5,280,96.7,290
Chicago St.,WAC,31.0,295,45.3,328,65.5,341,10.9,310,9.6,217,12.5,352,43.7,320,43.7,44,95.6,308
Maine,AE,31.0,296,47.0,280,70.5,215,7.7,76,9.9,250,9.5,220,55.6,68,38.6,155,92.2,342
UT Arlington,SB,31.0,297,45.3,329,69.4,260,8.3,123,9.9,244,10.4,300,55.7,66,34.5,255,97.8,271
LIU,NEC,31.0,298,49.7,179,68.2,294,7.4,63,9.7,228,8.8,153,61.7,11,40.1,117,99.7,243
Boston College,ACC,30.9,299,48.5,226,70.4,217,10.1,275,10.1,268,7.8,54,50.4,187,32.4,298,104.4,150
Louisville,ACC,30.9,300,50.5,140,67.4,312,9.3,218,9.4,191,8.5,120,48.1,253,42.2,74,102.9,178
Tarleton St.,WAC,30.9,301,46.3,307,75.4,52,14.0,356,7.5,23,10.8,334,46.9,274,31.3,317,99.6,245
Southern Miss,CUSA,30.9,302,47.0,284,68.7,281,7.2,50,10.3,280,9.4,208,50.1,193,30.0,339,94.1,328
Alabama,SEC,30.9,303,55.9,12,72.8,141,11.2,322,10.6,303,9.2,185,53.1,118,47.6,12,115.0,16
Austin Peay,OVC,30.8,304,46.9,290,70.3,222,11.2,324,10.8,318,10.5,309,59.1,21,44.4,39,94.9,318
Creighton,BE,30.8,305,53.3,47,73.8,104,9.8,255,9.8,242,10.6,316,52.0,150,38.1,168,105.9,116
New Orleans,Slnd,30.8,306,50.4,146,74.0,102,8.3,126,9.5,201,9.8,257,44.7,303,22.2,358,97.0,284
California,P12,30.8,307,47.3,271,72.7,144,8.7,153,8.9,125,8.3,94,45.2,297,31.6,308,100.7,221
Arizona St.,P12,30.7,308,47.7,255,66.1,334,8.2,116,8.9,123,8.4,110,53.4,106,37.2,192,101.4,204
Eastern Michigan,MAC,30.7,309,49.3,195,69.9,237,9.7,245,9.5,209,9.7,243,40.6,349,35.4,239,93.8,330
Wisconsin,B10,30.6,310,48.7,215,74.3,92,8.8,170,7.0,6,6.0,2,44.8,302,36.0,219,109.4,63
McNeese St.,Slnd,30.6,311,49.9,168,65.4,344,7.9,88,11.3,337,10.8,332,42.3,335,33.4,281,97.8,273
South Carolina St.,MEAC,30.6,312,42.1,356,69.5,253,9.1,200,9.2,161,11.0,339,46.3,283,33.0,288,93.3,333
Mississippi Valley St.,SWAC,30.5,313,43.8,345,65.5,343,9.3,219,9.2,152,8.9,164,48.0,255,38.0,170,92.8,338
Arkansas,SEC,30.5,314,50.3,149,75.9,44,8.7,146,9.2,154,7.9,67,53.1,119,34.3,259,109.9,54
Houston Baptist,Slnd,30.5,315,50.5,137,71.5,180,9.0,187,11.0,325,9.7,253,47.7,258,35.7,232,95.2,312
Duquesne,A10,30.5,316,45.2,331,70.7,206,10.0,268,8.8,114,8.1,83,40.4,351,33.3,283,98.9,256
Florida,SEC,30.3,317,53.1,56,73.5,112,8.5,134,11.4,342,7.2,31,52.6,138,45.8,22,110.1,50
UT Rio Grande Valley,WAC,30.3,318,51.9,90,69.2,269,9.1,198,9.4,192,11.4,345,49.4,209,37.7,179,100.0,237
Bryant,NEC,30.3,319,52.8,59,73.2,122,12.5,345,10.0,256,9.0,173,49.5,207,43.4,51,103.9,161
UMass Lowell,AE,30.2,320,49.3,197,69.4,259,9.7,243,9.0,141,9.3,196,43.8,319,32.0,304,96.2,300
TCU,B12,30.2,321,50.3,155,67.4,311,8.6,140,10.6,297,10.8,335,53.8,98,31.7,306,108.6,75
Canisius,MAAC,30.2,322,45.5,322,69.6,247,12.1,341,7.6,29,9.3,204,53.3,112,39.1,142,97.4,278
Lamar,WAC,30.2,323,44.1,342,68.5,286,8.1,98,11.3,338,10.4,304,48.6,235,30.6,328,92.1,343
Cal St. Northridge,BW,30.2,324,44.0,343,68.5,287,6.8,29,7.9,43,10.7,322,39.5,354,29.6,342,94.1,326
Marshall,CUSA,30.1,325,52.1,82,70.9,198,6.7,24,10.5,289,7.6,48,50.4,188,39.1,140,101.3,206
Morgan St.,MEAC,30.0,326,46.6,301,67.2,318,10.1,272,10.5,290,10.7,330,52.4,145,31.2,320,94.5,322
Charleston Southern,BSth,30.0,327,47.1,278,67.7,304,9.8,246,11.1,328,10.4,298,48.3,246,45.7,25,92.3,340
Jackson St.,SWAC,30.0,328,45.5,323,63.4,354,8.8,163,10.0,255,9.9,265,46.8,275,30.4,332,93.4,332
Manhattan,MAAC,29.9,329,50.0,162,73.6,108,7.0,38,10.9,320,9.6,239,46.4,282,32.9,289,100.5,227
Radford,BSth,29.8,330,47.7,254,68.0,299,10.2,278,10.4,284,10.2,288,46.6,279,40.7,106,95.3,309
Arkansas Pine Bluff,SWAC,29.8,331,48.0,248,70.9,195,10.7,304,11.1,332,8.6,133,48.7,233,40.5,107,97.9,269
Florida A&M,SWAC,29.7,332,46.3,308,70.6,211,5.6,3,9.3,179,9.5,221,49.2,213,26.4,353,95.0,315
Butler,BE,29.7,333,48.9,210,68.9,278,13.9,355,8.6,96,9.6,231,47.3,265,41.8,91,102.5,187
Portland St.,BSky,29.7,334,48.4,228,74.2,95,8.2,106,8.1,54,8.9,165,41.1,344,34.0,269,95.8,304
Tennessee Martin,OVC,29.7,335,47.0,281,69.4,256,13.1,351,9.8,240,9.6,237,43.5,322,36.4,204,96.1,302
Fordham,A10,29.7,336,46.7,295,72.7,148,9.6,241,8.3,67,10.6,317,51.4,162,42.7,62,94.7,321
Oakland,Horz,29.7,337,52.5,71,78.8,10,9.4,229,8.9,133,9.1,181,51.2,166,41.8,87,103.0,176
Coppin St.,MEAC,29.7,338,47.6,261,68.4,288,9.8,251,9.2,162,10.2,290,49.4,210,49.9,4,92.0,344
Idaho St.,BSky,29.6,339,49.6,186,68.4,289,8.6,143,10.5,293,10.6,320,45.8,291,42.2,75,94.0,329
Dixie St.,WAC,29.5,340,47.8,251,66.7,327,11.1,319,11.3,339,9.7,254,60.1,19,37.3,189,95.7,305
Central Arkansas,ASun,29.5,341,50.3,156,75.4,55,8.7,151,10.5,294,8.3,99,50.8,174,35.2,240,98.7,258
Mississippi St.,SEC,29.5,342,51.7,100,72.1,161,8.1,103,10.5,295,9.1,178,52.9,129,28.1,347,109.6,56
Cal Poly,BW,29.5,343,47.2,274,73.1,124,7.8,80,9.4,196,13.1,355,50.8,173,35.5,235,93.2,334
Oklahoma St.,B12,29.5,344,49.8,176,66.7,327,8.6,144,11.7,348,9.7,256,50.4,185,31.4,313,103.8,163
SIU Edwardsville,OVC,29.4,345,48.1,242,69.4,255,9.8,250,11.2,334,10.3,295,50.2,189,34.9,244,94.1,327
Hampton,BSth,29.4,346,44.2,341,69.7,245,8.4,130,8.9,132,9.2,191,45.5,294,35.0,243,90.7,350
North Alabama,ASun,29.2,347,42.8,351,75.1,67,11.1,320,8.8,113,8.3,98,35.5,357,39.8,123,90.3,351
Georgia Southern,SB,29.2,348,50.1,158,67.1,322,8.5,138,11.0,327,10.3,293,48.2,249,36.3,210,96.2,301
IUPUI,Horz,29.2,349,41.6,357,67.4,313,9.5,237,12.1,353,14.0,358,53.6,103,34.6,250,79.4,358
Old Dominion,CUSA,29.0,350,48.1,238,67.2,320,6.6,17,8.5,89,9.9,262,49.7,205,26.2,354,101.1,213
UTSA,CUSA,28.7,351,43.9,344,68.6,283,9.5,233,9.5,200,8.1,89,44.4,311,33.9,271,94.4,323
Wagner,NEC,28.5,352,53.0,58,72.1,160,7.4,55,9.0,142,9.0,170,51.9,152,30.1,336,102.0,196
Cal St. Bakersfield,BW,28.3,353,44.9,336,71.3,183,5.4,2,8.7,110,9.3,197,39.7,353,22.9,357,97.7,275
Missouri,SEC,28.1,354,49.4,191,74.1,100,9.8,253,10.9,323,10.7,326,50.4,186,32.6,295,103.9,159
Green Bay,Horz,28.0,355,48.9,214,71.1,191,8.8,159,10.9,321,9.1,176,47.6,259,34.4,257,91.9,345
Alabama A&M,SWAC,27.1,356,41.5,358,71.3,185,6.6,19,10.8,319,8.7,149,43.4,325,24.9,356,87.4,355
Presbyterian,BSth,26.1,357,49.0,205,68.9,276,9.4,227,10.0,252,9.6,234,50.7,175,36.6,202,96.5,297
South Florida,Amer,25.2,358,42.8,352,66.6,332,9.3,215,8.6,92,10.5,308,50.6,178,30.6,329,91.0,349
,,,,,,,,,,,,,,,,,,,
,,,,,,,,,,,,,,,,,,,
,,,,,,,,,,,,,,,,,,,
,,,,,,,,,,,,,,,,,,,
,,,,,,,,,,,,,,,,,,,
,,,,,,,,,,,,,,,,,,,
,,,,,,,,,,,,,,,,,,,
,,,,,,,,,,,,,,,,,,,
,,,,,,,,,,,,,,,,,,,
,,,,,,,,,,,,,,,,,,,
,,,,,,,,,,,,,,,,,,,
,,,,,,,,,,,,,,,,,,,
,,,,,,,,,,,,,,,,,,,
,,,,,,,,,,,,,,,,,,,
,,,,,,,,,,,,,,,,,,,
,,,,,,,,,,,,,,,,,,,
,,,,,,,,,,,,,,,,,,,
,,,,,,,,,,,,,,,,,,,
,,,,,,,,,,,,,,,,,,,
,,,,,,,,,,,,,,,,,,,
,,,,,,,,,,,,,,,,,,,
,,,,,,,,,,,,,,,,,,,
,,,,,,,,,,,,,,,,,,,
,,,,,,,,,,,,,,,,,,,
,,,,,,,,,,,,,,,,,,,
,,,,,,,,,,,,,,,,,,,
,,,,,,,,,,,,,,,,,,,
,,,,,,,,,,,,,,,,,,,
,,,,,,,,,,,,,,,,,,,
,,,,,,,,,,,,,,,,,,,
,,,,,,,,,,,,,,,,,,,
,,,,,,,,,,,,,,,,,,,
,,,,,,,,,,,,,,,,,,,
,,,,,,,,,,,,,,,,,,,
,,,,,,,,,,,,,,,,,,,
,,,,,,,,,,,,,,,,,,,
,,,,,,,,,,,,,,,,,,,
,,,,,,,,,,,,,,,,,,,
,,,,,,,,,,,,,,,,,,,
,,,,,,,,,,,,,,,,,,,
,,,,,,,,,,,,,,,,,,,
,,,,,,,,,,,,,,,,,,,
,,,,,,,,,,,,,,,,,,,
,,,,,,,,,,,,,,,,,,,
,,,,,,,,,,,,,,,,,,,
,,,,,,,,,,,,,,,,,,,
,,,,,,,,,,,,,,,,,,,
,,,,,,,,,,,,,,,,,,,
,,,,,,,,,,,,,,,,,,,
,,,,,,,,,,,,,,,,,,,
,,,,,,,,,,,,,,,,,,,
,,,,,,,,,,,,,,,,,,,
,,,,,,,,,,,,,,,,,,,
,,,,,,,,,,,,,,,,,,,
,,,,,,,,,,,,,,,,,,,
,,,,,,,,,,,,,,,,,,,
,,,,,,,,,,,,,,,,,,,
,,,,,,,,,,,,,,,,,,,
,,,,,,,,,,,,,,,,,,,
,,,,,,,,,,,,,,,,,,,
,,,,,,,,,,,,,,,,,,,
,,,,,,,,,,,,,,,,,,,
,,,,,,,,,,,,,,,,,,,
,,,,,,,,,,,,,,,,,,,
,,,,,,,,,,,,,,,,,,,
,,,,,,,,,,,,,,,,,,,
,,,,,,,,,,,,,,,,,,,
,,,,,,,,,,,,,,,,,,,
,,,,,,,,,,,,,,,,,,,
,,,,,,,,,,,,,,,,,,,
,,,,,,,,,,,,,,,,,,,
,,,,,,,,,,,,,,,,,,,
,,,,,,,,,,,,,,,,,,,
,,,,,,,,,,,,,,,,,,,
,,,,,,,,,,,,,,,,,,,
,,,,,,,,,,,,,,,,,,,
,,,,,,,,,,,,,,,,,,,
,,,,,,,,,,,,,,,,,,,
,,,,,,,,,,,,,,,,,,,
,,,,,,,,,,,,,,,,,,,
,,,,,,,,,,,,,,,,,,,
,,,,,,,,,,,,,,,,,,,
,,,,,,,,,,,,,,,,,,,
,,,,,,,,,,,,,,,,,,,
,,,,,,,,,,,,,,,,,,,
,,,,,,,,,,,,,,,,,,,
,,,,,,,,,,,,,,,,,,,
,,,,,,,,,,,,,,,,,,,
,,,,,,,,,,,,,,,,,,,
,,,,,,,,,,,,,,,,,,,
,,,,,,,,,,,,,,,,,,,
,,,,,,,,,,,,,,,,,,,
,,,,,,,,,,,,,,,,,,,
,,,,,,,,,,,,,,,,,,,
,,,,,,,,,,,,,,,,,,,
,,,,,,,,,,,,,,,,,,,
,,,,,,,,,,,,,,,,,,,
,,,,,,,,,,,,,,,,,,,
,,,,,,,,,,,,,,,,,,,
,,,,,,,,,,,,,,,,,,,
,,,,,,,,,,,,,,,,,,,
,,,,,,,,,,,,,,,,,,,
,,,,,,,,,,,,,,,,,,,
,,,,,,,,,,,,,,,,,,,
,,,,,,,,,,,,,,,,,,,
,,,,,,,,,,,,,,,,,,,
,,,,,,,,,,,,,,,,,,,
,,,,,,,,,,,,,,,,,,,
,,,,,,,,,,,,,,,,,,,
,,,,,,,,,,,,,,,,,,,
,,,,,,,,,,,,,,,,,,,
,,,,,,,,,,,,,,,,,,,
,,,,,,,,,,,,,,,,,,,
,,,,,,,,,,,,,,,,,,,
,,,,,,,,,,,,,,,,,,,
,,,,,,,,,,,,,,,,,,,
,,,,,,,,,,,,,,,,,,,
,,,,,,,,,,,,,,,,,,,
,,,,,,,,,,,,,,,,,,,
,,,,,,,,,,,,,,,,,,,
,,,,,,,,,,,,,,,,,,,
,,,,,,,,,,,,,,,,,,,
,,,,,,,,,,,,,,,,,,,
,,,,,,,,,,,,,,,,,,,
,,,,,,,,,,,,,,,,,,,
,,,,,,,,,,,,,,,,,,,
,,,,,,,,,,,,,,,,,,,
,,,,,,,,,,,,,,,,,,,
,,,,,,,,,,,,,,,,,,,
,,,,,,,,,,,,,,,,,,,
,,,,,,,,,,,,,,,,,,,
,,,,,,,,,,,,,,,,,,,
,,,,,,,,,,,,,,,,,,,
,,,,,,,,,,,,,,,,,,,
,,,,,,,,,,,,,,,,,,,
,,,,,,,,,,,,,,,,,,,
,,,,,,,,,,,,,,,,,,,
,,,,,,,,,,,,,,,,,,,
,,,,,,,,,,,,,,,,,,,
,,,,,,,,,,,,,,,,,,,
,,,,,,,,,,,,,,,,,,,
,,,,,,,,,,,,,,,,,,,
,,,,,,,,,,,,,,,,,,,
,,,,,,,,,,,,,,,,,,,
,,,,,,,,,,,,,,,,,,,
,,,,,,,,,,,,,,,,,,,
,,,,,,,,,,,,,,,,,,,
,,,,,,,,,,,,,,,,,,,
,,,,,,,,,,,,,,,,,,,
,,,,,,,,,,,,,,,,,,,
,,,,,,,,,,,,,,,,,,,
,,,,,,,,,,,,,,,,,,,
,,,,,,,,,,,,,,,,,,,
,,,,,,,,,,,,,,,,,,,
,,,,,,,,,,,,,,,,,,,
,,,,,,,,,,,,,,,,,,,
,,,,,,,,,,,,,,,,,,,
,,,,,,,,,,,,,,,,,,,
,,,,,,,,,,,,,,,,,,,
,,,,,,,,,,,,,,,,,,,
,,,,,,,,,,,,,,,,,,,
,,,,,,,,,,,,,,,,,,,
,,,,,,,,,,,,,,,,,,,
,,,,,,,,,,,,,,,,,,,
,,,,,,,,,,,,,,,,,,,
,,,,,,,,,,,,,,,,,,,
,,,,,,,,,,,,,,,,,,,
,,,,,,,,,,,,,,,,,,,
,,,,,,,,,,,,,,,,,,,
,,,,,,,,,,,,,,,,,,,
,,,,,,,,,,,,,,,,,,,
,,,,,,,,,,,,,,,,,,,
,,,,,,,,,,,,,,,,,,,
,,,,,,,,,,,,,,,,,,,
,,,,,,,,,,,,,,,,,,,
,,,,,,,,,,,,,,,,,,,
,,,,,,,,,,,,,,,,,,,
,,,,,,,,,,,,,,,,,,,
,,,,,,,,,,,,,,,,,,,
,,,,,,,,,,,,,,,,,,,
,,,,,,,,,,,,,,,,,,,
,,,,,,,,,,,,,,,,,,,
,,,,,,,,,,,,,,,,,,,
,,,,,,,,,,,,,,,,,,,
,,,,,,,,,,,,,,,,,,,
,,,,,,,,,,,,,,,,,,,
,,,,,,,,,,,,,,,,,,,
,,,,,,,,,,,,,,,,,,,
,,,,,,,,,,,,,,,,,,,
,,,,,,,,,,,,,,,,,,,
,,,,,,,,,,,,,,,,,,,
,,,,,,,,,,,,,,,,,,,
,,,,,,,,,,,,,,,,,,,
,,,,,,,,,,,,,,,,,,,
,,,,,,,,,,,,,,,,,,,
,,,,,,,,,,,,,,,,,,,
,,,,,,,,,,,,,,,,,,,
,,,,,,,,,,,,,,,,,,,
,,,,,,,,,,,,,,,,,,,
,,,,,,,,,,,,,,,,,,,
,,,,,,,,,,,,,,,,,,,
,,,,,,,,,,,,,,,,,,,
,,,,,,,,,,,,,,,,,,,
,,,,,,,,,,,,,,,,,,,
,,,,,,,,,,,,,,,,,,,
,,,,,,,,,,,,,,,,,,,
,,,,,,,,,,,,,,,,,,,
,,,,,,,,,,,,,,,,,,,
,,,,,,,,,,,,,,,,,,,
,,,,,,,,,,,,,,,,,,,
,,,,,,,,,,,,,,,,,,,
,,,,,,,,,,,,,,,,,,,
,,,,,,,,,,,,,,,,,,,
,,,,,,,,,,,,,,,,,,,
,,,,,,,,,,,,,,,,,,,
,,,,,,,,,,,,,,,,,,,
,,,,,,,,,,,,,,,,,,,
,,,,,,,,,,,,,,,,,,,
,,,,,,,,,,,,,,,,,,,
,,,,,,,,,,,,,,,,,,,
,,,,,,,,,,,,,,,,,,,
,,,,,,,,,,,,,,,,,,,
,,,,,,,,,,,,,,,,,,,
,,,,,,,,,,,,,,,,,,,
,,,,,,,,,,,,,,,,,,,
,,,,,,,,,,,,,,,,,,,
,,,,,,,,,,,,,,,,,,,
,,,,,,,,,,,,,,,,,,,
,,,,,,,,,,,,,,,,,,,
,,,,,,,,,,,,,,,,,,,
,,,,,,,,,,,,,,,,,,,
,,,,,,,,,,,,,,,,,,,
,,,,,,,,,,,,,,,,,,,
,,,,,,,,,,,,,,,,,,,
,,,,,,,,,,,,,,,,,,,
,,,,,,,,,,,,,,,,,,,
,,,,,,,,,,,,,,,,,,,
,,,,,,,,,,,,,,,,,,,
,,,,,,,,,,,,,,,,,,,
,,,,,,,,,,,,,,,,,,,
,,,,,,,,,,,,,,,,,,,
,,,,,,,,,,,,,,,,,,,
,,,,,,,,,,,,,,,,,,,
,,,,,,,,,,,,,,,,,,,
,,,,,,,,,,,,,,,,,,,
,,,,,,,,,,,,,,,,,,,
,,,,,,,,,,,,,,,,,,,
,,,,,,,,,,,,,,,,,,,
,,,,,,,,,,,,,,,,,,,
,,,,,,,,,,,,,,,,,,,
,,,,,,,,,,,,,,,,,,,
,,,,,,,,,,,,,,,,,,,
,,,,,,,,,,,,,,,,,,,
,,,,,,,,,,,,,,,,,,,
,,,,,,,,,,,,,,,,,,,
,,,,,,,,,,,,,,,,,,,
,,,,,,,,,,,,,,,,,,,
,,,,,,,,,,,,,,,,,,,
,,,,,,,,,,,,,,,,,,,
,,,,,,,,,,,,,,,,,,,
,,,,,,,,,,,,,,,,,,,
,,,,,,,,,,,,,,,,,,,
,,,,,,,,,,,,,,,,,,,
,,,,,,,,,,,,,,,,,,,
,,,,,,,,,,,,,,,,,,,
,,,,,,,,,,,,,,,,,,,
,,,,,,,,,,,,,,,,,,,
,,,,,,,,,,,,,,,,,,,
,,,,,,,,,,,,,,,,,,,
,,,,,,,,,,,,,,,,,,,
,,,,,,,,,,,,,,,,,,,
,,,,,,,,,,,,,,,,,,,
,,,,,,,,,,,,,,,,,,,
,,,,,,,,,,,,,,,,,,,
,,,,,,,,,,,,,,,,,,,
,,,,,,,,,,,,,,,,,,,
,,,,,,,,,,,,,,,,,,,
,,,,,,,,,,,,,,,,,,,
,,,,,,,,,,,,,,,,,,,
,,,,,,,,,,,,,,,,,,,
,,,,,,,,,,,,,,,,,,,
,,,,,,,,,,,,,,,,,,,
,,,,,,,,,,,,,,,,,,,
,,,,,,,,,,,,,,,,,,,
,,,,,,,,,,,,,,,,,,,
,,,,,,,,,,,,,,,,,,,
,,,,,,,,,,,,,,,,,,,
,,,,,,,,,,,,,,,,,,,
,,,,,,,,,,,,,,,,,,,
,,,,,,,,,,,,,,,,,,,
,,,,,,,,,,,,,,,,,,,
,,,,,,,,,,,,,,,,,,,
,,,,,,,,,,,,,,,,,,,
,,,,,,,,,,,,,,,,,,,
,,,,,,,,,,,,,,,,,,,
,,,,,,,,,,,,,,,,,,,
,,,,,,,,,,,,,,,,,,,
,,,,,,,,,,,,,,,,,,,
,,,,,,,,,,,,,,,,,,,
,,,,,,,,,,,,,,,,,,,
,,,,,,,,,,,,,,,,,,,
,,,,,,,,,,,,,,,,,,,
,,,,,,,,,,,,,,,,,,,
,,,,,,,,,,,,,,,,,,,
,,,,,,,,,,,,,,,,,,,
,,,,,,,,,,,,,,,,,,,
,,,,,,,,,,,,,,,,,,,
,,,,,,,,,,,,,,,,,,,
,,,,,,,,,,,,,,,,,,,
,,,,,,,,,,,,,,,,,,,
,,,,,,,,,,,,,,,,,,,
,,,,,,,,,,,,,,,,,,,
,,,,,,,,,,,,,,,,,,,
,,,,,,,,,,,,,,,,,,,
,,,,,,,,,,,,,,,,,,,
,,,,,,,,,,,,,,,,,,,
,,,,,,,,,,,,,,,,,,,
,,,,,,,,,,,,,,,,,,,
,,,,,,,,,,,,,,,,,,,
,,,,,,,,,,,,,,,,,,,
,,,,,,,,,,,,,,,,,,,
,,,,,,,,,,,,,,,,,,,
,,,,,,,,,,,,,,,,,,,
,,,,,,,,,,,,,,,,,,,
,,,,,,,,,,,,,,,,,,,
,,,,,,,,,,,,,,,,,,,
,,,,,,,,,,,,,,,,,,,
,,,,,,,,,,,,,,,,,,,
,,,,,,,,,,,,,,,,,,,
,,,,,,,,,,,,,,,,,,,
,,,,,,,,,,,,,,,,,,,
,,,,,,,,,,,,,,,,,,,
,,,,,,,,,,,,,,,,,,,
,,,,,,,,,,,,,,,,,,,
,,,,,,,,,,,,,,,,,,,
,,,,,,,,,,,,,,,,,,,
,,,,,,,,,,,,,,,,,,,
,,,,,,,,,,,,,,,,,,,
,,,,,,,,,,,,,,,,,,,
,,,,,,,,,,,,,,,,,,,
,,,,,,,,,,,,,,,,,,,
,,,,,,,,,,,,,,,,,,,
,,,,,,,,,,,,,,,,,,,
,,,,,,,,,,,,,,,,,,,
,,,,,,,,,,,,,,,,,,,
,,,,,,,,,,,,,,,,,,,
,,,,,,,,,,,,,,,,,,,
,,,,,,,,,,,,,,,,,,,
,,,,,,,,,,,,,,,,,,,
,,,,,,,,,,,,,,,,,,,
,,,,,,,,,,,,,,,,,,,
,,,,,,,,,,,,,,,,,,,
,,,,,,,,,,,,,,,,,,,
,,,,,,,,,,,,,,,,,,,
,,,,,,,,,,,,,,,,,,,
,,,,,,,,,,,,,,,,,,,
,,,,,,,,,,,,,,,,,,,
,,,,,,,,,,,,,,,,,,,
,,,,,,,,,,,,,,,,,,,
,,,,,,,,,,,,,,,,,,,
,,,,,,,,,,,,,,,,,,,
,,,,,,,,,,,,,,,,,,,
,,,,,,,,,,,,,,,,,,,
,,,,,,,,,,,,,,,,,,,
,,,,,,,,,,,,,,,,,,,
,,,,,,,,,,,,,,,,,,,
,,,,,,,,,,,,,,,,,,,
,,,,,,,,,,,,,,,,,,,
,,,,,,,,,,,,,,,,,,,
,,,,,,,,,,,,,,,,,,,
,,,,,,,,,,,,,,,,,,,
,,,,,,,,,,,,,,,,,,,
,,,,,,,,,,,,,,,,,,,
,,,,,,,,,,,,,,,,,,,
,,,,,,,,,,,,,,,,,,,
,,,,,,,,,,,,,,,,,,,
,,,,,,,,,,,,,,,,,,,
,,,,,,,,,,,,,,,,,,,
,,,,,,,,,,,,,,,,,,,
,,,,,,,,,,,,,,,,,,,
,,,,,,,,,,,,,,,,,,,
,,,,,,,,,,,,,,,,,,,
,,,,,,,,,,,,,,,,,,,
,,,,,,,,,,,,,,,,,,,
,,,,,,,,,,,,,,,,,,,
,,,,,,,,,,,,,,,,,,,
,,,,,,,,,,,,,,,,,,,
,,,,,,,,,,,,,,,,,,,
,,,,,,,,,,,,,,,,,,,
,,,,,,,,,,,,,,,,,,,
,,,,,,,,,,,,,,,,,,,
,,,,,,,,,,,,,,,,,,,
,,,,,,,,,,,,,,,,,,,
,,,,,,,,,,,,,,,,,,,
,,,,,,,,,,,,,,,,,,,
,,,,,,,,,,,,,,,,,,,
,,,,,,,,,,,,,,,,,,,
,,,,,,,,,,,,,,,,,,,
,,,,,,,,,,,,,,,,,,,
,,,,,,,,,,,,,,,,,,,
,,,,,,,,,,,,,,,,,,,
,,,,,,,,,,,,,,,,,,,
,,,,,,,,,,,,,,,,,,,
,,,,,,,,,,,,,,,,,,,
,,,,,,,,,,,,,,,,,,,
,,,,,,,,,,,,,,,,,,,
,,,,,,,,,,,,,,,,,,,
,,,,,,,,,,,,,,,,,,,
,,,,,,,,,,,,,,,,,,,
,,,,,,,,,,,,,,,,,,,
,,,,,,,,,,,,,,,,,,,
,,,,,,,,,,,,,,,,,,,
,,,,,,,,,,,,,,,,,,,
,,,,,,,,,,,,,,,,,,,
,,,,,,,,,,,,,,,,,,,
,,,,,,,,,,,,,,,,,,,
,,,,,,,,,,,,,,,,,,,
,,,,,,,,,,,,,,,,,,,
,,,,,,,,,,,,,,,,,,,
,,,,,,,,,,,,,,,,,,,
,,,,,,,,,,,,,,,,,,,
,,,,,,,,,,,,,,,,,,,
,,,,,,,,,,,,,,,,,,,
,,,,,,,,,,,,,,,,,,,
,,,,,,,,,,,,,,,,,,,
,,,,,,,,,,,,,,,,,,,
,,,,,,,,,,,,,,,,,,,
,,,,,,,,,,,,,,,,,,,
,,,,,,,,,,,,,,,,,,,
,,,,,,,,,,,,,,,,,,,
,,,,,,,,,,,,,,,,,,,
,,,,,,,,,,,,,,,,,,,
,,,,,,,,,,,,,,,,,,,
,,,,,,,,,,,,,,,,,,,
,,,,,,,,,,,,,,,,,,,
,,,,,,,,,,,,,,,,,,,
,,,,,,,,,,,,,,,,,,,
,,,,,,,,,,,,,,,,,,,
,,,,,,,,,,,,,,,,,,,
,,,,,,,,,,,,,,,,,,,
,,,,,,,,,,,,,,,,,,,
,,,,,,,,,,,,,,,,,,,
,,,,,,,,,,,,,,,,,,,
,,,,,,,,,,,,,,,,,,,
,,,,,,,,,,,,,,,,,,,
,,,,,,,,,,,,,,,,,,,
,,,,,,,,,,,,,,,,,,,
,,,,,,,,,,,,,,,,,,,
,,,,,,,,,,,,,,,,,,,
,,,,,,,,,,,,,,,,,,,
,,,,,,,,,,,,,,,,,,,
,,,,,,,,,,,,,,,,,,,
,,,,,,,,,,,,,,,,,,,
,,,,,,,,,,,,,,,,,,,
,,,,,,,,,,,,,,,,,,,
,,,,,,,,,,,,,,,,,,,
,,,,,,,,,,,,,,,,,,,
,,,,,,,,,,,,,,,,,,,
,,,,,,,,,,,,,,,,,,,
,,,,,,,,,,,,,,,,,,,
,,,,,,,,,,,,,,,,,,,
,,,,,,,,,,,,,,,,,,,
,,,,,,,,,,,,,,,,,,,
,,,,,,,,,,,,,,,,,,,
,,,,,,,,,,,,,,,,,,,
,,,,,,,,,,,,,,,,,,,
,,,,,,,,,,,,,,,,,,,
,,,,,,,,,,,,,,,,,,,
,,,,,,,,,,,,,,,,,,,
,,,,,,,,,,,,,,,,,,,
,,,,,,,,,,,,,,,,,,,
,,,,,,,,,,,,,,,,,,,
,,,,,,,,,,,,,,,,,,,
,,,,,,,,,,,,,,,,,,,
,,,,,,,,,,,,,,,,,,,
,,,,,,,,,,,,,,,,,,,
,,,,,,,,,,,,,,,,,,,
,,,,,,,,,,,,,,,,,,,
,,,,,,,,,,,,,,,,,,,
,,,,,,,,,,,,,,,,,,,
,,,,,,,,,,,,,,,,,,,
,,,,,,,,,,,,,,,,,,,
,,,,,,,,,,,,,,,,,,,
,,,,,,,,,,,,,,,,,,,
,,,,,,,,,,,,,,,,,,,
,,,,,,,,,,,,,,,,,,,
,,,,,,,,,,,,,,,,,,,
,,,,,,,,,,,,,,,,,,,
,,,,,,,,,,,,,,,,,,,
,,,,,,,,,,,,,,,,,,,
,,,,,,,,,,,,,,,,,,,
,,,,,,,,,,,,,,,,,,,
,,,,,,,,,,,,,,,,,,,
,,,,,,,,,,,,,,,,,,,
,,,,,,,,,,,,,,,,,,,
,,,,,,,,,,,,,,,,,,,
,,,,,,,,,,,,,,,,,,,
,,,,,,,,,,,,,,,,,,,
,,,,,,,,,,,,,,,,,,,
,,,,,,,,,,,,,,,,,,,
,,,,,,,,,,,,,,,,,,,
,,,,,,,,,,,,,,,,,,,
,,,,,,,,,,,,,,,,,,,
,,,,,,,,,,,,,,,,,,,
,,,,,,,,,,,,,,,,,,,
,,,,,,,,,,,,,,,,,,,
,,,,,,,,,,,,,,,,,,,
,,,,,,,,,,,,,,,,,,,
,,,,,,,,,,,,,,,,,,,
,,,,,,,,,,,,,,,,,,,
,,,,,,,,,,,,,,,,,,,
,,,,,,,,,,,,,,,,,,,
,,,,,,,,,,,,,,,,,,,
,,,,,,,,,,,,,,,,,,,
,,,,,,,,,,,,,,,,,,,
,,,,,,,,,,,,,,,,,,,
,,,,,,,,,,,,,,,,,,,
,,,,,,,,,,,,,,,,,,,
,,,,,,,,,,,,,,,,,,,
,,,,,,,,,,,,,,,,,,,
,,,,,,,,,,,,,,,,,,,
,,,,,,,,,,,,,,,,,,,
,,,,,,,,,,,,,,,,,,,
,,,,,,,,,,,,,,,,,,,
,,,,,,,,,,,,,,,,,,,
,,,,,,,,,,,,,,,,,,,
,,,,,,,,,,,,,,,,,,,
,,,,,,,,,,,,,,,,,,,
,,,,,,,,,,,,,,,,,,,
,,,,,,,,,,,,,,,,,,,
,,,,,,,,,,,,,,,,,,,
,,,,,,,,,,,,,,,,,,,
,,,,,,,,,,,,,,,,,,,
,,,,,,,,,,,,,,,,,,,
,,,,,,,,,,,,,,,,,,,
,,,,,,,,,,,,,,,,,,,
,,,,,,,,,,,,,,,,,,,
,,,,,,,,,,,,,,,,,,,
,,,,,,,,,,,,,,,,,,,
,,,,,,,,,,,,,,,,,,,
,,,,,,,,,,,,,,,,,,,
,,,,,,,,,,,,,,,,,,,
,,,,,,,,,,,,,,,,,,,
,,,,,,,,,,,,,,,,,,,
,,,,,,,,,,,,,,,,,,,
,,,,,,,,,,,,,,,,,,,
,,,,,,,,,,,,,,,,,,,
,,,,,,,,,,,,,,,,,,,
,,,,,,,,,,,,,,,,,,,
,,,,,,,,,,,,,,,,,,,
,,,,,,,,,,,,,,,,,,,
,,,,,,,,,,,,,,,,,,,
,,,,,,,,,,,,,,,,,,,
,,,,,,,,,,,,,,,,,,,
,,,,,,,,,,,,,,,,,,,
,,,,,,,,,,,,,,,,,,,
,,,,,,,,,,,,,,,,,,,
,,,,,,,,,,,,,,,,,,,
,,,,,,,,,,,,,,,,,,,
,,,,,,,,,,,,,,,,,,,
,,,,,,,,,,,,,,,,,,,
,,,,,,,,,,,,,,,,,,,
,,,,,,,,,,,,,,,,,,,
,,,,,,,,,,,,,,,,,,,
,,,,,,,,,,,,,,,,,,,
,,,,,,,,,,,,,,,,,,,
,,,,,,,,,,,,,,,,,,,
,,,,,,,,,,,,,,,,,,,
,,,,,,,,,,,,,,,,,,,
,,,,,,,,,,,,,,,,,,,
,,,,,,,,,,,,,,,,,,,
,,,,,,,,,,,,,,,,,,,
,,,,,,,,,,,,,,,,,,,
,,,,,,,,,,,,,,,,,,,
,,,,,,,,,,,,,,,,,,,
,,,,,,,,,,,,,,,,,,,
,,,,,,,,,,,,,,,,,,,
,,,,,,,,,,,,,,,,,,,
,,,,,,,,,,,,,,,,,,,
,,,,,,,,,,,,,,,,,,,
,,,,,,,,,,,,,,,,,,,
,,,,,,,,,,,,,,,,,,,
,,,,,,,,,,,,,,,,,,,
,,,,,,,,,,,,,,,,,,,
,,,,,,,,,,,,,,,,,,,
,,,,,,,,,,,,,,,,,,,
,,,,,,,,,,,,,,,,,,,
,,,,,,,,,,,,,,,,,,,
,,,,,,,,,,,,,,,,,,,
,,,,,,,,,,,,,,,,,,,
,,,,,,,,,,,,,,,,,,,
,,,,,,,,,,,,,,,,,,,
,,,,,,,,,,,,,,,,,,,
,,,,,,,,,,,,,,,,,,,
,,,,,,,,,,,,,,,,,,,
,,,,,,,,,,,,,,,,,,,
,,,,,,,,,,,,,,,,,,,
,,,,,,,,,,,,,,,,,,,
,,,,,,,,,,,,,,,,,,,
,,,,,,,,,,,,,,,,,,,
,,,,,,,,,,,,,,,,,,,
,,,,,,,,,,,,,,,,,,,
,,,,,,,,,,,,,,,,,,,
,,,,,,,,,,,,,,,,,,,
,,,,,,,,,,,,,,,,,,,
,,,,,,,,,,,,,,,,,,,
,,,,,,,,,,,,,,,,,,,
,,,,,,,,,,,,,,,,,,,
,,,,,,,,,,,,,,,,,,,
,,,,,,,,,,,,,,,,,,,
,,,,,,,,,,,,,,,,,,,
,,,,,,,,,,,,,,,,,,,
,,,,,,,,,,,,,,,,,,,
,,,,,,,,,,,,,,,,,,,
,,,,,,,,,,,,,,,,,,,
,,,,,,,,,,,,,,,,,,,
,,,,,,,,,,,,,,,,,,,
,,,,,,,,,,,,,,,,,,,
,,,,,,,,,,,,,,,,,,,
,,,,,,,,,,,,,,,,,,,
,,,,,,,,,,,,,,,,,,,
,,,,,,,,,,,,,,,,,,,
,,,,,,,,,,,,,,,,,,,
,,,,,,,,,,,,,,,,,,,
,,,,,,,,,,,,,,,,,,,
,,,,,,,,,,,,,,,,,,,
,,,,,,,,,,,,,,,,,,,
,,,,,,,,,,,,,,,,,,,
,,,,,,,,,,,,,,,,,,,
,,,,,,,,,,,,,,,,,,,
,,,,,,,,,,,,,,,,,,,
,,,,,,,,,,,,,,,,,,,
,,,,,,,,,,,,,,,,,,,
,,,,,,,,,,,,,,,,,,,
,,,,,,,,,,,,,,,,,,,
,,,,,,,,,,,,,,,,,,,
,,,,,,,,,,,,,,,,,,,
,,,,,,,,,,,,,,,,,,,
,,,,,,,,,,,,,,,,,,,
,,,,,,,,,,,,,,,,,,,
,,,,,,,,,,,,,,,,,,,