"Name","Team","Position","Salary","Minutes","DK Points","DK Own","DK Value","Slate"
"Dontae Horne","PVA&amp;M","G","9700","39","41.74","40.75%","4.30","Wednesday"
"Boopie Miller","SMU","G","9500","38","39.49","34.42%","4.16","Wednesday"
"Peter Suder","MIAOH","G","9400","34","29.17","8.31%","3.10","Wednesday"
"Jaron Pierre Jr.","SMU","G","8000","36","31.30","34.77%","3.91","Wednesday"
"Lance Williams","PVA&amp;M","G","7800","39","22.18","7.16%","2.84","Wednesday"
"Eian Elmer","MIAOH","G/F","7600","34","26.51","37.74%","3.49","Wednesday"
"Luke Skaljac","MIAOH","G","7100","29","23.62","18.14%","3.33","Wednesday"
"B.J. Edwards","SMU","G","7100","16","15.15","0.38%","2.13","Wednesday"
"Samet Yigitoglu","SMU","F","6800","32","27.47","38.82%","4.04","Wednesday"
"Brant Byers","MIAOH","G/F","6400","32","21.47","38.01%","3.35","Wednesday"
"Jaden Toombs","SMU","F","6300","26","21.98","23.14%","3.49","Wednesday"
"Nasir Whitlock","LEH","G","6200","37","33.12","65.28%","5.34","Wednesday"
"Joshua Ingram","LEH","G","6000","37","26.98","53.49%","4.50","Wednesday"
"Antwone Woolfolk","MIAOH","F","5900","27","23.71","38.80%","4.02","Wednesday"
"Hank Alvey","LEH","F","5700","33","33.49","71.71%","5.87","Wednesday"
"Corey Washington","SMU","F","5600","29","22.07","36.57%","3.94","Wednesday"
"Cory Wells","PVA&amp;M","F","5400","38","33.39","74.42%","6.18","Wednesday"
"Corey Dunning","PVA&amp;M","F","5200","32","17.41","23.67%","3.35","Wednesday"
"Edouard Benoit","LEH","F","5200","30","22.26","48.74%","4.28","Wednesday"
"Elijah Mitchell","PVA&amp;M","G","4800","26","13.07","10.31%","2.72","Wednesday"
"Almar Atlason","MIAOH","F","4500","16","12.13","9.41%","2.70","Wednesday"
"Tai'Reon Joseph","PVA&amp;M","G","4200","14","10.33","6.58%","2.46","Wednesday"
"Jermaine O'Neal Jr.","SMU","F","4000","14","8.41","2.49%","2.10","Wednesday"
"Jalen Vazquez","LEH","G","4000","26","13.80","32.74%","3.45","Wednesday"
"Hassane Diallo","PVA&amp;M","F","3800","7","5.24","0.29%","1.38","Wednesday"
"Peter Kramer","LEH","G","3800","15","7.09","1.51%","1.87","Wednesday"
"Justin Kirby","MIAOH","G","3700","15","10.39","15.92%","2.81","Wednesday"
"Trey Perry","MIAOH","G","3500","13","9.55","16.76%","2.73","Wednesday"
"Andrew Urosevic","LEH","G","3500","15","8.47","6.80%","2.42","Wednesday"
"Sam Walters","SMU","F","3400","8","3.84","0.83%","1.13","Wednesday"
"B.J. Davis-Ray","SMU","G","3400","1","0.46","0.00%","0.13","Wednesday"
"Alfredo Addesa","LEH","F","3300","6","3.74","1.08%","1.13","Wednesday"
"Joey Madimba","PVA&amp;M","G","3100","4","3.45","0.95%","1.11","Wednesday"
"Henri Adiassa","LEH","F","3000","1","0.36","0.00%","0.12","Wednesday"
"Keeshawn Mason","PVA&amp;M","F","3000","1","0.66","0.01%","0.22","Wednesday"
"Cameron Boozer","DUKE","F","11200","33","47.09","8.32%","4.20","Thursday"
"Graham Ike","GONZ","F","10200","35","43.49","6.83%","4.26","Thursday"
"AJ Dybantsa","BYU","F","10000","39","45.82","13.99%","4.58","Thursday"
"Jeremy Fears Jr.","MSU","G","9800","34","37.11","2.74%","3.79","Thursday"
"TJ Power","PENN","F","9700","38","30.93","0.81%","3.19","Thursday"
"Dailyn Swain","TEX","G/F","9700","38","40.02","11.66%","4.13","Thursday"
"Darius Acuff Jr.","ARK","G","9500","37","41.46","7.89%","4.36","Thursday"
"Henri Veesaar","UNC","F","9400","34","37.24","9.38%","3.96","Thursday"
"Pryce Sandfort","NEB","F","9300","36","32.14","1.18%","3.46","Thursday"
"Nick Boyd","WISC","G","9200","35","37.79","7.41%","4.11","Thursday"
"Terry Anderson","HIGHP","F","9100","35","32.66","2.99%","3.59","Thursday"
"Tyler Tanner","VAND","G","9000","37","37.44","5.37%","4.16","Thursday"
"Keaton Wagler","IL","G","8900","34","35.31","4.89%","3.97","Thursday"
"Robert Wright III","BYU","G","8900","36","32.03","2.51%","3.60","Thursday"
"Yaxel Lendeborg","MICH","F","8900","29","34.54","4.93%","3.88","Thursday"
"Paulius Murauskas","STMRY","F","8800","36","34.94","5.44%","3.97","Thursday"
"Bruce Thornton","OSU","G","8600","38","35.30","6.23%","4.10","Thursday"
"Rashaun Agee","TA&amp;M","F","8600","30","32.60","2.79%","3.79","Thursday"
"Kingston Flemings","UH","G","8500","31","34.54","3.41%","4.06","Thursday"
"Trevon Brazile","ARK","F","8500","35","32.75","3.07%","3.85","Thursday"
"Bryce Harris","HOW","G","8500","35","27.86","1.70%","3.28","Thursday"
"Thomas Dowd","TROY","F","8400","39","33.07","4.14%","3.94","Thursday"
"Jaxon Kohler","MSU","F","8300","27","27.27","1.56%","3.29","Thursday"
"John Blackwell","WISC","G","8300","35","33.03","5.51%","3.98","Thursday"
"Duke Miles","VAND","G","8200","34","36.01","9.00%","4.39","Thursday"
"David Punch","TCU","F","8100","33","31.02","4.76%","3.83","Thursday"
"Ryan Conwell","UL","G","8100","36","38.78","10.77%","4.79","Thursday"
"David Mirkovic","IL","F","8000","30","30.06","4.99%","3.76","Thursday"
"Mikey Lewis","STMRY","G","8000","35","27.72","1.84%","3.46","Thursday"
"Rob Martin","HIGHP","G","7900","33","27.11","1.17%","3.43","Thursday"
"Izaiyah Nelson","USF","F","7800","26","31.64","8.30%","4.06","Thursday"
"Wes Enis","USF","G","7800","35","28.76","2.33%","3.69","Thursday"
"Cedric Taylor III","HOW","G","7800","36","28.33","6.63%","3.63","Thursday"
"Isaiah Evans","DUKE","G/F","7700","30","27.16","3.23%","3.53","Thursday"
"Meleek Thomas","ARK","G","7700","35","29.78","2.69%","3.87","Thursday"
"Joshua Dent","STMRY","G","7600","39","28.14","2.90%","3.70","Thursday"
"Billy Richmond III","ARK","G/F","7600","36","28.83","5.01%","3.79","Thursday"
"Robbie Avila","STL","F","7600","31","30.21","9.21%","3.98","Thursday"
"Nolan Winter","WISC","F","7500","28","27.52","3.37%","3.67","Thursday"
"Blue Cain","UGA","G","7500","29","26.80","1.17%","3.57","Thursday"
"Larry Johnson","MCNE","G","7400","31","30.59","7.10%","4.13","Thursday"
"Owen Aquino","HIGHP","F","7400","28","25.76","1.37%","3.48","Thursday"
"Matas Vokietaitis","TEX","F","7400","29","24.69","1.12%","3.34","Thursday"
"RJ Johnson","KENNS","G","7300","35","28.94","5.82%","3.96","Thursday"
"Aday Mara","MICH","F","7300","24","31.25","9.24%","4.28","Thursday"
"Kanon Catchings","UGA","F","7300","29","28.08","3.33%","3.85","Thursday"
"Xavier Edmonds","TCU","F","7200","27","29.85","5.95%","4.15","Thursday"
"J'Vonne Hadley","UL","G","7200","34","29.66","5.16%","4.12","Thursday"
"Morez Johnson Jr.","MICH","F","7200","26","31.11","9.63%","4.32","Thursday"
"Cam Gillus","HOW","G","7200","39","24.12","2.44%","3.35","Thursday"
"Carson Cooper","MSU","F","7100","26","24.09","1.27%","3.39","Thursday"
"Jeremiah Wilkinson","UGA","G","7100","27","26.70","2.23%","3.76","Thursday"
"Joseph Pinion","USF","G","7000","32","27.31","3.83%","3.90","Thursday"
"Isaac Johnson","HAW","F","7000","25","26.86","4.72%","3.84","Thursday"
"Damari Wheeler-Thomas","NDSU","G","6900","32","21.80","0.11%","3.16","Thursday"
"Seth Trimble","UNC","G","6900","36","27.37","8.73%","3.97","Thursday"
"Dre Bullock","HAW","G","6800","33","28.55","7.39%","4.20","Thursday"
"Frankquon Sherman","KENNS","F","6800","31","26.99","4.27%","3.97","Thursday"
"Marcus Millender","UGA","G","6800","30","25.05","1.67%","3.68","Thursday"
"John Mobley Jr.","OSU","G","6700","35","25.92","1.33%","3.87","Thursday"
"Andy Stefonowicz","NDSU","G","6700","35","20.27","0.13%","3.03","Thursday"
"Chris Cenac Jr.","UH","F","6700","26","24.64","1.28%","3.68","Thursday"
"Sam Hoiberg","NEB","G","6600","35","28.03","7.89%","4.25","Thursday"
"Cam'Ron Fletcher","HIGHP","F","6600","16","17.60","0.09%","2.67","Thursday"
"Amari McCottry","STL","G","6600","26","24.97","3.19%","3.78","Thursday"
"Devin Royal","OSU","F","6500","33","23.14","2.84%","3.56","Thursday"
"Trevian Carson","NDSU","G","6500","31","22.56","1.19%","3.47","Thursday"
"Javohn Garcia","MCNE","G","6500","33","23.28","0.74%","3.58","Thursday"
"Davis Fogle","GONZ","G","6500","23","22.25","4.34%","3.42","Thursday"
"Gavin Doty","SIENA","G","6400","38","25.34","6.51%","3.96","Thursday"
"Coen Carr","MSU","F","6400","28","21.41","1.09%","3.35","Thursday"
"Treyson Anderson","NDSU","F","6400","15","14.28","0.00%","2.23","Thursday"
"Terrence Hill Jr.","VCU","G","6400","30","26.72","6.36%","4.17","Thursday"
"Rylan Griffen","TA&amp;M","G","6400","30","22.69","1.43%","3.55","Thursday"
"Josh Omojafo","USF","G","6300","32","23.63","3.28%","3.75","Thursday"
"Noah Feddersen","NDSU","F","6300","24","18.50","0.07%","2.94","Thursday"
"Victor Valdes","TROY","F","6300","29","22.16","3.63%","3.52","Thursday"
"Kolton Mitchell","ID","G","6300","32","20.22","1.35%","3.21","Thursday"
"Tay Smith","NDSU","G","6200","24","15.21","0.00%","2.45","Thursday"
"Lazar Djokovic","VCU","F","6200","28","24.03","3.83%","3.88","Thursday"
"Joseph Tugler","UH","F","6200","24","22.19","2.70%","3.58","Thursday"
"Tyon Grant-Foster","GONZ","G","6200","23","24.00","7.71%","3.87","Thursday"
"Brendan Coyle","SIENA","F","6100","38","16.54","0.00%","2.71","Thursday"
"Brock Harding","TCU","G","6100","29","18.96","0.49%","3.11","Thursday"
"Kylan Boswell","IL","G","6100","28","23.83","1.69%","3.91","Thursday"
"Andrej Stojakovic","IL","G","6100","23","20.08","0.44%","3.29","Thursday"
"Amir Taylor","KENNS","F","6100","33","23.71","2.48%","3.89","Thursday"
"Elliot Cadeau","MICH","G","6100","27","24.55","4.89%","4.03","Thursday"
"Justice Shoats","SIENA","G","6000","39","20.13","0.73%","3.35","Thursday"
"Tyshawn Archie","MCNE","G","6000","31","25.53","10.34%","4.25","Thursday"
"Rienk Mast","NEB","F","6000","31","25.94","9.92%","4.32","Thursday"
"AJ Levine","PENN","G","6000","28","21.53","1.23%","3.59","Thursday"
"Dillan Shaw","STMRY","G/F","6000","33","21.32","3.57%","3.55","Thursday"
"Tramon Mark","TEX","G","6000","30","24.94","3.66%","4.16","Thursday"
"Emmanuel Innocenti","GONZ","F","6000","30","20.96","2.24%","3.49","Thursday"
"Ose Okojie","HOW","G","6000","31","19.93","1.68%","3.32","Thursday"
"Maliq Brown","DUKE","F","5900","25","23.99","3.30%","4.07","Thursday"
"CJ Brown","USF","G","5900","26","22.29","2.36%","3.78","Thursday"
"Jack Payne","ID","G","5900","19","10.78","0.00%","1.83","Thursday"
"Isaiah Brickner","ID","G","5900","24","17.17","1.25%","2.91","Thursday"
"Braedan Lue","KENNS","F","5900","27","21.75","1.36%","3.69","Thursday"
"Markhi Strickland","NDSU","G","5800","22","13.26","0.00%","2.29","Thursday"
"Cooper Campbell","TROY","G","5800","34","22.26","1.33%","3.84","Thursday"
"Brandon Jennings","VCU","G","5800","28","22.56","2.55%","3.89","Thursday"
"Tomislav Ivisic","IL","F","5800","25","22.41","1.29%","3.86","Thursday"
"Jackson Rasmussen","ID","F","5800","32","17.97","0.25%","3.10","Thursday"
"Jordan Pope","TEX","G","5800","33","23.85","5.56%","4.11","Thursday"
"Micah Robinson","TCU","F","5700","29","21.73","2.75%","3.81","Thursday"
"Garwey Dual","MCNE","G","5700","30","21.47","4.40%","3.77","Thursday"
"Pop Isaacs","TA&amp;M","G","5700","26","18.91","1.26%","3.32","Thursday"
"Milos Uzan","UH","G","5700","30","21.20","2.86%","3.72","Thursday"
"Somtochukwu Cyril","UGA","F","5700","23","23.33","4.70%","4.09","Thursday"
"Amare Bynum","OSU","F","5600","34","22.72","3.41%","4.06","Thursday"
"Jayden Pierre","TCU","G","5600","33","19.52","1.02%","3.49","Thursday"
"Andrew McKeever","STMRY","F","5600","18","18.25","1.16%","3.26","Thursday"
"Dion Brown","STL","G","5600","27","22.76","4.24%","4.06","Thursday"
"Francis Folefac","SIENA","F","5500","34","21.98","6.83%","4.00","Thursday"
"Marcus Hill","TA&amp;M","G","5500","22","15.71","0.38%","2.86","Thursday"
"Emanuel Sharp","UH","G","5500","29","25.71","11.48%","4.67","Thursday"
"Trey Simpson","KENNS","F","5500","29","20.73","2.69%","3.77","Thursday"
"Mario Saint-Supery","GONZ","G","5500","22","24.63","7.56%","4.48","Thursday"
"Christoph Tilly","OSU","F","5400","28","21.10","2.95%","3.91","Thursday"
"Jalen Washington","VAND","F","5400","21","20.85","3.63%","3.86","Thursday"
"Tyler Nickel","VAND","G/F","5400","30","20.87","6.31%","3.86","Thursday"
"Nyk Lewis","VCU","G","5400","28","19.59","1.95%","3.63","Thursday"
"Scotty Washington","HIGHP","G","5400","27","19.64","1.36%","3.64","Thursday"
"AK Okereke","VAND","F","5300","30","20.78","3.02%","3.92","Thursday"
"Jacolb Fredson-Cole","MCNE","G/F","5300","13","9.63","0.00%","1.82","Thursday"
"Gytis Nemeiksa","HAW","F","5300","23","16.43","0.04%","3.10","Thursday"
"Jalen Warley","GONZ","G","5300","23","19.80","1.93%","3.74","Thursday"
"Devin McGlockton","VAND","F","5200","27","22.33","9.40%","4.29","Thursday"
"Jamarques Lawrence","NEB","G","5200","31","21.29","3.28%","4.09","Thursday"
"Michael Belle","VCU","G/F","5200","26","20.01","5.29%","3.85","Thursday"
"Austin Rapp","WISC","F","5200","24","20.54","2.39%","3.95","Thursday"
"Quentin Jones","STL","G","5200","26","20.42","3.08%","3.93","Thursday"
"Cayden Boozer","DUKE","G","5100","32","24.09","12.78%","4.72","Thursday"
"Malique Ewin","ARK","F","5100","22","22.02","5.51%","4.32","Thursday"
"Kellen Thames","STL","G","5100","16","18.26","3.08%","3.58","Thursday"
"Liutauras Lelevicius","TCU","G","5000","24","14.19","0.13%","2.84","Thursday"
"Jarin Stevenson","UNC","F","5000","34","24.31","17.13%","4.86","Thursday"
"Michael Zanoni","PENN","G/F","5000","33","16.95","0.69%","3.39","Thursday"
"Harry Rouhliadeff","HAW","F","5000","29","20.70","11.12%","4.14","Thursday"
"D.J. Wagner","ARK","G","5000","16","10.10","0.00%","2.02","Thursday"
"Alex Cotton","HOW","G","5000","34","16.78","0.76%","3.36","Thursday"
"Dame Sarr","DUKE","G/F","4900","30","20.03","8.39%","4.09","Thursday"
"Adrian Wooley","UL","G","4900","33","28.11","15.60%","5.74","Thursday"
"Jerrell Bellamy","TROY","F","4900","23","16.99","0.64%","3.47","Thursday"
"Luka Bogavac","UNC","G","4900","26","18.34","2.16%","3.74","Thursday"
"Brody Rowbury","ID","F","4900","24","13.32","0.09%","2.72","Thursday"
"Riley Mulvey","SIENA","F","4800","35","18.81","4.91%","3.92","Thursday"
"Sananda Fru","UL","F","4800","18","18.65","1.93%","3.88","Thursday"
"Derek Dixon","UNC","G","4800","32","20.97","6.33%","4.37","Thursday"
"Trey Green","STL","G","4800","26","21.29","8.07%","4.43","Thursday"
"Nikolas Khamenia","DUKE","G/F","4700","29","18.68","10.63%","3.97","Thursday"
"Isaac McKneely","UL","G","4700","34","22.70","7.98%","4.83","Thursday"
"Theo Seng","TROY","F","4700","20","13.43","0.24%","2.86","Thursday"
"Braden Frager","NEB","F","4700","20","16.44","2.04%","3.50","Thursday"
"Keba Keita","BYU","F","4700","27","23.14","18.51%","4.92","Thursday"
"Jaden Harris","KENNS","G","4700","23","11.63","0.00%","2.47","Thursday"
"Tanner Toolson","TCU","G","4600","23","15.40","0.53%","3.35","Thursday"
"Gavin Hightower","USF","G","4600","13","11.12","0.03%","2.42","Thursday"
"Jordan Scott","MSU","F","4600","26","18.16","4.41%","3.95","Thursday"
"Ruben Dominguez","TA&amp;M","G","4600","19","11.96","0.00%","2.60","Thursday"
"Aleksas Bieliauskas","WISC","F","4600","26","17.22","2.09%","3.74","Thursday"
"Barry Evans","VCU","F","4500","28","18.65","6.19%","4.14","Thursday"
"Tyrell Ward","VCU","G","4500","12","8.43","0.00%","1.87","Thursday"
"Cam Thrower","PENN","G","4500","27","14.85","0.14%","3.30","Thursday"
"Harry Wessels","STMRY","F","4500","22","18.50","3.22%","4.11","Thursday"
"Hunter Erickson","HAW","G","4500","33","20.76","10.06%","4.61","Thursday"
"Kur Teng","MSU","G","4400","22","15.81","1.09%","3.59","Thursday"
"Cobi Campbell","TROY","G","4400","28","13.64","0.42%","3.10","Thursday"
"Ben Humrichous","IL","F","4400","22","15.02","0.81%","3.41","Thursday"
"Ishan Sharma","STL","F","4400","24","17.04","3.44%","3.87","Thursday"
"Jordan Ross","UGA","G","4400","20","13.19","0.00%","3.00","Thursday"
"Berke Buyuktuncel","NEB","F","4300","22","17.09","3.85%","3.98","Thursday"
"Zvonimir Ivisic","IL","F","4300","16","18.09","5.73%","4.21","Thursday"
"Conrad Martinez","HIGHP","G","4300","12","8.67","0.00%","2.02","Thursday"
"Adam Miller","GONZ","G","4300","24","15.50","0.37%","3.60","Thursday"
"Kaden Rickard","KENNS","G","4300","21","12.96","0.07%","3.01","Thursday"
"Cale Jacobsen","NEB","G","4200","20","12.62","0.04%","3.01","Thursday"
"Zach Clemence","TA&amp;M","F","4200","23","17.31","5.39%","4.12","Thursday"
"Braden Hausen","HIGHP","F","4200","21","13.96","0.41%","3.32","Thursday"
"Braeden Carrington","WISC","G","4200","20","16.57","1.65%","3.95","Thursday"
"Braeden Smith","GONZ","G","4200","16","13.70","0.16%","3.26","Thursday"
"Isaiah Jones","USF","F","4100","22","15.52","3.46%","3.78","Thursday"
"Emil Skytta","NDSU","G","4100","13","6.61","0.00%","1.61","Thursday"
"DJ Richards Jr.","MCNE","G","4100","21","12.24","0.03%","2.99","Thursday"
"Lucas Lueth","PENN","F","4100","24","12.70","0.16%","3.10","Thursday"
"Biko Johnson","ID","G","4100","26","16.48","2.96%","4.02","Thursday"
"Kennard Davis Jr.","BYU","G","4100","34","18.68","8.38%","4.56","Thursday"
"Nic Codie","TEX","F","4100","20","11.76","0.47%","2.87","Thursday"
"Yanis Ndjonga","MCNE","F","4000","15","10.95","0.00%","2.74","Thursday"
"Jadrian Tracey","VCU","G","4000","20","16.12","2.36%","4.03","Thursday"
"Jay Jones","PENN","G","4000","14","8.32","0.03%","2.08","Thursday"
"Ali Dibba","TA&amp;M","G","4000","21","14.99","1.26%","3.75","Thursday"
"Isaac Finlinson","HAW","F","4000","28","18.22","10.97%","4.56","Thursday"
"Trey McKenney","MICH","G","4000","26","19.47","13.66%","4.87","Thursday"
"Christian Jones","SIENA","G","3900","9","4.81","0.00%","1.23","Thursday"
"Cam Ward","MSU","F","3900","18","14.45","0.96%","3.71","Thursday"
"Augustus Gerhart","PENN","F","3900","24","15.22","1.74%","3.90","Thursday"
"Jacari Lane","TA&amp;M","G","3900","10","6.27","0.00%","1.61","Thursday"
"Seth Joba","ID","F","3900","17","9.81","0.00%","2.51","Thursday"
"Jerrell Colbert","MCNE","F","3800","16","11.40","0.81%","3.00","Thursday"
"Jake Davis","IL","F","3800","22","13.16","1.16%","3.46","Thursday"
"Mercy Miller","UH","G","3800","19","16.22","3.83%","4.27","Thursday"
"Andrew Rohde","WISC","G","3800","24","14.13","1.67%","3.72","Thursday"
"Chendall Weaver","TEX","G","3800","18","10.72","0.12%","2.82","Thursday"
"Roddy Gayle Jr.","MICH","G","3800","22","17.47","9.87%","4.60","Thursday"
"Dylan James","UGA","F","3800","8","6.42","0.00%","1.69","Thursday"
"Isaiah Henderson","SIENA","F","3700","7","2.44","0.00%","0.66","Thursday"
"Brandon Noel","OSU","F","3700","6","3.95","0.00%","1.07","Thursday"
"Khani Rooths","UL","F","3700","9","8.26","0.00%","2.23","Thursday"
"Trevon Blassingame","ID","G","3700","19","8.64","0.00%","2.33","Thursday"
"Peitok Machar","MCNE","F","3600","10","7.42","0.00%","2.06","Thursday"
"Austin Cross","TROY","G","3600","15","6.09","0.00%","1.69","Thursday"
"Nick Pringle","ARK","F","3600","19","11.55","0.24%","3.21","Thursday"
"Isaiah Kerr","HAW","G","3600","23","13.11","1.00%","3.64","Thursday"
"Camden Heide","TEX","F","3600","21","10.45","0.19%","2.90","Thursday"
"Kareem Stagg","UGA","F","3600","18","13.49","1.93%","3.75","Thursday"
"Trey Fort","MSU","G","3500","9","5.83","0.00%","1.67","Thursday"
"Chandler Bing","VAND","G/F","3500","20","9.27","0.00%","2.65","Thursday"
"Kyan Evans","UNC","G","3500","7","4.06","0.00%","1.16","Thursday"
"Dalton Scantlebury","PENN","F","3500","12","9.87","0.00%","2.82","Thursday"
"Chase McCarty","UH","F","3500","17","13.31","4.76%","3.80","Thursday"
"Simeon Wilcher","TEX","G","3500","11","7.08","0.09%","2.02","Thursday"
"Paul Otieno","STL","F","3500","11","9.43","0.37%","2.69","Thursday"
"Taison Chatman","OSU","G","3400","10","6.29","0.00%","1.85","Thursday"
"Aly Khalifa","UL","F","3400","10","9.31","0.00%","2.74","Thursday"
"Kerrington Kiel","TROY","F","3400","12","7.88","0.09%","2.32","Thursday"
"Mantas Juzenas","STMRY","G/F","3400","3","2.44","0.00%","0.72","Thursday"
"Chase Johnston","HIGHP","G","3400","17","11.93","0.54%","3.51","Thursday"
"Nimari Burnett","MICH","G","3400","21","16.87","13.43%","4.96","Thursday"
"Travelle Bryson","HOW","F","3400","9","5.72","0.03%","1.68","Thursday"
"Brady Dunlap","STL","F","3400","13","8.50","0.37%","2.50","Thursday"
"Zayden High","UNC","F","3300","11","11.00","1.38%","3.33","Thursday"
"Jonathan Powell","UNC","G/F","3300","11","7.00","0.06%","2.12","Thursday"
"Josh Holloway","TA&amp;M","G","3300","13","8.69","0.01%","2.63","Thursday"
"Miles Klapper","ID","G","3300","7","3.63","0.00%","1.10","Thursday"
"Yacine Toumi","HAW","F","3300","6","4.82","0.00%","1.46","Thursday"
"Aleksej Kostic","BYU","G","3300","17","9.80","0.13%","2.97","Thursday"
"Justin Abson","UGA","F","3300","8","7.94","0.00%","2.40","Thursday"
"Gabe Cupps","OSU","G","3200","7","2.84","0.00%","0.89","Thursday"
"Vangelis Zougris","UL","F","3200","13","10.29","0.14%","3.21","Thursday"
"Kobe Rodgers","UL","G","3200","13","9.98","0.01%","3.12","Thursday"
"Jared Garcia","NEB","F","3200","5","4.47","0.00%","1.40","Thursday"
"Kalifa Sakho","UH","F","3200","13","8.00","0.00%","2.50","Thursday"
"Dominique Diomande","BYU","F","3200","15","10.50","0.65%","3.28","Thursday"
"Danas Kazakevicius","HOW","F","3200","6","2.84","0.00%","0.89","Thursday"
"Will Tschetter","MICH","F","3200","20","11.61","2.11%","3.63","Thursday"
"Darren Harris","DUKE","G/F","3100","17","10.43","0.75%","3.37","Thursday"
"Ivan Njegovan","OSU","F","3100","7","5.14","0.00%","1.66","Thursday"
"Daimion Collins","USF","F","3100","14","11.08","0.76%","3.57","Thursday"
"Rory Hawke","STMRY","G","3100","9","3.66","0.00%","1.18","Thursday"
"Youssouf Singare","HIGHP","F","3100","11","6.49","0.00%","2.09","Thursday"
"Hayden Jones","WISC","G","3100","5","2.71","0.00%","0.87","Thursday"
"Mihailo Boskovic","BYU","F","3100","5","3.05","0.00%","0.98","Thursday"
"Calvin Robins Jr.","HOW","F","3100","2","1.01","0.00%","0.33","Thursday"
"Jake Wilkins","UGA","F","3100","5","4.53","0.00%","1.46","Thursday"
"Justin Bailey","UGA","G","3100","3","1.85","0.00%","0.60","Thursday"
"Cameron Sheffield","DUKE","G/F","3000","2","0.94","0.00%","0.31","Thursday"
"Jack Scott","DUKE","G/F","3000","2","1.70","0.00%","0.57","Thursday"
"Vianney Salatchoum","TCU","F","3000","2","1.14","0.00%","0.38","Thursday"
"Colin White","OSU","F","3000","2","0.76","0.00%","0.25","Thursday"
"Jesse McCulloch","MSU","F","3000","2","1.45","0.00%","0.48","Thursday"
"Max Majerle","NDSU","G","3000","1","0.43","0.00%","0.14","Thursday"
"Carson Smith","NDSU","G","3000","1","0.45","0.00%","0.15","Thursday"
"Denham Wojcik","MSU","G","3000","8","4.25","0.00%","1.42","Thursday"
"Riley Massey","NDSU","G","3000","2","0.87","0.00%","0.29","Thursday"
"Jayden Leverett","VAND","F","3000","1","0.77","0.00%","0.26","Thursday"
"Jaydon Young","UNC","G","3000","9","4.95","0.00%","1.65","Thursday"
"Jamie Vinson","TA&amp;M","F","3000","3","3.41","0.00%","1.14","Thursday"
"Federiko Federiko","TA&amp;M","F","3000","3","2.03","0.00%","0.68","Thursday"
"Liam Campbell","STMRY","G","3000","5","2.76","0.00%","0.92","Thursday"
"Cedric Lath","UH","F","3000","1","0.43","0.00%","0.14","Thursday"
"Ramon Walker Jr.","UH","G","3000","2","1.24","0.00%","0.41","Thursday"
"Isiah Harwell","UH","G","3000","8","5.32","0.00%","1.77","Thursday"
"Will Garlock","WISC","F","3000","3","1.68","0.00%","0.56","Thursday"
"Khadim Mboup","BYU","F","3000","17","10.08","1.05%","3.36","Thursday"
"Abdullah Ahmed","BYU","F","3000","8","4.91","0.00%","1.64","Thursday"
"Tyler Mrus","BYU","F","3000","2","0.97","0.00%","0.32","Thursday"
"Perry Smith Jr.","KENNS","F","3000","1","0.54","0.00%","0.18","Thursday"
"Ismaila Diagne","GONZ","F","3000","4","3.40","0.00%","1.13","Thursday"
"Winters Grady","MICH","G/F","3000","1","0.93","0.00%","0.31","Thursday"
"Isaiah Brown","HOW","G","3000","8","3.60","0.00%","1.20","Thursday"
"Oscar Goodman","MICH","F","3000","3","2.12","0.00%","0.71","Thursday"
