PLAYERID,PLAYER,PARTNERID,POS,TEAM,OPP,TEAMNAME,STATUS,SPREAD,O/U,TOTAL,MINUTES,PTS,REB,AST,3PM,TO,STL,BLK,P-A,P-R,P-R-A,B-S,R-A,UD,PP,FPTS,RANGE,FLOOR,CEIL,POWN,SCHEDULE_ID,CORE_ID,CORETEAMID,REFID,OWNERSHIP
1193615,"Rashaun Agee",1193615,F,TA&M,UH,"Texas A&M",ACTIVE,-10.5,143.5,66.5,31,13.34,9.51,2.68,0.84,1.98,0.81,0.79,16.02,22.85,25.53,1.6,12.19,31.57,31.57,32.37,32M,19.14,45.6,0.0001,12078230,92653,87955,1,
1481728,"Ben Humrichous",1481728,F,IL,VCU,Illinois,ACTIVE,11.5,150.5,81,21,5.65,3.76,0.65,1.52,0.27,0.46,0.48,6.3,9.41,10.06,0.94,4.41,13.68,13.68,13.83,22M,5.74,21.92,0,12078220,289247,5430,2,35
1409680,"Obinnaya Okafor",1409680,F,VCU,IL,"Virginia Commonwealth","O(Undisclosed - 01/09/2026)",-11.5,150.5,69.5,0,0,0,0,0,0,0,0,0,0,0,0,0,0,0,0,0,0,0,0,12078220,245696,5430,3,35
1408140,"Jacari Lane",1408140,G,TA&M,UH,"Texas A&M",ACTIVE,-10.5,143.5,66.5,5,1.21,0.44,0.65,0.16,0.34,0.14,0.01,1.86,1.65,2.3,0.15,1.09,2.83,2.83,2.95,10M,0,6.35,0,12078230,247219,87955,4,35
1528470,"Jesse McCulloch",1528470,F,MSU,UL,"Michigan State",ACTIVE,5.5,151.5,78.5,0,0,0,0,0,0,0,0,0,0,0,0,0,0,0,0,0,0,0,0,12076410,505258,5465,5,35
1418041,"Mason Nicholson",1418041,C,VAND,NEB,Vanderbilt,ACTIVE,-1.5,146.5,74,0,0,0,0,0,0,0,0,0,0,0,0,0,0,0,0,0,0,0,0,12076340,247222,5485,6,35
1528471,"Brennan Walton",1528471,F,MSU,UL,"Michigan State",ACTIVE,5.5,151.5,78.5,0,0,0,0,0,0,0,0,0,0,0,0,0,0,0,0,0,0,0,0,12076410,505309,5465,7,35
1636194,"Neiko Mundey",1636194,G,TA&M,UH,TA&M,ACTIVE,0,0,0,0,0,0,0,0,0,0,0,0,0,0,0,0,0,0,0,0,0,0,0,0,681529,0,8,35
1618341,"Dorian Grosber",1618341,G,HIGHP,ARK,"High Point",ACTIVE,-12.5,169.5,78.5,0,0,0,0,0,0,0,0,0,0,0,0,0,0,0,0,0,0,0,0,12076400,663469,5347,9,35
1528472,"Colin Walton",1528472,F,MSU,UL,"Michigan State",ACTIVE,5.5,151.5,78.5,0,0,0,0,0,0,0,0,0,0,0,0,0,0,0,0,0,0,0,0,12076410,505308,5465,10,35
1408253,"Roddy Gayle",1408253,G,MICH,STL,Michigan,ACTIVE,12.5,161.5,87,22,7.83,3.71,1.31,0.59,1.65,1.17,0.41,9.14,11.54,12.85,1.58,5.02,17.35,17.35,17.08,24M,7.46,26.7,0,12078240,244785,8396,11,35
1408154,"Connor Essegian",1408154,G,NEB,VAND,Nebraska,"O(Ankle - 11/29/2025)",1.5,146.5,72.5,0,0,0,0,0,0,0,0,0,0,0,0,0,0,0,0,0,0,0,0,12076340,244783,5485,12,35
1519133,"Darren Harris",1519133,G,DUKE,TCU,Duke,ACTIVE,12.5,139.5,76,4,1.25,0.37,0.13,0.21,0.12,0.13,0.01,1.38,1.62,1.75,0.14,0.5,2.19,2.19,2.23,5M,0,6.25,0,12076310,458068,5396,13,35
1324181,"Zach Clemence",1324181,F,TA&M,UH,"Texas A&M",ACTIVE,-10.5,143.5,66.5,21,7.51,3.6,0.87,1.18,1.11,0.59,0.57,8.38,11.11,11.98,1.16,4.47,15.49,15.49,15.66,22M,6.5,24.82,0,12078230,179660,87955,14,35
1459591,"Jacob McFarland",1459591,C,UH,TA&M,Houston,ACTIVE,10.5,143.5,77,0,0,0,0,0,0,0,0,0,0,0,0,0,0,0,0,0,0,0,0,12078230,281798,87955,15,35
1324082,"Ramon Walker",1324082,G,UH,TA&M,Houston,ACTIVE,10.5,143.5,77,1,0.25,0.15,0.05,0.04,0.04,0.02,0.01,0.3,0.4,0.45,0.03,0.2,0.55,0.55,0.57,5M,0,1.6,0,12078230,180726,87955,16,35
1546381,"Anthon McDermott",1546381,G,TEX,GONZ,Texas,ACTIVE,-6.5,146.5,70,0,0,0,0,0,0,0,0,0,0,0,0,0,0,0,0,0,0,0,0,12078250,504442,5422,17,35
1538351,"Brandon Jennings",1538351,G,VCU,IL,"Virginia Commonwealth",ACTIVE,-11.5,150.5,69.5,27,7.65,4.12,2.29,0.87,1.08,1.75,0.93,9.94,11.77,14.06,2.68,6.41,22.99,22.99,21.5,28M,10.9,32.1,0,12078220,458085,5430,18,35
1605990,"Lewis Obiorah",1605990,C,TEX,GONZ,Texas,ACTIVE,-6.5,146.5,70,0,0,0,0,0,0,0,0,0,0,0,0,0,0,0,0,0,0,0,0,12078250,654425,5422,19,35
1405042,"Jalen Washington",1405042,F,VAND,NEB,Vanderbilt,ACTIVE,-1.5,146.5,74,21,7.36,6.33,0.67,0.29,1.14,0.33,1.17,8.03,13.69,14.36,1.5,7,19.32,19.32,18.91,22M,7.85,29.97,0,12076340,245552,5485,20,35
1618684,"Davis Fogle",1618684,G,GONZ,TEX,Gonzaga,ACTIVE,6.5,146.5,76.5,25,10.84,4.38,1.93,0.64,0.9,0.8,0.85,12.77,15.22,17.15,1.65,6.31,23.04,23.04,22.39,26M,10.74,34.04,0,12078250,665886,5422,21,35
1408265,"Christian Fermin",1408265,C,VCU,IL,"Virginia Commonwealth","O(Personal - 11/22/2025)",-11.5,150.5,69.5,0,0,0,0,0,0,0,0,0,0,0,0,0,0,0,0,0,0,0,0,12078220,245621,5430,22,35
1413172,"Kylan Boswell",1413172,G,IL,VCU,Illinois,ACTIVE,11.5,150.5,81,23,9.52,3.06,2.12,0.82,1.14,0.64,0.02,11.64,12.58,14.7,0.66,5.18,17.21,17.21,17.68,24M,7.72,27.64,0,12078220,244871,5430,23,35
1408464,"Kellen Thames",1408464,G,STL,MICH,"Saint Louis",ACTIVE,-12.5,161.5,74.5,17.5,8.44,4.17,1.45,0.16,1.34,1,0.13,9.89,12.61,14.06,1.13,5.62,17.68,17.68,17.51,18M,4.9,30.12,0,12078240,245737,8396,24,35
1408167,"Pop Isaacs",1408167,G,TA&M,UH,"Texas A&M",ACTIVE,-10.5,143.5,66.5,27,8.98,3.49,2.89,1.68,2.13,0.71,0.07,11.87,12.47,15.36,0.78,6.38,17.71,17.71,19.01,28M,9.64,28.38,0,12078230,245091,87955,25,35
1519135,"Patrick Ngongba",1519135,C,DUKE,TCU,Duke,ACTIVE,12.5,139.5,76,4,4.17,4.14,0.72,0.25,0.25,0.1,0.26,4.89,8.31,9.03,0.36,4.86,11.04,11.04,11.14,5M,11.14,11.14,0,12076310,458142,5396,26,35
1528486,"Justin Bolis",1528486,F,NEB,VAND,Nebraska,ACTIVE,1.5,146.5,72.5,0,0,0,0,0,0,0,0,0,0,0,0,0,0,0,0,0,0,0,0,12076340,455360,5485,27,35
1408135,"Maliq Brown",1408135,F,DUKE,TCU,Duke,ACTIVE,12.5,139.5,76,26,5.41,6.12,2.04,0.23,1.64,2.12,0.92,7.45,11.53,13.57,3.04,8.16,23.31,23.31,21.54,28M,11.48,31.6,0,12076310,245467,5396,28,35
1618686,"Alonzo Metz",1618686,G,GONZ,TEX,Gonzaga,ACTIVE,6.5,146.5,76.5,0,0,0,0,0,0,0,0,0,0,0,0,0,0,0,0,0,0,0,0,12078250,665888,5422,29,35
1235095,"Jadrian Tracey",1235095,F,VCU,IL,"Virginia Commonwealth",ACTIVE,-11.5,150.5,69.5,19,7.55,2.16,1.2,1.55,1.07,0.49,0.28,8.75,9.71,10.91,0.77,3.36,13.2,13.2,13.85,20M,5.49,22.21,0,12078220,149950,5430,30,35
1524582,"Kur Teng",1524582,G,MSU,UL,"Michigan State",ACTIVE,5.5,151.5,78.5,23,9.31,2.39,1.27,2.41,1.17,0.31,0.03,10.58,11.7,12.97,0.34,3.66,13.95,13.95,15.52,24M,6.78,24.26,0,12076410,505302,5465,31,35
1416331,"Isaac Holmes",1416331,G,STL,MICH,"Saint Louis",ACTIVE,-12.5,161.5,74.5,0,0,0,0,0,0,0,0,0,0,0,0,0,0,0,0,0,0,0,0,12078240,244891,8396,32,35
1413196,"Braden Huff",1413196,F,GONZ,TEX,Gonzaga,"O(Knee - 01/15/2026)",6.5,146.5,76.5,0,0,0,0,0,0,0,0,0,0,0,0,0,0,0,0,0,0,0,0,12078250,246050,5422,33,35
1601153,"Cam Ward",1601153,F,MSU,UL,"Michigan State",ACTIVE,5.5,151.5,78.5,15,4.77,3.75,0.26,0.03,0.79,0.48,0.95,5.03,8.52,8.78,1.43,4.01,13.16,13.16,12.33,16M,3.23,21.43,0,12076410,652190,5465,34,35
1408213,"Kalu Anya",1408213,F,STL,MICH,"Saint Louis",ACTIVE,-12.5,161.5,74.5,0,0,0,0,0,0,0,0,0,0,0,0,0,0,0,0,0,0,0,0,12078240,246897,8396,35,35
1409203,"Terry Anderson",1409203,F,HIGHP,ARK,"High Point",ACTIVE,-12.5,169.5,78.5,34,17,7.91,2.27,0.51,2.18,1.78,0.67,19.27,24.91,27.18,2.45,10.18,35.06,35.06,34.7,36M,21.4,48,0,12076400,245572,5347,36,35
1618687,"Mario Saint-Supery",1618687,G,GONZ,TEX,Gonzaga,ACTIVE,6.5,146.5,76.5,27,9.38,3.01,3.29,1.96,1.66,1.17,0.23,12.67,12.39,15.68,1.4,6.3,20.49,20.49,21.05,28M,10.67,31.43,0,12078250,669765,5422,37,35
1519357,"Chase McCarty",1519357,F,UH,TA&M,Houston,ACTIVE,10.5,143.5,77,15.5,5.34,3.22,0.21,1.09,0.43,0.36,0.39,5.55,8.56,8.77,0.75,3.43,11.34,11.34,11.51,16M,3.01,20.01,0,12078230,455388,87955,38,35
1404980,"Cale Jacobsen",1404980,G,NEB,VAND,Nebraska,ACTIVE,1.5,146.5,72.5,20,5.11,2.6,0.98,0.53,0.72,0.93,0.32,6.09,7.71,8.69,1.25,3.58,12.73,12.73,12.23,22M,4.73,19.73,0,12076340,244795,5485,39,35
1459595,"Kordelius Jefferson",1459595,G,UH,TA&M,Houston,"O(Knee - 01/10/2026)",10.5,143.5,77,0,0,0,0,0,0,0,0,0,0,0,0,0,0,0,0,0,0,0,0,12078230,281789,87955,40,35
1405376,"Camden Heide",1405376,F,TEX,GONZ,Texas,ACTIVE,-6.5,146.5,70,20,3.93,2.21,0.45,1.03,0.41,0.25,0.11,4.38,6.14,6.59,0.36,2.66,7.94,7.94,8.41,22M,3.49,13.33,0,12078250,244790,5422,41,35
1601154,"Jordan Scott",1601154,F,MSU,UL,"Michigan State",ACTIVE,5.5,151.5,78.5,28,8.37,3.3,1.6,1.84,1.32,1.21,0.87,9.97,11.67,13.27,2.08,4.9,19.62,19.62,19.3,30M,10.8,27.8,0,12076410,652159,5465,42,35
1406014,"Miles Keeffe",1406014,G,VAND,NEB,Vanderbilt,ACTIVE,-1.5,146.5,74,0,0,0,0,0,0,0,0,0,0,0,0,0,0,0,0,0,0,0,0,12076340,244985,5485,43,35
1405046,"Tyler Nickel",1405046,F,VAND,NEB,Vanderbilt,ACTIVE,-1.5,146.5,74,33,11.15,4.02,1.06,2.77,1.08,0.66,0.45,12.21,15.17,16.23,1.11,5.08,19.82,19.82,20.84,34M,12.53,29.15,0,12076340,245530,5485,44,35
1487370,"Emmanuel Innocenti",1487370,F,GONZ,TEX,Gonzaga,ACTIVE,6.5,146.5,76.5,34,7.78,5.28,1.99,0.84,0.46,1.42,0.6,9.77,13.06,15.05,2.02,7.27,22.72,22.72,21.64,36M,13.34,29.94,0,12078250,291702,5422,45,35
1605235,"Caden Miller",1605235,F,HIGHP,ARK,"High Point",ACTIVE,-12.5,169.5,78.5,0,0,0,0,0,0,0,0,0,0,0,0,0,0,0,0,0,0,0,0,12076400,655268,5347,46,35
1408137,"Ugnius Jarusevicius",1408137,F,NEB,VAND,Nebraska,"O(Back - 02/13/2026)",1.5,146.5,72.5,0,0,0,0,0,0,0,0,0,0,0,0,0,0,0,0,0,0,0,0,12076340,246503,5485,47,35
1618688,"Parker Jefferson",1618688,F,GONZ,TEX,Gonzaga,ACTIVE,6.5,146.5,76.5,0,0,0,0,0,0,0,0,0,0,0,0,0,0,0,0,0,0,0,0,12078250,665887,5422,48,35
1519358,"Mercy Miller",1519358,G,UH,TA&M,Houston,ACTIVE,10.5,143.5,77,20,7.93,3.52,0.52,0.86,0.9,0.95,0.28,8.45,11.45,11.97,1.23,4.04,15.7,15.7,15.53,22M,6.01,25.05,0,12078230,505510,87955,49,35
1404981,"Henry Burt",1404981,F,NEB,VAND,Nebraska,"O(Knee - 01/09/2026)",1.5,146.5,72.5,0,0,0,0,0,0,0,0,0,0,0,0,0,0,0,0,0,0,0,0,12076340,244777,5485,50,35
1324153,"Michael James",1324153,G,VAND,NEB,Vanderbilt,ACTIVE,-1.5,146.5,74,0,0,0,0,0,0,0,0,0,0,0,0,0,0,0,0,0,0,0,0,12076340,179015,5485,51,35
1413220,"Jaxon Kohler",1413220,F,MSU,UL,"Michigan State",ACTIVE,5.5,151.5,78.5,29.5,13,9.66,1.44,1.7,1.41,0.58,0.73,14.44,22.66,24.1,1.31,11.1,29.27,29.27,30.51,30M,17.07,43.95,0,12076410,244799,5465,52,35
1402594,"Spencer Legg",1402594,F,UL,MSU,Louisville,ACTIVE,-5.5,151.5,73,0,0,0,0,0,0,0,0,0,0,0,0,0,0,0,0,0,0,0,0,12076410,246513,5465,53,35
1459596,"Joseph Tugler",1459596,F,UH,TA&M,Houston,ACTIVE,10.5,143.5,77,27,10.09,5.77,1.33,0.02,1.63,1.03,1.69,11.42,15.86,17.19,2.72,7.1,25.53,25.53,23.99,28M,12.78,35.2,0,12078230,281814,87955,54,35
1406763,"Federiko Federiko",1406763,C,TA&M,UH,"Texas A&M",ACTIVE,-10.5,143.5,66.5,0,0,0,0,0,0,0,0,0,0,0,0,0,0,0,0,0,0,0,0,12078230,245486,87955,55,35
1405553,"Ifeanyi Ufochukwu",1405553,C,DUKE,TCU,Duke,"O(Undisclosed - 03/14/2026)",12.5,139.5,76,0,0,0,0,0,0,0,0,0,0,0,0,0,0,0,0,0,0,0,0,12076310,246422,5396,56,35
1326056,"Devin McGlockton",1326056,F,VAND,NEB,Vanderbilt,ACTIVE,-1.5,146.5,74,28,8.43,8.5,1.16,0.92,1.35,0.27,0.73,9.59,16.93,18.09,1,9.66,22.03,22.03,22.82,30M,12.76,32.88,0,12076340,179338,5485,57,35
1406026,"Isaac McKneely",1406026,G,UL,MSU,Louisville,ACTIVE,-5.5,151.5,73,34,11.83,3.32,2.09,3.11,1.15,0.67,0.02,13.92,15.15,17.24,0.69,5.41,19.87,19.87,21.48,36M,13.02,29.94,0,12076410,245520,5465,58,35
1529017,"Amari McCottry",1529017,G,STL,MICH,"Saint Louis",ACTIVE,-12.5,161.5,74.5,26,9.82,5.78,2.9,0.5,2.37,1.16,0.61,12.72,15.6,18.5,1.77,8.68,24.04,24.04,24.06,28M,12.2,35.92,0,12078240,458120,8396,59,35
1589781,"Brandon Lee",1589781,G,IL,VCU,Illinois,ACTIVE,11.5,150.5,81,0,0,0,0,0,0,0,0,0,0,0,0,0,0,0,0,0,0,0,0,12078220,652076,5430,60,35
1418633,"Cole Sherman",1418633,G,UL,MSU,Louisville,ACTIVE,-5.5,151.5,73,0,0,0,0,0,0,0,0,0,0,0,0,0,0,0,0,0,0,0,0,12076410,246934,5465,61,35
1535156,"Adrian Wooley",1535156,G,UL,MSU,Louisville,ACTIVE,-5.5,151.5,73,32,10.35,5.08,2.68,1.55,1.88,0.73,0.02,13.03,15.43,18.11,0.75,7.76,20.86,20.86,22.1,34M,13.02,31.18,0,12076410,458240,5465,62,35
1241390,"Kasean Pryor",1241390,G,UL,MSU,Louisville,ACTIVE,-5.5,151.5,73,0,0,0,0,0,0,0,0,0,0,0,0,0,0,0,0,0,0,0,0,12076410,149672,5465,63,35
1427004,"AK Okereke",1427004,F,VAND,NEB,Vanderbilt,ACTIVE,-1.5,146.5,74,26,8.55,4.3,2.25,1.29,1.22,0.45,0.68,10.8,12.85,15.1,1.13,6.55,19.25,19.25,19.6,28M,10.44,28.76,0,12076340,252706,5485,64,35
1589782,"David Mirkovic",1589782,F,IL,VCU,Illinois,ACTIVE,11.5,150.5,81,33,15.99,8.04,2.73,1.87,2.18,0.46,0.29,18.72,24.03,26.76,0.75,10.77,29.82,29.82,31.84,34M,19.15,44.53,0,12078220,652101,5430,65,35
1519129,"Isaiah Evans",1519129,G,DUKE,TCU,Duke,ACTIVE,12.5,139.5,76,32,15.5,2.81,1.75,3.33,1.51,0.66,0.51,17.25,18.31,20.06,1.17,4.56,23.51,23.51,24.9,34M,14.67,35.13,0,12076310,458040,5396,66,35
1324363,"Will Tschetter",1324363,F,MICH,STL,Michigan,ACTIVE,12.5,161.5,87,13,2.9,1.78,0.54,0.72,0.44,0.15,0.13,3.44,4.68,5.22,0.28,2.32,6.25,6.25,6.64,14M,1.21,12.07,0,12078240,180317,8396,67,35
1423352,"Charlie May",1423352,G,MICH,STL,Michigan,"O(Thumb - 01/06/2026)",12.5,161.5,87,0,0,0,0,0,0,0,0,0,0,0,0,0,0,0,0,0,0,0,0,12078240,250210,8396,68,35
1522584,"Micah Robinson",1522584,F,TCU,DUKE,TCU,ACTIVE,-12.5,139.5,63.5,30,9.86,4.42,1.31,1.48,1.6,1.2,0.21,11.17,14.28,15.59,1.41,5.73,19.78,19.78,20.14,32M,11.91,28.37,0,12076310,455402,5396,69,35
1413222,"Carson Cooper",1413222,C,MSU,UL,"Michigan State",ACTIVE,5.5,151.5,78.5,28.5,11.75,7.31,1.31,0.07,1.62,0.65,1.33,13.06,19.06,20.37,1.98,8.62,26.82,26.82,26.24,30M,26.24,26.24,0,12076410,244782,5465,70,35
1524333,"Cade Orness",1524333,G,GONZ,TEX,Gonzaga,ACTIVE,6.5,146.5,76.5,0,0,0,0,0,0,0,0,0,0,0,0,0,0,0,0,0,0,0,0,12078250,459331,5422,71,35
1405995,"Noah Shelby",1405995,G,TA&M,UH,"Texas A&M",ACTIVE,-10.5,143.5,66.5,0,0,0,0,0,0,0,0,0,0,0,0,0,0,0,0,0,0,0,0,12078230,244995,87955,72,35
1523079,"Braden Frager",1523079,F,NEB,VAND,Nebraska,ACTIVE,1.5,146.5,72.5,22,9.91,3.55,0.86,1.31,1.16,0.69,0.11,10.77,13.46,14.32,0.8,4.41,16.71,16.71,17.32,24M,8.42,26.22,0,12076340,455371,5485,73,35
1605986,"Declan Duru",1605986,F,TEX,GONZ,Texas,ACTIVE,-6.5,146.5,70,0,0,0,0,0,0,0,0,0,0,0,0,0,0,0,0,0,0,0,0,12078250,654397,5422,74,35
1538358,"Terrence Hill",1538358,G,VCU,IL,"Virginia Commonwealth",ACTIVE,-11.5,150.5,69.5,31,15.64,2.77,3.43,2.37,1.21,0.52,0.02,19.07,18.41,21.84,0.54,6.2,24.51,24.51,25.91,32M,14.52,37.3,0,12078220,458076,5430,75,35
1589783,"Keaton Wagler",1589783,G,IL,VCU,Illinois,ACTIVE,11.5,150.5,81,36,18.74,4.97,4.7,2.34,2.57,1.38,0.41,23.44,23.71,28.41,1.79,9.67,34.55,34.55,35.54,40M,22.41,48.67,0,12078220,652186,5430,76,35
1324353,"Frankie Collins",1324353,G,VAND,NEB,Vanderbilt,"O(Left Team - 03/04/2026)",-1.5,146.5,74,0,0,0,0,0,0,0,0,0,0,0,0,0,0,0,0,0,0,0,0,12076340,180321,5485,77,35
1522585,"Ashton Simmons",1522585,G,TCU,DUKE,TCU,ACTIVE,-12.5,139.5,63.5,0,0,0,0,0,0,0,0,0,0,0,0,0,0,0,0,0,0,0,0,12076310,455405,5396,78,35
1458576,"Keyshawn Mitchell",1458576,F,VCU,IL,"Virginia Commonwealth",ACTIVE,-11.5,150.5,69.5,0,0,0,0,0,0,0,0,0,0,0,0,0,0,0,0,0,0,0,0,12078220,288868,5430,79,35
1324035,"Denham Wojcik",1324035,G,MSU,UL,"Michigan State",ACTIVE,5.5,151.5,78.5,3.5,0.52,0.23,0.54,0.06,0.3,0.17,0.01,1.06,0.75,1.29,0.18,0.77,1.86,1.86,1.87,5M,0,5.24,0,12076410,179604,5465,80,35
1413223,"Nick Sanders",1413223,G,MSU,UL,"Michigan State",ACTIVE,5.5,151.5,78.5,0,0,0,0,0,0,0,0,0,0,0,0,0,0,0,0,0,0,0,0,12076410,244812,5465,81,35
1524334,"Ismaila Diagne",1524334,C,GONZ,TEX,Gonzaga,ACTIVE,6.5,146.5,76.5,2,0.36,0.6,0.05,0.01,0.12,0.04,0.12,0.41,0.96,1.01,0.16,0.65,1.5,1.5,1.43,5M,1.43,1.43,0,12078250,459207,5422,82,35
1546378,"Jamie Vinson",1546378,F,TA&M,UH,"Texas A&M",ACTIVE,-10.5,143.5,66.5,4,1.58,1.27,0.18,0.07,0.3,0.06,0.29,1.76,2.85,3.03,0.35,1.45,4.11,4.11,4.01,5M,0,10.26,0,12078230,504455,87955,83,35
1541890,"Josh Ibukunoluwa",1541890,F,HIGHP,ARK,"High Point",ACTIVE,-12.5,169.5,78.5,0,0,0,0,0,0,0,0,0,0,0,0,0,0,0,0,0,0,0,0,12076400,505230,5347,84,35
1599530,"Mihailo Petrovic",1599530,G,IL,VCU,Illinois,ACTIVE,11.5,150.5,81,0,0,0,0,0,0,0,0,0,0,0,0,0,0,0,0,0,0,0,0,12078220,652131,5430,85,35
1486175,"Jeremy Fears",1486175,G,MSU,UL,"Michigan State",ACTIVE,5.5,151.5,78.5,36,16.18,2.97,8.9,0.94,2.91,1.55,0.08,25.08,19.15,28.05,1.63,11.87,35.07,35.07,36.01,40M,22.71,49.31,0,12076410,290764,5465,86,35
1475175,"Marcus Hill",1475175,G,TA&M,UH,"Texas A&M",ACTIVE,-10.5,143.5,66.5,23,7.96,3.42,1.25,0.33,1.1,0.53,0.11,9.21,11.38,12.63,0.64,4.67,14.78,14.78,15.02,24M,6.56,23.48,0,12078230,289054,87955,87,35
1605239,"Kasen Krueger",1605239,G,HIGHP,ARK,"High Point",ACTIVE,-12.5,169.5,78.5,0,0,0,0,0,0,0,0,0,0,0,0,0,0,0,0,0,0,0,0,12076400,655253,5347,88,35
1520671,"Morez Johnson",1520671,F,MICH,STL,Michigan,ACTIVE,12.5,161.5,87,27,13.71,8.04,0.99,0.55,1.32,0.95,0.98,14.7,21.75,22.74,1.93,9.03,29.32,29.32,29.03,28M,15.47,42.59,0,12078240,455381,8396,89,35
1420054,"Trey Stuart",1420054,G,TCU,DUKE,TCU,ACTIVE,-12.5,139.5,63.5,0,0,0,0,0,0,0,0,0,0,0,0,0,0,0,0,0,0,0,0,12076310,250230,5396,90,35
1401574,"Braeden Smith",1401574,G,GONZ,TEX,Gonzaga,ACTIVE,6.5,146.5,76.5,9,2.61,1.04,1.43,0.31,0.56,0.38,0,4.04,3.65,5.08,0.38,2.47,6.6,6.6,6.7,10M,0,14.41,0,12078250,246240,5422,91,35
1403885,"Tyrell Ward",1403885,F,VCU,IL,"Virginia Commonwealth",ACTIVE,-11.5,150.5,69.5,8,2.91,1.15,0.35,0.32,0.42,0.37,0.16,3.26,4.06,4.41,0.53,1.5,5.99,5.99,5.89,10M,0,12.19,0,12078220,245116,5430,92,35
1522586,"David Punch",1522586,F,TCU,DUKE,TCU,ACTIVE,-12.5,139.5,63.5,32,12.52,7.23,2.08,0.38,2.12,1.21,2.13,14.6,19.75,21.83,3.34,9.31,32.21,32.21,30.67,34M,18.44,42.9,0,12076310,455395,5396,93,35
1405733,"Barry Evans",1405733,F,VCU,IL,"Virginia Commonwealth",ACTIVE,-11.5,150.5,69.5,28,6.19,4.9,2.17,0.78,0.88,0.6,0.27,8.36,11.09,13.26,0.87,7.07,17.07,17.07,17.28,30M,9.67,24.89,0,12078220,245618,5430,94,35
1546379,"Nic Codie",1546379,F,TEX,GONZ,Texas,ACTIVE,-6.5,146.5,70,14,2.85,3.09,0.59,0.11,0.66,0.09,0.43,3.44,5.94,6.53,0.52,3.68,8.34,8.34,8.37,16M,2.19,14.55,0,12078250,504422,5422,95,35
1482282,"Yaxel Lendeborg",1482282,F,MICH,STL,Michigan,ACTIVE,12.5,161.5,87,35,16.24,7.56,3.38,2.12,1.33,1.51,1.11,19.62,23.8,27.18,2.62,10.94,36.89,36.89,36.67,36M,22.61,50.73,0,12078240,281661,8396,96,35
1405447,"Malique Ewin",1405447,F,ARK,HIGHP,Arkansas,ACTIVE,12.5,169.5,91,31,13.68,9.5,1.39,0.15,2.48,0.81,1.2,15.07,23.18,24.57,2.01,10.89,30.73,30.73,31.02,32M,18.34,43.7,0,12076400,245010,5347,97,35
1405348,"Jayden Pierre",1405348,G,TCU,DUKE,TCU,ACTIVE,-12.5,139.5,63.5,34,8.93,2.22,2.63,1.31,1.22,0.84,0.28,11.56,11.15,13.78,1.12,4.85,17.68,17.68,17.94,36M,10.88,25,0,12076310,245107,5396,98,35
1475187,"Kobe Rodgers",1475187,G,UL,MSU,Louisville,ACTIVE,-5.5,151.5,73,16,2.97,2.54,1.73,0.32,0.63,1,0.05,4.7,5.51,7.24,1.05,4.27,11.14,11.14,10.69,18M,2.99,18.39,0,12076410,290422,5465,99,35
1532783,"George Kimble III",1532783,G,VAND,NEB,Vanderbilt,"O(Knee - 10/31/2025)",-1.5,146.5,74,0,0,0,0,0,0,0,0,0,0,0,0,0,0,0,0,0,0,0,0,12076340,457517,5485,100,35
1465034,"D.J. Wagner",1465034,G,ARK,HIGHP,Arkansas,ACTIVE,12.5,169.5,91,24,7.83,2.45,2.13,1.61,1.07,0.62,0.22,9.96,10.28,12.41,0.84,4.58,15.4,15.4,16.02,26M,7.69,24.35,0,12076400,288945,5347,101,35
1522575,"Ishan Sharma",1522575,G,STL,MICH,"Saint Louis",ACTIVE,-12.5,161.5,74.5,23,8.06,2.52,1.39,2.22,0.66,0.68,0.11,9.45,10.58,11.97,0.79,3.91,14.85,14.85,15.64,24M,6.83,24.45,0,12078240,458188,8396,102,35
1522587,"Adam Stewart",1522587,C,TCU,DUKE,TCU,ACTIVE,-12.5,139.5,63.5,0,0,0,0,0,0,0,0,0,0,0,0,0,0,0,0,0,0,0,0,12076310,455408,5396,103,35
1524336,"Noah Haaland",1524336,F,GONZ,TEX,Gonzaga,ACTIVE,6.5,146.5,76.5,0,0,0,0,0,0,0,0,0,0,0,0,0,0,0,0,0,0,0,0,12078250,459238,5422,104,35
1406768,"Paul Otieno",1406768,F,STL,MICH,"Saint Louis",ACTIVE,-12.5,161.5,74.5,11.5,3.17,3.14,0.77,0.01,0.5,0.26,0.54,3.94,6.31,7.08,0.8,3.91,10,10,9.61,12M,1.17,18.05,0,12078240,246675,8396,105,35
1460140,"Harrison Hochberg",1460140,F,MICH,STL,Michigan,ACTIVE,12.5,161.5,87,0,0,0,0,0,0,0,0,0,0,0,0,0,0,0,0,0,0,0,0,12078240,288818,8396,106,35
1405459,"Jordan Pope",1405459,G,TEX,GONZ,Texas,ACTIVE,-6.5,146.5,70,37,13.18,2.7,1.85,2.76,1.77,0.7,0.08,15.03,15.88,17.73,0.78,4.55,19.77,19.77,21.38,40M,13.48,29.28,0,12078250,244915,5422,107,35
1605989,"John Clark",1605989,F,TEX,GONZ,Texas,ACTIVE,-6.5,146.5,70,0,0,0,0,0,0,0,0,0,0,0,0,0,0,0,0,0,0,0,0,12078250,654392,5422,108,35
1522588,"Drew McElroy",1522588,G,TCU,DUKE,TCU,ACTIVE,-12.5,139.5,63.5,0,0,0,0,0,0,0,0,0,0,0,0,0,0,0,0,0,0,0,0,12076310,455389,5396,109,35
1401379,"Rylan Griffen",1401379,G,TA&M,UH,"Texas A&M",ACTIVE,-10.5,143.5,66.5,29,9.83,2.75,2.26,1.75,1.89,1.29,0.53,12.09,12.58,14.84,1.82,5.01,20.09,20.09,20.23,30M,10.99,29.47,0,12078230,244983,87955,110,35
1480183,"Berke Buyuktuncel",1480183,F,NEB,VAND,Nebraska,ACTIVE,1.5,146.5,72.5,23,5.88,5.28,1.48,0.31,1.31,0.79,1,7.36,11.16,12.64,1.79,6.76,18.49,18.49,17.8,24M,8.66,26.94,0,12076340,288752,5485,111,35
1524458,"Owen Aquino",1524458,F,HIGHP,ARK,"High Point",ACTIVE,-12.5,169.5,78.5,29,8.84,6.28,2.63,0.59,1.69,1,1.82,11.47,15.12,17.75,2.82,8.91,27.1,27.1,25.81,30M,14.44,37.18,0,12076400,457978,5347,112,35
1241593,"Nimari Burnett",1241593,G,MICH,STL,Michigan,ACTIVE,12.5,161.5,87,22,9.58,3.06,1.05,2.12,1.13,0.67,0.03,10.63,12.64,13.69,0.7,4.11,15.8,15.8,16.88,24M,7.37,26.39,0,12078240,149616,8396,113,35
1461340,"Coleson Messer",1461340,G,VAND,NEB,Vanderbilt,ACTIVE,-1.5,146.5,74,0,0,0,0,0,0,0,0,0,0,0,0,0,0,0,0,0,0,0,0,12076340,289276,5485,114,35
1611017,"Elmir Dzafic",1611017,C,ARK,HIGHP,Arkansas,ACTIVE,12.5,169.5,91,0,0,0,0,0,0,0,0,0,0,0,0,0,0,0,0,0,0,0,0,12076400,652308,5347,115,35
1595001,"Patrick Liburd",1595001,G,MICH,STL,Michigan,ACTIVE,12.5,161.5,87,0,0,0,0,0,0,0,0,0,0,0,0,0,0,0,0,0,0,0,0,12078240,652079,8396,116,35
1487674,"Joaquim ArauzMoore",1487674,G,GONZ,TEX,Gonzaga,ACTIVE,6.5,146.5,76.5,0,0,0,0,0,0,0,0,0,0,0,0,0,0,0,0,0,0,0,0,12078250,291887,5422,117,35
1420695,"Jack Scott",1420695,G,DUKE,TCU,Duke,ACTIVE,12.5,139.5,76,0,0,0,0,0,0,0,0,0,0,0,0,0,0,0,0,0,0,0,0,12076310,250151,5396,118,35
1486178,"Coen Carr",1486178,F,MSU,UL,"Michigan State",ACTIVE,5.5,151.5,78.5,31.5,12.76,5.48,1.21,0.87,1.45,0.37,0.93,13.97,18.24,19.45,1.3,6.69,23.6,23.6,23.78,32M,14.06,33.5,0,12076410,290761,5465,119,35
1435600,"Dame Sarr",1435600,G,DUKE,TCU,Duke,ACTIVE,12.5,139.5,76,33,8.26,3.73,1.28,1.47,1.55,0.9,0.69,9.54,11.99,13.27,1.59,5.01,17.88,17.88,17.99,34M,10.6,25.38,0,12076310,654433,5396,120,35
1533753,"Matas Vokietaitis",1533753,C,TEX,GONZ,Texas,ACTIVE,-6.5,146.5,70,27,13.25,7.86,0.86,0.01,2.46,0.05,0.77,14.11,21.11,21.97,0.82,8.72,23.99,23.99,25.07,28M,25.07,25.07,0,12078250,456032,5422,121,35
1523622,"Jaden Karuletwa",1523622,G,ARK,HIGHP,Arkansas,ACTIVE,12.5,169.5,91,0,0,0,0,0,0,0,0,0,0,0,0,0,0,0,0,0,0,0,0,12076400,457512,5347,122,35
1459855,"Brock Harding",1459855,G,TCU,DUKE,TCU,ACTIVE,-12.5,139.5,63.5,29,6.09,2.64,4.49,0.92,1.79,1.15,0.02,10.58,8.73,13.22,1.17,7.13,17.72,17.72,18.04,30M,9.8,26.28,0,12076310,289049,5396,123,35
1459976,"RJ Jones",1459976,G,TCU,DUKE,TCU,ACTIVE,-12.5,139.5,63.5,0,0,0,0,0,0,0,0,0,0,0,0,0,0,0,0,0,0,0,0,12076310,455382,5396,124,35
1522589,"Malick Diallo",1522589,C,TCU,DUKE,TCU,"O(Knee - 11/14/2025)",-12.5,139.5,63.5,0,0,0,0,0,0,0,0,0,0,0,0,0,0,0,0,0,0,0,0,12076310,455368,5396,125,35
1480184,"Aday Mara",1480184,C,MICH,STL,Michigan,ACTIVE,12.5,161.5,87,26,14.93,7.98,2.54,0.14,2.28,0.28,2.68,17.47,22.91,25.45,2.96,10.52,34.92,34.92,33.89,28M,33.89,33.89,0,12078240,288852,8396,126,35
1548428,"Chris McDermott",1548428,F,TA&M,UH,"Texas A&M",ACTIVE,-10.5,143.5,66.5,0,0,0,0,0,0,0,0,0,0,0,0,0,0,0,0,0,0,0,0,12078230,504443,87955,127,35
1611018,"Paulo Semedo",1611018,C,ARK,HIGHP,Arkansas,ACTIVE,12.5,169.5,91,0,0,0,0,0,0,0,0,0,0,0,0,0,0,0,0,0,0,0,0,12076400,652351,5347,128,35
1595002,"Trey McKenney",1595002,G,MICH,STL,Michigan,ACTIVE,12.5,161.5,87,24,10.18,3.07,0.91,1.96,1.07,0.6,0.07,11.09,13.25,14.16,0.67,3.98,16.14,16.14,17.15,26M,8.23,26.07,0,12078240,652098,8396,129,35
1597202,"Ruben Dominguez",1597202,G,TA&M,UH,"Texas A&M",ACTIVE,-10.5,143.5,66.5,24,6.72,2.59,1.25,1.59,0.72,0.36,0.07,7.97,9.31,10.56,0.43,3.84,12.27,12.27,13.12,26M,6.3,19.94,0,12078230,654394,87955,130,35
1402821,"Jaden Schertz",1402821,G,STL,MICH,"Saint Louis",ACTIVE,-12.5,161.5,74.5,0,0,0,0,0,0,0,0,0,0,0,0,0,0,0,0,0,0,0,0,12078240,244922,8396,131,35
1402832,"Vincent Brady",1402832,G,HIGHP,ARK,"High Point",ACTIVE,-12.5,169.5,78.5,0,0,0,0,0,0,0,0,0,0,0,0,0,0,0,0,0,0,0,0,12076400,246716,5347,132,35
1476048,"Kaleb Glenn",1476048,F,MSU,UL,"Michigan State","O(Knee - 10/31/2025)",5.5,151.5,78.5,0,0,0,0,0,0,0,0,0,0,0,0,0,0,0,0,0,0,0,0,12076410,289237,5465,133,35
1324325,"Sam Hoiberg",1324325,G,NEB,VAND,Nebraska,ACTIVE,1.5,146.5,72.5,33,9.27,5.43,3.72,0.96,1.72,1.82,0.08,12.99,14.7,18.42,1.9,9.15,25.34,25.34,25.1,34M,14.78,35.42,0,12076340,179812,5485,134,35
1523623,"Ayden Kelley",1523623,G,ARK,HIGHP,Arkansas,ACTIVE,12.5,169.5,91,0,0,0,0,0,0,0,0,0,0,0,0,0,0,0,0,0,0,0,0,12076400,457515,5347,135,35
1522325,"Khani Rooths",1522325,F,UL,MSU,Louisville,ACTIVE,-5.5,151.5,73,9,2.54,2.19,0.48,0.24,0.46,0.26,0.22,3.02,4.73,5.21,0.48,2.67,6.9,6.9,6.87,10M,0,14.22,0,12076410,458179,5465,136,35
1593683,"Will Hanke",1593683,G,UL,MSU,Louisville,ACTIVE,-5.5,151.5,73,0,0,0,0,0,0,0,0,0,0,0,0,0,0,0,0,0,0,0,0,12076410,654974,5465,137,35
1405418,"Milos Uzan",1405418,G,UH,TA&M,Houston,ACTIVE,10.5,143.5,77,34,11.03,2.79,4.12,2.14,1.76,1.03,0.25,15.15,13.82,17.94,1.28,6.91,22.65,22.65,23.47,36M,14.23,32.71,0,12078230,245048,87955,138,35
1461122,"Youssouf Singare",1461122,C,HIGHP,ARK,"High Point",ACTIVE,-12.5,169.5,78.5,3,0.42,0.76,0.06,0.01,0.19,0.11,0.07,0.48,1.18,1.24,0.18,0.82,1.77,1.77,1.73,5M,1.73,1.73,0,12076400,288921,5347,139,35
1552994,"Liutauras Lelevicius",1552994,G,TCU,DUKE,TCU,ACTIVE,-12.5,139.5,63.5,26,7.46,3.55,0.68,1.37,0.66,0.38,0.12,8.14,11.01,11.69,0.5,4.23,13.57,13.57,14.27,28M,7.24,21.3,0,12076310,512160,5396,140,35
1541884,"Birgir Irving",1541884,F,HIGHP,ARK,"High Point",ACTIVE,-12.5,169.5,78.5,0,0,0,0,0,0,0,0,0,0,0,0,0,0,0,0,0,0,0,0,12076400,505231,5347,141,35
1595003,"Oscar Goodman",1595003,F,MICH,STL,Michigan,ACTIVE,12.5,161.5,87,0,0,0,0,0,0,0,0,0,0,0,0,0,0,0,0,0,0,0,0,12078240,652031,8396,142,35
1541895,"David Fonville",1541895,G,HIGHP,ARK,"High Point",ACTIVE,-12.5,169.5,78.5,0,0,0,0,0,0,0,0,0,0,0,0,0,0,0,0,0,0,0,0,12076400,505206,5347,143,35
1265289,"Babacar Diallo",1265289,F,HIGHP,ARK,"High Point",ACTIVE,-12.5,169.5,78.5,0,0,0,0,0,0,0,0,0,0,0,0,0,0,0,0,0,0,0,0,12076400,245609,5347,144,35
1535812,"L.J. Cason",1535812,G,MICH,STL,Michigan,"O(ACL - 02/28/2026)",12.5,161.5,87,0,0,0,0,0,0,0,0,0,0,0,0,0,0,0,0,0,0,0,0,12078240,505048,8396,145,35
1523624,"Billy Richmond",1523624,F,ARK,HIGHP,Arkansas,ACTIVE,12.5,169.5,91,37,14.92,6.05,2.52,0.5,2.17,1.41,1.13,17.44,20.97,23.49,2.54,8.57,31.42,31.42,30.62,40M,19.45,41.79,0,12076400,457569,5347,146,35
1415824,"Tanner Toolson",1415824,G,TCU,DUKE,TCU,ACTIVE,-12.5,139.5,63.5,21,6.17,3.15,0.98,0.72,0.48,0.71,0.2,7.15,9.32,10.3,0.91,4.13,13.68,13.68,13.53,22M,5.24,21.82,0,12076310,246087,5396,147,35
1404979,"Jamarques Lawrence",1404979,G,NEB,VAND,Nebraska,ACTIVE,1.5,146.5,72.5,30,9.03,2.58,3.67,1.31,2.47,0.82,0.07,12.7,11.61,15.28,0.89,6.25,17.85,17.85,18.98,32M,10.63,27.33,0,12076340,244800,5485,148,35
1405628,"Kendall Blue",1405628,G,NEB,VAND,Nebraska,ACTIVE,1.5,146.5,72.5,0,0,0,0,0,0,0,0,0,0,0,0,0,0,0,0,0,0,0,0,12076340,245358,5485,149,35
1175057,"Steele Venters",1175057,G,GONZ,TEX,Gonzaga,ACTIVE,6.5,146.5,76.5,0,0,0,0,0,0,0,0,0,0,0,0,0,0,0,0,0,0,0,0,12078250,89262,5422,150,35
1232444,"J'Vonne Hadley",1232444,G,UL,MSU,Louisville,ACTIVE,-5.5,151.5,73,34,14.23,5.51,1.92,1.53,1.02,1.29,0.31,16.15,19.74,21.66,1.6,7.43,27.51,27.51,27.52,36M,16.69,38.35,0,12076410,149164,5465,151,35
1432611,"AJ Redd",1432611,G,IL,VCU,Illinois,ACTIVE,11.5,150.5,81,0,0,0,0,0,0,0,0,0,0,0,0,0,0,0,0,0,0,0,0,12078220,255641,5430,152,35
1541885,"Braden Hausen",1541885,F,HIGHP,ARK,"High Point",ACTIVE,-12.5,169.5,78.5,20,5.29,2.95,0.95,1.18,0.65,0.71,0.16,6.24,8.24,9.19,0.87,3.9,12.22,12.22,12.41,22M,5.15,19.67,0,12076400,505216,5347,153,35
1236723,"Nick Pringle",1236723,F,ARK,HIGHP,Arkansas,"Q(Undisclosed - 03/19/2026)",12.5,169.5,91,0,0,0,0,0,0,0,0,0,0,0,0,0,0,0,0,0,0,0,0,12076400,148884,5347,154,35
1432655,"London Johnson",1432655,G,UL,MSU,Louisville,ACTIVE,-5.5,151.5,73,0,0,0,0,0,0,0,0,0,0,0,0,0,0,0,0,0,0,0,0,12076410,679282,5465,155,35
1551136,"Will Cooper",1551136,F,NEB,VAND,Nebraska,ACTIVE,1.5,146.5,72.5,0,0,0,0,0,0,0,0,0,0,0,0,0,0,0,0,0,0,0,0,12076340,509796,5485,156,35
1434734,"Cedric Lath",1434734,C,UH,TA&M,Houston,ACTIVE,10.5,143.5,77,1,0.24,0.21,0.02,0.01,0.05,0.01,0.05,0.26,0.45,0.47,0.06,0.23,0.65,0.65,0.63,5M,0.63,0.63,0,12078230,256840,87955,157,35
1458714,"Quentin Jones",1458714,G,STL,MICH,"Saint Louis",ACTIVE,-12.5,161.5,74.5,27,7.22,3.78,2.6,0.93,1.66,0.86,0.83,9.82,11,13.6,1.69,6.38,19.07,19.07,18.87,28M,9.57,28.17,0,12078240,289901,8396,158,35
1589779,"Blake Fagbemi",1589779,G,IL,VCU,Illinois,ACTIVE,11.5,150.5,81,0,0,0,0,0,0,0,0,0,0,0,0,0,0,0,0,0,0,0,0,12078220,652021,5430,159,35
1535813,"Howard Eisley",1535813,G,MICH,STL,Michigan,ACTIVE,12.5,161.5,87,0,0,0,0,0,0,0,0,0,0,0,0,0,0,0,0,0,0,0,0,12078240,505050,8396,160,35
1523625,"Karter Knox",1523625,F,ARK,HIGHP,Arkansas,"O(Undisclosed - 02/20/2026)",12.5,169.5,91,0,0,0,0,0,0,0,0,0,0,0,0,0,0,0,0,0,0,0,0,12076400,457518,5347,161,35
1402768,"Ty Rodgers",1402768,G,IL,VCU,Illinois,"O(Knee - 12/06/2025)",11.5,150.5,81,0,0,0,0,0,0,0,0,0,0,0,0,0,0,0,0,0,0,0,0,12078220,244562,5430,162,35
1590582,"Quentin Rhymes",1590582,G,NEB,VAND,Nebraska,ACTIVE,1.5,146.5,72.5,0,0,0,0,0,0,0,0,0,0,0,0,0,0,0,0,0,0,0,0,12076340,652140,5485,163,35
1405959,"Dion Brown",1405959,G,STL,MICH,"Saint Louis",ACTIVE,-12.5,161.5,74.5,25,10.29,5.37,1.24,0.75,1.87,0.83,0.28,11.53,15.66,16.9,1.11,6.61,20.08,20.08,20.58,26M,9.88,31.28,0,12078240,246029,8396,164,35
1405618,"Ryan Conwell",1405618,G,UL,MSU,Louisville,ACTIVE,-5.5,151.5,73,37,19.53,4.99,3.3,3.16,2.86,1.34,0.18,22.83,24.52,27.82,1.52,8.29,32.17,32.17,33.95,40M,21.41,46.49,0,12076410,245131,5465,165,35
1593685,"Vangelis Zougris",1593685,F,UL,MSU,Louisville,ACTIVE,-5.5,151.5,73,11,3.03,2.83,0.68,0.07,0.92,0.27,0.21,3.71,5.86,6.54,0.48,3.51,7.96,7.96,8.12,12M,0.99,15.25,0,12076410,655048,5465,166,35
1376996,"Tomislav Ivisic",1376996,C,IL,VCU,Illinois,ACTIVE,11.5,150.5,81,24,8.97,5.73,1.53,1.12,1.31,0.32,0.45,10.5,14.7,16.23,0.77,7.26,19.14,19.14,19.92,26M,19.92,19.92,0,12078220,455377,5430,167,35
1461344,"Jordann Dumont",1461344,F,VCU,IL,"Virginia Commonwealth",ACTIVE,-11.5,150.5,69.5,0,0,0,0,0,0,0,0,0,0,0,0,0,0,0,0,0,0,0,0,12078220,288780,5430,168,35
1462213,"Elliot Cadeau",1462213,G,MICH,STL,Michigan,ACTIVE,12.5,161.5,87,31,11.64,2.59,6.12,1.79,2.62,0.93,0.24,17.76,14.23,20.35,1.17,8.71,24.8,24.8,26.06,32M,14.6,37.52,0,12078240,288753,8396,169,35
1231488,"Cameron Sheffield",1231488,G,DUKE,TCU,Duke,ACTIVE,12.5,139.5,76,0,0,0,0,0,0,0,0,0,0,0,0,0,0,0,0,0,0,0,0,12076310,149471,5396,170,35
1595005,"Winters Grady",1595005,G,MICH,STL,Michigan,"O(Undisclosed - 03/13/2026)",12.5,161.5,87,0,0,0,0,0,0,0,0,0,0,0,0,0,0,0,0,0,0,0,0,12078240,652032,8396,171,35
1541897,"Mavrick Miller",1541897,G,HIGHP,ARK,"High Point",ACTIVE,-12.5,169.5,78.5,0,0,0,0,0,0,0,0,0,0,0,0,0,0,0,0,0,0,0,0,12076400,505264,5347,172,35
1597205,"Jeremiah Green",1597205,G,TA&M,UH,"Texas A&M",ACTIVE,-10.5,143.5,66.5,0,0,0,0,0,0,0,0,0,0,0,0,0,0,0,0,0,0,0,0,12078230,654404,87955,173,35
1402824,"Robbie Avila",1402824,C,STL,MICH,"Saint Louis",ACTIVE,-12.5,161.5,74.5,30,12.54,5.55,4.08,1.82,1.96,0.82,0.83,16.62,18.09,22.17,1.65,9.63,28.29,28.29,28.88,32M,28.88,28.88,0,12078240,244864,8396,174,35
1530259,"Tyler Tanner",1530259,G,VAND,NEB,Vanderbilt,ACTIVE,-1.5,146.5,74,37,18.83,4.86,5.03,1.58,2.38,2.03,0.18,23.86,23.69,28.72,2.21,9.89,36.45,36.45,36.54,40M,23.04,50.04,0,12076340,458213,5485,175,35
1459859,"Pryce Sandfort",1459859,F,NEB,VAND,Nebraska,ACTIVE,1.5,146.5,72.5,38,19.11,5.61,1.77,3.65,0.85,0.91,0.44,20.88,24.72,26.49,1.35,7.38,31.71,31.71,32.97,40M,20.94,45,0,12076340,289096,5485,176,35
1593960,"Isiah Harwell",1593960,G,UH,TA&M,Houston,ACTIVE,10.5,143.5,77,2,0.51,0.3,0.08,0.1,0.08,0.06,0.04,0.59,0.81,0.89,0.1,0.38,1.23,1.23,1.23,5M,0,3.45,0,12078230,652319,87955,177,35
1591672,"Jordan Tillery",1591672,G,VCU,IL,"Virginia Commonwealth",ACTIVE,-11.5,150.5,69.5,0,0,0,0,0,0,0,0,0,0,0,0,0,0,0,0,0,0,0,0,12078220,655292,5430,178,35
1590583,"Leo Curtis",1590583,F,NEB,VAND,Nebraska,ACTIVE,1.5,146.5,72.5,0,0,0,0,0,0,0,0,0,0,0,0,0,0,0,0,0,0,0,0,12076340,651999,5485,179,35
1461411,"Trey Green",1461411,G,STL,MICH,"Saint Louis",ACTIVE,-12.5,161.5,74.5,25,9.66,2.93,1.55,2.47,0.72,0.93,0.01,11.21,12.59,14.14,0.94,4.48,17.6,17.6,18.4,26M,8.83,27.97,0,12078240,289560,8396,180,35
1245932,"Cam'Ron Fletcher",1245932,F,HIGHP,ARK,"High Point",ACTIVE,-12.5,169.5,78.5,26,11.23,8.79,1.23,1.22,1.58,1.18,0.66,12.46,20.02,21.25,1.84,10.02,27.55,27.55,27.89,28M,14.86,40.92,0,12076400,148765,5347,181,35
1342743,"Cole Bott",1342743,F,TEX,GONZ,Texas,ACTIVE,-6.5,146.5,70,0,0,0,0,0,0,0,0,0,0,0,0,0,0,0,0,0,0,0,0,12078250,180081,5422,182,35
1594786,"Badara Diakite",1594786,F,STL,MICH,"Saint Louis",ACTIVE,-12.5,161.5,74.5,0,0,0,0,0,0,0,0,0,0,0,0,0,0,0,0,0,0,0,0,12078240,655218,8396,183,35
1482289,"Kalifa Sakho",1482289,F,UH,TA&M,Houston,ACTIVE,10.5,143.5,77,14,3.06,2.71,0.11,0.02,0.64,0.16,0.77,3.17,5.77,5.88,0.93,2.82,8.63,8.63,8.17,16M,2.14,14.2,0,12078230,288909,87955,184,35
1232314,"Duke Miles",1232314,G,VAND,NEB,Vanderbilt,ACTIVE,-1.5,146.5,74,34,15.2,4.45,4.54,1.94,2.61,2.49,0.28,19.74,19.65,24.19,2.77,8.99,33.02,33.02,32.79,36M,19.88,45.7,0,12076340,149749,5485,185,35
1193990,"Rienk Mast",1193990,F,NEB,VAND,Nebraska,ACTIVE,1.5,146.5,72.5,31,13.14,5.83,2.52,1.22,1.96,0.42,0.31,15.66,18.97,21.49,0.73,8.35,24.15,24.15,25.38,32M,15.01,35.75,0,12076340,92888,5485,186,35
1595006,"Malick Kordel",1595006,C,MICH,STL,Michigan,ACTIVE,12.5,161.5,87,0,0,0,0,0,0,0,0,0,0,0,0,0,0,0,0,0,0,0,0,12078240,652073,8396,187,35
1487679,"Zvonimir Ivisic",1487679,F,IL,VCU,Illinois,ACTIVE,11.5,150.5,81,20,6.3,4.72,0.22,0.55,0.63,0.2,1.61,6.52,11.02,11.24,1.81,4.94,17.09,17.09,16.12,22M,6.69,25.55,0,12078220,288824,5430,188,35
1459706,"Mackenzie Mgbako",1459706,F,TA&M,UH,"Texas A&M","O(Foot - 12/29/2025)",-10.5,143.5,66.5,0,0,0,0,0,0,0,0,0,0,0,0,0,0,0,0,0,0,0,0,12078230,289073,87955,189,35
1591651,"Jayden Leverett",1591651,C,VAND,NEB,Vanderbilt,ACTIVE,-1.5,146.5,74,0,0,0,0,0,0,0,0,0,0,0,0,0,0,0,0,0,0,0,0,12076340,652077,5485,190,35
1403617,"Emanuel Sharp",1403617,G,UH,TA&M,Houston,ACTIVE,10.5,143.5,77,29,14.06,3.03,1.76,2.59,1.41,1.3,0.02,15.82,17.09,18.85,1.32,4.79,22.9,22.9,23.73,30M,12.89,34.57,0,12078230,245144,87955,191,35
1593961,"Bryce Jackson",1593961,G,UH,TA&M,Houston,"O(Redshirt - 01/06/2026)",10.5,143.5,77,0,0,0,0,0,0,0,0,0,0,0,0,0,0,0,0,0,0,0,0,12078230,652323,87955,192,35
1522329,"Divine Ugochukwu",1522329,G,MSU,UL,"Michigan State","O(Foot - 02/06/2026)",5.5,151.5,78.5,0,0,0,0,0,0,0,0,0,0,0,0,0,0,0,0,0,0,0,0,12076410,458226,5465,193,35
1591014,"Meleek Thomas",1591014,G,ARK,HIGHP,Arkansas,ACTIVE,12.5,169.5,91,35,16.62,4.84,2.39,2.47,1.52,1.34,0.3,19.01,21.46,23.85,1.64,7.23,29.41,29.41,30.05,36M,18.22,41.88,0,12076400,622620,5347,194,35
1461324,"Michael Belle",1461324,F,VCU,IL,"Virginia Commonwealth",ACTIVE,-11.5,150.5,69.5,27,7.56,6.04,1.05,0.63,1.14,0.87,0.78,8.61,13.6,14.65,1.65,7.09,20.2,20.2,19.79,28M,10.54,29.04,0,12078220,289185,5430,195,35
1594787,"Luke Laczkowski",1594787,G,STL,MICH,"Saint Louis",ACTIVE,-12.5,161.5,74.5,0,0,0,0,0,0,0,0,0,0,0,0,0,0,0,0,0,0,0,0,12078240,655254,8396,196,35
1593346,"Kayden Edwards",1593346,G,TCU,DUKE,TCU,ACTIVE,-12.5,139.5,63.5,0,0,0,0,0,0,0,0,0,0,0,0,0,0,0,0,0,0,0,0,12076310,652310,5396,197,35
1461148,"Jace Posey",1461148,F,TCU,DUKE,TCU,ACTIVE,-12.5,139.5,63.5,0,0,0,0,0,0,0,0,0,0,0,0,0,0,0,0,0,0,0,0,12076310,282639,5396,198,35
1402815,"Rob Martin",1402815,G,HIGHP,ARK,"High Point",ACTIVE,-12.5,169.5,78.5,34,16.82,2.42,4.89,1.33,2.05,1.49,0.2,21.71,19.24,24.13,1.69,7.31,30.09,30.09,30.25,36M,18.34,42.16,0,12076400,244901,5347,199,35
1520669,"Jason Jakstys",1520669,F,IL,VCU,Illinois,"O(Undisclosed - 02/01/2026)",11.5,150.5,81,0,0,0,0,0,0,0,0,0,0,0,0,0,0,0,0,0,0,0,0,12078220,455378,5430,200,35
1533748,"Vianney Salatchoum",1533748,C,TCU,DUKE,TCU,ACTIVE,-12.5,139.5,63.5,2,0.42,0.28,0.04,0,0.13,0.05,0.18,0.46,0.7,0.74,0.23,0.32,1.38,1.38,1.23,5M,1.23,1.23,0,12076310,458182,5396,201,35
1593984,"Cayden Boozer",1593984,G,DUKE,TCU,Duke,ACTIVE,12.5,139.5,76,38,12.34,3.08,4.33,0.77,2.06,1.02,0.13,16.67,15.42,19.75,1.15,7.41,23.94,23.94,24.37,40M,15.37,33.37,0,12076310,654385,5396,202,35
1461413,"Dailyn Swain",1461413,F,TEX,GONZ,Texas,ACTIVE,-6.5,146.5,70,38,16.66,8.24,3.83,1.12,3.32,1.77,0.34,20.49,24.9,28.73,2.11,12.07,35.33,35.33,36.24,40M,23.02,49.46,0,12078250,289621,5422,203,35
1591015,"Amere Brown",1591015,G,ARK,HIGHP,Arkansas,ACTIVE,12.5,169.5,91,0,0,0,0,0,0,0,0,0,0,0,0,0,0,0,0,0,0,0,0,12076400,622617,5347,204,35
1593677,"Mouhamed Camara",1593677,F,UL,MSU,Louisville,ACTIVE,-5.5,151.5,73,0,0,0,0,0,0,0,0,0,0,0,0,0,0,0,0,0,0,0,0,12076410,654953,5465,205,35
1594788,"Jax Kerr",1594788,F,STL,MICH,"Saint Louis",ACTIVE,-12.5,161.5,74.5,0,0,0,0,0,0,0,0,0,0,0,0,0,0,0,0,0,0,0,0,12078240,655251,8396,206,35
1593347,"Xavier Edmonds",1593347,F,TCU,DUKE,TCU,ACTIVE,-12.5,139.5,63.5,26,12.05,8.15,1.32,0.95,2.6,1.05,1.05,13.37,20.2,21.52,2.1,9.47,27.5,27.5,27.88,28M,14.86,40.9,0,12076310,652309,5396,207,35
1231799,"Tramon Mark",1231799,G,TEX,GONZ,Texas,ACTIVE,-6.5,146.5,70,33,13.86,4.4,1.75,1.66,1.56,1.08,0.51,15.61,18.26,20.01,1.59,6.15,24.97,24.97,25.23,34M,14.86,35.6,0,12078250,149302,5422,208,35
1324309,"Trevon Brazile",1324309,F,ARK,HIGHP,Arkansas,ACTIVE,12.5,169.5,91,35,14.51,8.79,1.57,1.59,1.38,1.38,1.89,16.08,23.3,24.87,3.27,10.36,35.82,35.82,34.91,36M,21.52,48.3,0,12076400,179769,5347,209,35
1593985,"Sebastian Wilkins",1593985,G,DUKE,TCU,Duke,ACTIVE,12.5,139.5,76,0,0,0,0,0,0,0,0,0,0,0,0,0,0,0,0,0,0,0,0,12076310,654448,5396,210,35
1591016,"Darius Acuff",1591016,G,ARK,HIGHP,Arkansas,ACTIVE,12.5,169.5,91,38,23.44,3.9,5.72,2.86,3.47,0.81,0.29,29.16,27.34,33.06,1.1,9.62,36.55,36.55,38.91,40M,24.54,53.28,0,12076400,622616,5347,211,35
1594789,"Cam Hutson",1594789,G,STL,MICH,"Saint Louis",ACTIVE,-12.5,161.5,74.5,0,0,0,0,0,0,0,0,0,0,0,0,0,0,0,0,0,0,0,0,12078240,655246,8396,212,35
1340689,"Lassina Traore",1340689,F,TEX,GONZ,Texas,"O(Undisclosed - 03/20/2026)",-6.5,146.5,70,0,0,0,0,0,0,0,0,0,0,0,0,0,0,0,0,0,0,0,0,12078250,179968,5422,213,35
1480411,"Lazar Djokovic",1480411,F,VCU,IL,"Virginia Commonwealth",ACTIVE,-11.5,150.5,69.5,31,12.73,5.19,1.24,0.8,1.67,0.48,1.17,13.97,17.92,19.16,1.65,6.43,24.09,24.09,23.98,32M,14.18,33.78,0,12078220,289548,5430,214,35
1405908,"Chendall Weaver",1405908,G,TEX,GONZ,Texas,ACTIVE,-6.5,146.5,70,20,4.12,3.79,1.12,0.29,0.6,0.8,0.16,5.24,7.91,9.03,0.96,4.91,12.63,12.63,12.3,22M,4.76,19.84,0,12078250,246695,5422,215,35
1593986,"Cameron Boozer",1593986,F,DUKE,TCU,Duke,ACTIVE,12.5,139.5,76,39,22.88,10.66,4.54,1.58,3.36,1.08,0.63,27.42,33.54,38.08,1.71,15.2,44.24,44.24,46.51,40M,29.54,63.48,0,12076310,654384,5396,216,35
1340745,"Ali Abdou Dibba",1340745,G,TA&M,UH,"Texas A&M",ACTIVE,-10.5,143.5,66.5,22,6.37,3.46,0.63,0.58,0.59,1.29,0.06,7,9.83,10.46,1.35,4.09,14.91,14.91,14.32,24M,6.26,22.38,0,12078230,180259,87955,217,35
1460546,"Josh Holloway",1460546,G,TA&M,UH,"Texas A&M",ACTIVE,-10.5,143.5,66.5,14,3,1.55,1.24,0.26,1.11,0.53,0.02,4.24,4.55,5.79,0.55,2.79,7.25,7.25,7.46,16M,1.61,13.31,0,12078230,289728,87955,218,35
1591017,"Isaiah Sealy",1591017,F,ARK,HIGHP,Arkansas,ACTIVE,12.5,169.5,91,0,0,0,0,0,0,0,0,0,0,0,0,0,0,0,0,0,0,0,0,12076400,622619,5347,219,35
1593679,"Sananda Fru",1593679,F,UL,MSU,Louisville,ACTIVE,-5.5,151.5,73,21,7.04,5.08,1.17,0.05,0.97,0.6,1.37,8.21,12.12,13.29,1.97,6.25,19.83,19.83,18.65,22M,7.74,29.56,0,12076410,654968,5465,220,35
1234749,"Trey Fort",1234749,G,MSU,UL,"Michigan State",ACTIVE,5.5,151.5,78.5,5,1.84,0.58,0.32,0.39,0.3,0.15,0.1,2.16,2.42,2.74,0.25,0.9,3.47,3.47,3.59,10M,0,7.72,0,12076410,149367,5465,221,35
1458808,"Caleb Foster",1458808,G,DUKE,TCU,Duke,"O(Foot - 03/10/2026)",12.5,139.5,76,0,0,0,0,0,0,0,0,0,0,0,0,0,0,0,0,0,0,0,0,12076310,281655,5396,222,35
1593987,"Nikolas Khamenia",1593987,G,DUKE,TCU,Duke,ACTIVE,12.5,139.5,76,24,6.19,3.96,1.02,0.96,0.69,0.72,0.19,7.21,10.15,11.17,0.91,4.98,14.5,14.5,14.62,26M,7.02,22.22,0,12076310,654412,5396,223,35
1340768,"Jalen Warley",1340768,G,GONZ,TEX,Gonzaga,ACTIVE,6.5,146.5,76.5,24,7.21,4.58,1.9,0.16,1.16,1.37,0.35,9.11,11.79,13.69,1.72,6.48,19.58,19.58,18.75,26M,9,28.5,0,12078250,179552,5422,224,35
1593658,"Mikel Brown",1593658,G,UL,MSU,Louisville,"O(Back - 03/20/2026)",-5.5,151.5,73,0,0,0,0,0,0,0,0,0,0,0,0,0,0,0,0,0,0,0,0,12076410,654946,5465,225,35
1591018,"Karim Rtail",1591018,F,ARK,HIGHP,Arkansas,ACTIVE,12.5,169.5,91,0,0,0,0,0,0,0,0,0,0,0,0,0,0,0,0,0,0,0,0,12076400,622618,5347,226,35
1460107,"Jake Davis",1460107,G,IL,VCU,Illinois,ACTIVE,11.5,150.5,81,22,5.97,2.59,0.77,1.62,0.35,0.4,0.18,6.74,8.56,9.33,0.58,3.36,11.63,11.63,12.16,24M,5.31,19.01,0,12078220,289702,5430,227,35
1460349,"Tyler Harris",1460349,G,VAND,NEB,Vanderbilt,ACTIVE,-1.5,146.5,74,0,0,0,0,0,0,0,0,0,0,0,0,0,0,0,0,0,0,0,0,12076340,289566,5485,228,35
1232319,"Jared Garcia",1232319,F,NEB,VAND,Nebraska,ACTIVE,1.5,146.5,72.5,3,1.05,0.75,0.1,0.1,0.27,0.05,0.16,1.15,1.8,1.9,0.21,0.85,2.46,2.46,2.47,5M,0,6.32,0,12076340,149160,5485,229,35
1176978,"Chase Johnston",1176978,G,HIGHP,ARK,"High Point",ACTIVE,-12.5,169.5,78.5,18,7.22,0.9,0.46,2.39,0.26,0.67,0.01,7.68,8.12,8.58,0.68,1.36,10.75,10.75,11.45,20M,3.91,18.99,0,12076400,89770,5347,230,35
1231638,"Graham Ike",1231638,F,GONZ,TEX,Gonzaga,ACTIVE,6.5,146.5,76.5,36,20.8,7.55,2.11,1,2.17,0.78,1.23,22.91,28.35,30.46,2.01,9.66,36.89,36.89,37.16,40M,23.6,50.72,0,12078250,149522,5422,231,35
1232309,"Aly Khalifa",1232309,F,UL,MSU,Louisville,ACTIVE,-5.5,151.5,73,6,1.48,0.82,1.17,0.33,0.56,0.18,0.18,2.65,2.3,3.47,0.36,1.99,4.74,4.74,4.87,10M,0,10.08,0,12076410,149162,5465,232,35
1522907,"Ahmad Nowell",1522907,G,VCU,IL,"Virginia Commonwealth",ACTIVE,-11.5,150.5,69.5,0,0,0,0,0,0,0,0,0,0,0,0,0,0,0,0,0,0,0,0,12078220,457546,5430,233,35
1482439,"Brandon Taylor",1482439,G,TEX,GONZ,Texas,ACTIVE,-6.5,146.5,70,0,0,0,0,0,0,0,0,0,0,0,0,0,0,0,0,0,0,0,0,12078250,289945,5422,234,35
1231848,"Tyon Grant-Foster",1231848,G,GONZ,TEX,Gonzaga,ACTIVE,6.5,146.5,76.5,22,10.58,4.7,1.22,0.53,1.32,0.73,1.14,11.8,15.28,16.5,1.87,5.92,22.35,22.35,21.66,24M,9.46,33.86,0,12078250,149562,5422,235,35
1340209,"Scotty Washington",1340209,G,HIGHP,ARK,"High Point",ACTIVE,-12.5,169.5,78.5,22,8.01,3.65,0.96,1.18,0.74,0.84,0.22,8.97,11.66,12.62,1.06,4.61,16.27,16.27,16.36,24M,7.15,25.57,0,12076400,180916,5347,236,35
1591669,"Nyk Lewis",1591669,G,VCU,IL,"Virginia Commonwealth",ACTIVE,-11.5,150.5,69.5,29,9.27,5.45,1.81,1.57,1,1.11,0.02,11.08,14.72,16.53,1.13,7.26,20.9,20.9,21.37,30M,11.61,31.13,0,12078220,655256,5430,237,35
1591648,"Chandler Bing",1591648,G,VAND,NEB,Vanderbilt,ACTIVE,-1.5,146.5,74,21,4.49,2.14,0.44,0.48,1.03,0.42,0.31,4.93,6.63,7.07,0.73,2.58,8.89,8.89,9.02,22M,3.49,14.55,0,12076340,651971,5485,238,35
1460737,"Brady Dunlap",1460737,F,STL,MICH,"Saint Louis",ACTIVE,-12.5,161.5,74.5,15,5.29,1.87,0.75,1.12,0.75,0.33,0.1,6.04,7.16,7.91,0.43,2.62,9.22,9.22,9.82,16M,2.57,17.07,0,12078240,289551,8396,239,35
1593958,"Chris Cenac",1593958,C,UH,TA&M,Houston,ACTIVE,10.5,143.5,77,24.5,9.11,7.7,0.62,0.87,0.88,0.78,0.43,9.73,16.81,17.43,1.21,8.32,22.02,22.02,22.25,26M,22.25,22.25,0,12078230,652306,87955,240,35
1480439,"Conrad Martinez",1480439,G,HIGHP,ARK,"High Point",ACTIVE,-12.5,169.5,78.5,14,3.67,0.87,1.88,0.37,0.79,0.75,0.03,5.55,4.54,6.42,0.78,2.75,9.1,9.1,8.94,16M,1.93,15.95,0,12076400,288856,5347,241,35
1591649,"Jaylon Dean-Vines",1591649,G,VAND,NEB,Vanderbilt,ACTIVE,-1.5,146.5,74,0,0,0,0,0,0,0,0,0,0,0,0,0,0,0,0,0,0,0,0,12076340,652007,5485,242,35
1460738,"Simeon Wilcher",1460738,G,TEX,GONZ,Texas,ACTIVE,-6.5,146.5,70,11,2.14,0.91,0.86,0.36,0.74,0.44,0.19,3,3.05,3.91,0.63,1.77,5.65,5.65,5.62,12M,0.27,10.97,0,12078250,289632,5422,243,35
1231927,"Adam Miller",1231927,G,GONZ,TEX,Gonzaga,ACTIVE,6.5,146.5,76.5,21,6.94,1.4,1.13,0.96,0.43,0.59,0.02,8.07,8.34,9.47,0.61,2.53,11.71,11.71,11.86,22M,4.59,19.13,0,12078250,149396,5422,244,35
1593959,"Kingston Flemings",1593959,G,UH,TA&M,Houston,ACTIVE,10.5,143.5,77,32,15.37,4.57,5.24,1.02,2.33,1.36,0.28,20.61,19.94,25.18,1.64,9.81,31.28,31.28,31.63,34M,18.63,44.63,0,12078230,652313,87955,245,35
1460749,"Andrej Stojakovic",1460749,G,IL,VCU,Illinois,ACTIVE,11.5,150.5,81,21,9.85,3.88,0.75,0.49,1.18,0.37,0.32,10.6,13.73,14.48,0.69,4.63,16.53,16.53,16.87,22M,6.53,27.21,0,12078220,288928,5430,246,35
1590649,"Omer Mayer",1590649,G,PUR,MIA,Purdue,ACTIVE,7.5,147.5,77.5,12,4.78,0.75,0.73,0.91,0.78,0.3,0.01,5.51,5.53,6.26,0.31,1.48,6.92,6.92,7.49,14M,0.95,14.03,0,12090710,652093,5517,247,35
1594906,"Malachi Moreno",1594906,C,UK,ISU,Kentucky,ACTIVE,-4.5,145.5,70.5,22,5.95,5.9,1.56,0.01,1.85,0.35,1.21,7.51,11.85,13.41,1.56,7.46,18.18,18.18,17.89,24M,17.89,17.89,0,12089190,652105,5438,248,35
1408193,"Walker Horn",1408193,G,UK,ISU,Kentucky,ACTIVE,-4.5,145.5,70.5,0,0,0,0,0,0,0,0,0,0,0,0,0,0,0,0,0,0,0,0,12089190,245041,5438,249,35
1617183,"Treyvon Maddox",1617183,G,MIA,PUR,"Miami (FL)","O(Undisclosed - 01/09/2026)",-7.5,147.5,70,0,0,0,0,0,0,0,0,0,0,0,0,0,0,0,0,0,0,0,0,12090710,659212,5517,250,35
1408161,"LeJuan Watts",1408161,F,TTU,BAMA,"Texas Tech",ACTIVE,-1.5,164.5,83,26,12.19,6.89,2.15,0.64,2.52,0.82,0.21,14.34,19.08,21.23,1.03,9.04,24.24,24.24,25.29,28M,13.48,37.1,0,12089180,245748,5342,251,35
1617184,"Noam Dovrat",1617184,G,MIA,PUR,"Miami (FL)",ACTIVE,-7.5,147.5,70,8,2.95,0.48,0.74,0.87,0.37,0.25,0.02,3.69,3.43,4.17,0.27,1.22,5.06,5.06,5.44,10M,0,11.7,0,12090710,659182,5517,252,35
1590618,"Amari Allen",1590618,F,BAMA,TTU,Alabama,ACTIVE,1.5,164.5,81.5,31,11.98,6.5,2.93,1.52,1.5,0.95,0.49,14.91,18.48,21.41,1.44,9.43,26.99,26.99,27.5,32M,16.26,38.74,0,12089180,622996,5342,253,35
1408250,"Evan Manjikian",1408250,F,UCLA,UCONN,UCLA,"O(Undisclosed - 01/31/2026)",-4.5,136.5,66,0,0,0,0,0,0,0,0,0,0,0,0,0,0,0,0,0,0,0,0,12090740,245397,5381,254,35
1519152,"Labaron Philon",1519152,G,BAMA,TTU,Alabama,ACTIVE,1.5,164.5,81.5,37,23.72,3.92,4.98,2.59,3.06,1.33,0.13,28.7,27.64,32.62,1.46,8.9,37.22,37.22,38.84,40M,24.49,53.19,0,12089180,457559,5342,255,35
1416380,"Wilder Evers",1416380,G,KU,STJN,Kansas,ACTIVE,3.5,144.5,70.5,0,0,0,0,0,0,0,0,0,0,0,0,0,0,0,0,0,0,0,0,12090720,245032,5442,256,35
1429393,"Aiden Sherrell",1429393,F,BAMA,TTU,Alabama,ACTIVE,1.5,164.5,81.5,31,12.92,7.9,1.55,0.83,1.24,0.43,1.75,14.47,20.82,22.37,2.18,9.45,30.03,30.03,29.55,32M,17.47,41.63,0,12089180,457583,5342,257,35
1590619,"Davion Hannah",1590619,G,BAMA,TTU,Alabama,"O(Undisclosed - 02/04/2026)",1.5,164.5,81.5,0,0,0,0,0,0,0,0,0,0,0,0,0,0,0,0,0,0,0,0,12089180,623000,5342,258,35
1408251,"Jack Seidler",1408251,G,UCLA,UCONN,UCLA,ACTIVE,-4.5,136.5,66,0,0,0,0,0,0,0,0,0,0,0,0,0,0,0,0,0,0,0,0,12090740,245416,5381,259,35
1408273,"Felix Okpara",1408273,C,TENN,UVA,Tennessee,ACTIVE,-1.5,137.5,69.5,29,7.85,6.24,0.44,0.11,1.04,0.5,1.69,8.29,14.09,14.53,2.19,6.68,21.51,21.51,20.27,30M,20.27,20.27,0,12089250,244808,5580,260,35
1325092,"Grant Hurst",1325092,G,TENN,UVA,Tennessee,ACTIVE,-1.5,137.5,69.5,0,0,0,0,0,0,0,0,0,0,0,0,0,0,0,0,0,0,0,0,12089250,180770,5580,261,35
1416381,"Ernest Udeh",1416381,C,MIA,PUR,"Miami (FL)",ACTIVE,-7.5,147.5,70,34,6.58,9.16,0.78,0.02,0.6,0.93,1.75,7.36,15.74,16.52,2.68,9.94,26.18,26.18,24.5,36M,24.5,24.5,0,12090710,245037,5517,262,35
1416382,"Zuby Ejiofor",1416382,F,STJN,KU,"St. John's (NY)",ACTIVE,-3.5,144.5,74,34,17.56,8.57,3.63,0.67,2.36,1.24,2.58,21.19,26.13,29.76,3.82,12.2,42.39,42.39,40.98,36M,25.27,56.69,0,12090720,245031,5442,263,35
1405393,"Eric Mulder",1405393,G,ISU,UK,"Iowa State",ACTIVE,4.5,145.5,75,0,0,0,0,0,0,0,0,0,0,0,0,0,0,0,0,0,0,0,0,12089190,246924,5438,264,35
1348260,"Malik Thomas",1348260,G,UVA,TENN,Virginia,ACTIVE,1.5,137.5,68,24,11.21,3.52,1.16,1.58,1.5,0.55,0.04,12.37,14.73,15.89,0.59,4.68,17.44,17.44,18.57,26M,8.91,28.23,0,12089250,180137,5580,265,35
1610170,"Mabil Mawut",1610170,F,ARIZ,UTST,Arizona,ACTIVE,11.5,154.5,83,0,0,0,0,0,0,0,0,0,0,0,0,0,0,0,0,0,0,0,0,12089240,652092,5345,266,35
1405372,"Braden Smith",1405372,G,PUR,MIA,Purdue,ACTIVE,7.5,147.5,77.5,36,13.44,3.4,7.8,1.7,3.02,1.64,0.32,21.24,16.84,24.64,1.96,11.2,32.08,32.08,32.92,40M,20.76,45.08,0,12090710,244817,5517,267,35
1538362,"Luke Bamgboye",1538362,F,TTU,BAMA,"Texas Tech",ACTIVE,-1.5,164.5,83,19,5.69,4.78,0.72,0.09,0.9,0.4,1.37,6.41,10.47,11.19,1.77,5.5,16.93,16.93,15.9,20M,6.31,25.49,0,12089180,457982,5342,268,35
1408243,"Tarris Reed",1408243,F,UCONN,UCLA,Connecticut,ACTIVE,4.5,136.5,70.5,29,14.03,9.59,2.37,0.02,1.99,0.65,1.85,16.4,23.62,25.99,2.5,11.96,34.59,34.59,34.12,30M,19.09,49.15,0,12090740,244811,5381,269,35
1542180,"Ian Jackson",1542180,G,STJN,KU,"St. John's (NY)",ACTIVE,-3.5,144.5,74,11,5.16,1.45,0.68,0.9,0.99,0.53,0.1,5.84,6.61,7.29,0.63,2.13,8.84,8.84,9.22,12M,0.44,18,0,12090720,503259,5442,270,35
1401391,"Ja'Kobi Gillespie",1401391,G,TENN,UVA,Tennessee,ACTIVE,-1.5,137.5,69.5,36,16.74,2.71,5.08,2.93,1.94,2.25,0.17,21.82,19.45,24.53,2.42,7.79,32.93,32.93,33.12,40M,20.89,45.35,0,12089250,244886,5580,271,35
1405461,"Tyler Bilodeau",1405461,F,UCLA,UCONN,UCLA,"Q(Knee - 03/20/2026)",-4.5,136.5,66,10,5.12,2.06,0.26,0.55,0.56,0.11,0.14,5.38,7.18,7.44,0.25,2.32,8.17,8.17,8.57,12M,1.04,16.1,0,12090740,244867,5381,272,35
1406011,"Zach Keller",1406011,F,UTST,ARIZ,"Utah State",ACTIVE,-11.5,154.5,71.5,18.5,4.8,2.91,0.82,0.45,0.89,0.25,0.17,5.62,7.71,8.53,0.42,3.73,9.91,9.91,10.3,20M,4.09,16.51,0,12089240,245507,5345,273,35
1519465,"Collin Chandler",1519465,G,UK,ISU,Kentucky,ACTIVE,-4.5,145.5,70.5,33,9,2.75,2.61,2.56,1.67,1.28,0.12,11.61,11.75,14.36,1.4,5.36,18.75,18.75,19.6,34M,11.54,27.66,0,12089190,457435,5438,274,35
1402283,"Denzel Aberdeen",1402283,G,UK,ISU,Kentucky,ACTIVE,-4.5,145.5,70.5,35,13.02,3.32,3.52,1.92,1.54,0.57,0.07,16.54,16.34,19.86,0.64,6.84,22.66,22.66,23.93,36M,14.51,33.35,0,12089190,245062,5438,275,35
1404076,"Jackson Francois",1404076,G,ARIZ,UTST,Arizona,ACTIVE,11.5,154.5,83,0,0,0,0,0,0,0,0,0,0,0,0,0,0,0,0,0,0,0,0,12089240,245815,5345,276,35
1529443,"Kam Williams",1529443,G,UK,ISU,Kentucky,ACTIVE,-4.5,145.5,70.5,10,3.1,0.94,0.48,0.71,0.52,0.3,0.1,3.58,4.04,4.52,0.4,1.42,5.63,5.63,5.89,12M,0.28,11.5,0,12089190,457219,5438,277,35
1408223,"Brendan Hausen",1408223,G,IOWA,UF,Iowa,ACTIVE,-10.5,145.5,67.5,0,0,0,0,0,0,0,0,0,0,0,0,0,0,0,0,0,0,0,0,12090690,245089,5407,278,35
1409675,"Ugonna Onyenso",1409675,F,UVA,TENN,Virginia,ACTIVE,1.5,137.5,68,20,5.78,4.92,0.62,0.25,0.54,0.69,2.36,6.4,10.7,11.32,3.05,5.54,21.22,21.22,18.82,22M,7.81,29.83,0,12089250,245044,5580,279,35
1529597,"Trent Perry",1529597,G,UCLA,UCONN,UCLA,ACTIVE,-4.5,136.5,66,34,12.54,3.62,2.21,1.3,1.85,0.79,0.3,14.75,16.16,18.37,1.09,5.83,21.61,21.61,22.28,36M,13.51,31.05,0,12090740,457557,5381,280,35
1519466,"Trent Noah",1519466,F,UK,ISU,Kentucky,ACTIVE,-4.5,145.5,70.5,0,0,0,0,0,0,0,0,0,0,0,0,0,0,0,0,0,0,0,0,12089190,457544,5438,281,35
1519125,"Will Thengvall",1519125,G,KU,STJN,Kansas,ACTIVE,3.5,144.5,70.5,0,0,0,0,0,0,0,0,0,0,0,0,0,0,0,0,0,0,0,0,12090720,455410,5442,282,35
1404990,"Donovan Dent",1404990,G,UCLA,UCONN,UCLA,ACTIVE,-4.5,136.5,66,38,13.14,4.03,6.26,0.66,2.09,1.59,0.61,19.4,17.17,23.43,2.2,10.29,31.87,31.87,31.37,40M,19.78,42.96,0,12090740,246037,5381,283,35
1405980,"Mason Falslev",1405980,G,UTST,ARIZ,"Utah State",ACTIVE,-11.5,154.5,71.5,34.5,14.8,6.46,3.5,1.35,2.08,1.62,0.24,18.3,21.26,24.76,1.86,9.96,31.3,31.3,31.62,36M,19.17,44.07,0,12089240,246042,5345,284,35
1325097,"Trey Kaufman-Renn",1325097,F,PUR,MIA,Purdue,ACTIVE,7.5,147.5,77.5,30,14.85,8.34,2.15,0.03,1.66,0.31,0.32,17,23.19,25.34,0.63,10.49,28.33,28.33,29.33,32M,17.34,41.32,0,12090710,179945,5517,285,35
1547396,"Viktor Mikic",1547396,C,UF,IOWA,Florida,ACTIVE,10.5,145.5,78,0,0,0,0,0,0,0,0,0,0,0,0,0,0,0,0,0,0,0,0,12090690,505788,5407,286,35
1615211,"LaTrell Hoover",1615211,F,TTU,BAMA,"Texas Tech","O(Redshirt - 01/04/2026)",-1.5,164.5,83,0,0,0,0,0,0,0,0,0,0,0,0,0,0,0,0,0,0,0,0,12089180,663387,5342,287,35
1406035,"Dylan Darling",1406035,G,STJN,KU,"St. John's (NY)",ACTIVE,-3.5,144.5,74,29,8.71,3.72,2.93,1.12,1.62,1.83,0.07,11.64,12.43,15.36,1.9,6.65,21.65,21.65,21.31,30M,11.58,31.04,0,12090720,245477,5442,288,35
1408158,"Dillon Mitchell",1408158,F,STJN,KU,"St. John's (NY)",ACTIVE,-3.5,144.5,74,34,7.7,8.54,3.48,0.03,1.21,1.17,0.77,11.18,16.24,19.72,1.94,12.02,27.77,27.77,27.1,36M,16.71,37.49,0,12090720,245100,5442,289,35
1519126,"Flory Bidunga",1519126,F,KU,STJN,Kansas,ACTIVE,3.5,144.5,70.5,32,11.47,9.04,1.28,0.02,1.62,0.72,2.58,12.75,20.51,21.79,3.3,10.32,32.5,32.5,30.86,34M,18.56,43.16,0,12090720,455358,5442,290,35
1401493,"Noah Williamson",1401493,C,BAMA,TTU,Alabama,ACTIVE,1.5,164.5,81.5,4,0.69,0.73,0.11,0.04,0.3,0.14,0.09,0.8,1.42,1.53,0.23,0.84,2.1,2.1,2.08,5M,2.08,2.08,0,12089180,246251,5342,291,35
1401394,"Tre Donaldson",1401394,G,MIA,PUR,"Miami (FL)",ACTIVE,-7.5,147.5,70,35,14.78,3.49,5.33,2.33,2.01,1.18,0.18,20.11,18.27,23.6,1.36,8.82,29.05,29.05,30.09,36M,18.24,41.94,0,12090710,244978,5517,292,35
1538366,"Martin Carrere",1538366,G,UVA,TENN,Virginia,ACTIVE,1.5,137.5,68,0,0,0,0,0,0,0,0,0,0,0,0,0,0,0,0,0,0,0,0,12089250,504261,5580,293,35
1529599,"Christian Horry",1529599,G,UCLA,UCONN,UCLA,ACTIVE,-4.5,136.5,66,0,0,0,0,0,0,0,0,0,0,0,0,0,0,0,0,0,0,0,0,12090740,457500,5381,294,35
1401593,"Anthony Dell'Orso",1401593,G,ARIZ,UTST,Arizona,ACTIVE,11.5,154.5,83,22,8.28,2.07,1.38,1.64,1.09,0.76,0.11,9.66,10.35,11.73,0.87,3.45,14.35,14.35,14.95,24M,6.53,23.37,0,12089240,246480,5345,295,35
1524331,"Jordyn Kee",1524331,G,MIA,PUR,"Miami (FL)",ACTIVE,-7.5,147.5,70,0,0,0,0,0,0,0,0,0,0,0,0,0,0,0,0,0,0,0,0,12090710,457514,5517,296,35
1416410,"Micah Handlogten",1416410,C,UF,IOWA,Florida,ACTIVE,10.5,145.5,78,15.25,3.57,4.87,0.79,0.01,0.7,0.49,0.69,4.36,8.44,9.23,1.18,5.66,13.42,13.42,12.85,16M,12.85,12.85,0,12090690,245381,5407,297,35
1405410,"AJ Brown",1405410,G,UF,IOWA,Florida,ACTIVE,10.5,145.5,78,0,0,0,0,0,0,0,0,0,0,0,0,0,0,0,0,0,0,0,0,12090690,245590,5407,298,35
1406752,"Jacari White",1406752,G,UVA,TENN,Virginia,ACTIVE,1.5,137.5,68,18,8.41,2.05,0.94,1.9,1.03,0.51,0.07,9.35,10.46,11.4,0.58,2.99,13,13,13.98,20M,4.78,23.18,0,12089250,245556,5580,299,35
1610164,"Brayden Burries",1610164,G,ARIZ,UTST,Arizona,ACTIVE,11.5,154.5,83,32,17.95,4.49,2.38,2.21,1.69,1.57,0.15,20.33,22.44,24.82,1.72,6.87,30.38,30.38,30.86,34M,18.18,43.54,0,12089240,651986,5345,300,35
1405443,"Amaree Abram",1405443,G,TENN,UVA,Tennessee,ACTIVE,-1.5,137.5,69.5,0,0,0,0,0,0,0,0,0,0,0,0,0,0,0,0,0,0,0,0,12089250,245007,5580,301,35
1522594,"Jazz Henderson",1522594,G,TTU,BAMA,"Texas Tech",ACTIVE,-1.5,164.5,83,0,0,0,0,0,0,0,0,0,0,0,0,0,0,0,0,0,0,0,0,12089180,455374,5342,302,35
1610165,"Bryce James",1610165,G,ARIZ,UTST,Arizona,ACTIVE,11.5,154.5,83,0,0,0,0,0,0,0,0,0,0,0,0,0,0,0,0,0,0,0,0,12089240,652057,5345,303,35
1405367,"Fletcher Loyer",1405367,G,PUR,MIA,Purdue,ACTIVE,7.5,147.5,77.5,30,14.09,2.4,2.04,3.25,0.94,0.89,0.09,16.13,16.49,18.53,0.98,4.44,22.03,22.03,23.26,32M,13.03,33.49,0,12090710,244803,5517,304,35
1405015,"Preston Murphy",1405015,G,BAMA,TTU,Alabama,ACTIVE,1.5,164.5,81.5,0,0,0,0,0,0,0,0,0,0,0,0,0,0,0,0,0,0,0,0,12089180,245690,5342,305,35
1614378,"Jaylen Petty",1614378,G,TTU,BAMA,"Texas Tech",ACTIVE,-1.5,164.5,83,37,13.56,5.69,2.52,2.69,1.28,0.69,0.02,16.08,19.25,21.77,0.71,8.21,25.03,25.03,26.65,40M,16.81,36.49,0,12089180,652341,5342,306,35
1234460,"Devin Tillis",1234460,F,UVA,TENN,Virginia,ACTIVE,1.5,137.5,68,11,2.53,1.74,0.89,0.43,0.54,0.14,0.04,3.42,4.27,5.16,0.18,2.63,5.93,5.93,6.33,12M,0.77,11.89,0,12089250,150057,5580,307,35
1406038,"MJ Collins",1406038,G,UTST,ARIZ,"Utah State",ACTIVE,-11.5,154.5,71.5,35.5,16.21,3.49,1.73,2.29,1.31,1.06,0.1,17.94,19.7,21.43,1.16,5.22,25.16,25.16,25.98,36M,15.75,36.21,0,12089240,245474,5345,308,35
1402782,"Malik Reneau",1402782,F,MIA,PUR,"Miami (FL)",ACTIVE,-7.5,147.5,70,33,17.06,7.03,2.06,0.97,2.9,0.98,0.74,19.12,24.09,26.15,1.72,9.09,30.84,30.84,31.63,34M,19.02,44.24,0,12090710,244561,5517,309,35
1458442,"Aden Holloway",1458442,G,BAMA,TTU,Alabama,"Q(Legal problems - 03/20/2026)",1.5,164.5,81.5,0,0,0,0,0,0,0,0,0,0,0,0,0,0,0,0,0,0,0,0,12089180,289055,5342,310,35
1538644,"Jordy Barnes",1538644,G,UTST,ARIZ,"Utah State",ACTIVE,-11.5,154.5,71.5,0,0,0,0,0,0,0,0,0,0,0,0,0,0,0,0,0,0,0,0,12089240,459169,5345,311,35
1547356,"Urban Klavzar",1547356,G,UF,IOWA,Florida,ACTIVE,10.5,145.5,78,17.25,7.5,1.28,0.84,1.76,0.64,0.26,0.04,8.34,8.78,9.62,0.3,2.12,10.58,10.58,11.54,18M,3.23,19.85,0,12090690,505779,5407,312,35
1610166,"Ivan Kharchenkov",1610166,F,ARIZ,UTST,Arizona,ACTIVE,11.5,154.5,83,29,10.75,4.65,2.23,1.11,1.72,1.11,0.31,12.98,15.4,17.63,1.42,6.88,22.2,22.2,22.45,30M,12.56,32.34,0,12089240,652068,5345,313,35
1405698,"Tobe Awaka",1405698,F,ARIZ,UTST,Arizona,ACTIVE,11.5,154.5,83,20,8.05,8.03,0.6,0.12,0.88,0.32,0.67,8.65,16.08,16.68,0.99,8.63,20.67,20.67,20.77,22M,8.62,32.92,0,12089240,244971,5345,314,35
1549578,"Keitenn Bristow",1549578,F,BAMA,TTU,Alabama,"O(Undisclosed - 02/04/2026)",1.5,164.5,81.5,0,0,0,0,0,0,0,0,0,0,0,0,0,0,0,0,0,0,0,0,12089180,512185,5342,315,35
1405379,"Sam King",1405379,F,PUR,MIA,Purdue,ACTIVE,7.5,147.5,77.5,0,0,0,0,0,0,0,0,0,0,0,0,0,0,0,0,0,0,0,0,12090710,244798,5517,316,35
1532770,"Tavion Banks",1532770,G,IOWA,UF,Iowa,ACTIVE,-10.5,145.5,67.5,26,9.44,4.37,1.13,0.5,1.44,0.97,0.32,10.57,13.81,14.94,1.29,5.5,18.82,18.82,18.73,28M,9.5,27.96,0,12090690,505475,5407,317,35
1459752,"Cade Kelderman",1459752,G,ISU,UK,"Iowa State",ACTIVE,4.5,145.5,75,0,0,0,0,0,0,0,0,0,0,0,0,0,0,0,0,0,0,0,0,12089190,281791,5438,318,35
1402772,"Skyy Clark",1402772,G,UCLA,UCONN,UCLA,ACTIVE,-4.5,136.5,66,32,10.3,2.67,1.8,1.89,1.14,0.99,0.11,12.1,12.97,14.77,1.1,4.47,18.38,18.38,18.92,34M,11.14,26.7,0,12090740,244556,5381,319,35
1534783,"Alec Millender",1534783,G,UCONN,UCLA,Connecticut,ACTIVE,4.5,136.5,70.5,0,0,0,0,0,0,0,0,0,0,0,0,0,0,0,0,0,0,0,0,12090740,255677,5381,320,35
1459884,"Taylor Bol Bowen",1459884,F,BAMA,TTU,Alabama,ACTIVE,1.5,164.5,81.5,20,5.69,4.17,0.49,0.82,0.7,0.37,0.66,6.18,9.86,10.35,1.03,4.66,13.82,13.82,13.76,22M,5.71,21.81,0,12089180,281766,5342,321,35
1469696,"Mason Williams",1469696,G,ISU,UK,"Iowa State","O(Hip - 01/10/2026)",4.5,145.5,75,0,0,0,0,0,0,0,0,0,0,0,0,0,0,0,0,0,0,0,0,12089190,288957,5438,322,35
1459577,"Silas Demary",1459577,G,UCONN,UCLA,Connecticut,ACTIVE,4.5,136.5,70.5,28,9.01,4.11,4.87,0.91,2.38,1.28,0.17,13.88,13.12,17.99,1.45,8.98,23.23,23.23,23.66,30M,12.85,34.47,0,12090740,289027,5381,323,35
1401398,"Tyeree Bryan",1401398,G,TTU,BAMA,"Texas Tech",ACTIVE,-1.5,164.5,83,18,3.17,2.89,0.74,0.57,0.2,0.77,0.12,3.91,6.06,6.8,0.89,3.63,10.22,10.22,9.85,20M,3.37,16.33,0,12089180,246466,5342,324,35
1610167,"Koa Peat",1610167,F,ARIZ,UTST,Arizona,ACTIVE,11.5,154.5,83,28,13.03,5.17,2.56,0.33,2.11,0.64,0.81,15.59,18.2,20.76,1.45,7.73,25.34,25.34,25.4,30M,14.21,36.59,0,12089240,652126,5345,325,35
1404016,"Jayden Dawson",1404016,G,KU,STJN,Kansas,ACTIVE,3.5,144.5,70.5,1,0.2,0.08,0.06,0.05,0.03,0.03,0.01,0.26,0.28,0.34,0.04,0.14,0.45,0.45,0.46,5M,0,1.29,0,12090720,245606,5442,326,35
1460182,"JT Toppin",1460182,F,TTU,BAMA,"Texas Tech","O(ACL - 02/20/2026)",-1.5,164.5,83,0,0,0,0,0,0,0,0,0,0,0,0,0,0,0,0,0,0,0,0,12089180,288936,5342,327,35
1532771,"Bennett Stirtz",1532771,G,IOWA,UF,Iowa,ACTIVE,-10.5,145.5,67.5,39.5,18.9,3.45,4.06,1.93,2.19,1.54,0.49,22.96,22.35,26.41,2.03,7.51,33.02,33.02,33.24,40M,20.96,45.52,0,12090690,505528,5407,328,35
1458730,"Tucker Anderson",1458730,F,UTST,ARIZ,"Utah State",ACTIVE,-11.5,154.5,71.5,1,0.27,0.13,0.05,0.05,0.03,0.03,0.02,0.32,0.4,0.45,0.05,0.18,0.63,0.63,0.62,5M,0,1.59,0,12089240,289170,5345,329,35
1589784,"Peyton McCollum",1589784,G,IOWA,UF,Iowa,"O(Undisclosed - 01/17/2026)",-10.5,145.5,67.5,0,0,0,0,0,0,0,0,0,0,0,0,0,0,0,0,0,0,0,0,12090690,652095,5407,330,35
1415830,"Dallin Hall",1415830,G,UVA,TENN,Virginia,ACTIVE,1.5,137.5,68,29,4.83,3.07,3.81,0.78,1.39,0.81,0.02,8.64,7.9,11.71,0.83,6.88,15.34,15.34,15.75,30M,8.56,22.94,0,12089250,246047,5580,331,35
1522597,"Christian Anderson",1522597,G,TTU,BAMA,"Texas Tech",ACTIVE,-1.5,164.5,83,39,21.68,4.72,7.25,2.7,3.33,1.49,0.28,28.93,26.4,33.65,1.77,11.97,40.21,40.21,42.02,40M,26.5,57.54,0,12089180,455353,5342,332,35
1610168,"Sidi Gueye",1610168,F,ARIZ,UTST,Arizona,ACTIVE,11.5,154.5,83,1,0.36,0.19,0.04,0.01,0.08,0.02,0.06,0.4,0.55,0.59,0.08,0.23,0.83,0.83,0.8,5M,0,2.05,0,12089240,662568,5345,333,35
1529604,"Eric Freeny",1529604,G,UCLA,UCONN,UCLA,ACTIVE,-4.5,136.5,66,10,1.89,1.65,0.33,0.33,0.45,0.29,0.12,2.22,3.54,3.87,0.41,1.98,5.15,5.15,5.21,12M,0.25,10.17,0,12090740,457470,5381,334,35
1461371,"Rueben Chinyelu",1461371,C,UF,IOWA,Florida,ACTIVE,10.5,145.5,78,26.25,9.99,10.42,0.6,0.01,1.79,0.71,0.99,10.59,20.41,21.01,1.7,11.02,26.72,26.72,26.9,28M,26.9,26.9,0,12090690,288762,5407,335,35
1460282,"Eric Dailey",1460282,F,UCLA,UCONN,UCLA,ACTIVE,-4.5,136.5,66,34,12.29,7.67,1.12,0.97,1.83,1.15,0.42,13.41,19.96,21.08,1.57,8.79,26.06,26.06,26.51,36M,16.35,36.67,0,12090740,282631,5381,336,35
1595010,"Dante Allen",1595010,G,MIA,PUR,"Miami (FL)",ACTIVE,-7.5,147.5,70,26,5.79,2.51,2.18,0.88,0.98,0.69,0.18,7.97,8.3,10.48,0.87,4.69,13.7,13.7,13.89,28M,7.04,20.74,0,12090710,654935,5517,337,35
1461063,"Sam Lewis",1461063,G,UVA,TENN,Virginia,ACTIVE,1.5,137.5,68,27,10.42,3.25,1.2,1.66,1.54,0.82,0.24,11.62,13.67,14.87,1.06,4.45,17.74,17.74,18.45,28M,9.36,27.54,0,12089250,289069,5580,338,35
1408439,"Joshua Jefferson",1408439,F,ISU,UK,"Iowa State","D(Ankle - 03/20/2026)",4.5,145.5,75,0,0,0,0,0,0,0,0,0,0,0,0,0,0,0,0,0,0,0,0,12089190,246054,5438,339,35
1589785,"Tate Sage",1589785,G,IOWA,UF,Iowa,ACTIVE,-10.5,145.5,67.5,13,4.1,1.33,0.21,0.45,0.44,0.16,0.2,4.31,5.43,5.64,0.36,1.54,6.65,6.65,6.8,14M,0.87,12.73,0,12090690,652151,5407,340,35
1523620,"Jayden Quaintance",1523620,F,UK,ISU,Kentucky,"O(Knee - 01/25/2026)",-4.5,145.5,70.5,0,0,0,0,0,0,0,0,0,0,0,0,0,0,0,0,0,0,0,0,12089190,455396,5438,341,35
1521585,"Olivier Rioux",1521585,C,UF,IOWA,Florida,ACTIVE,10.5,145.5,78,0,0,0,0,0,0,0,0,0,0,0,0,0,0,0,0,0,0,0,0,12090690,457575,5407,342,35
1459754,"Milan Momcilovic",1459754,F,ISU,UK,"Iowa State",ACTIVE,4.5,145.5,75,36,17.62,4.19,1.22,3.53,1.06,0.64,0.56,18.84,21.81,23.03,1.2,5.41,27.01,27.01,28.33,40M,17.99,38.67,0,12089190,281800,5438,343,35
1522598,"Leon Horner",1522598,F,TTU,BAMA,"Texas Tech",ACTIVE,-1.5,164.5,83,0,0,0,0,0,0,0,0,0,0,0,0,0,0,0,0,0,0,0,0,12089180,455375,5342,344,35
1401378,"Jaden Bradley",1401378,G,ARIZ,UTST,Arizona,ACTIVE,11.5,154.5,83,32,12.2,3.45,4.34,0.87,2.3,1.26,0.21,16.54,15.65,19.99,1.47,7.79,24.96,24.96,25.26,34M,14.88,35.64,0,12089240,244973,5345,345,35
1405624,"Kolby King",1405624,G,UTST,ARIZ,"Utah State",ACTIVE,-11.5,154.5,71.5,10.5,3.23,1.82,0.93,0.54,0.51,0.3,0.01,4.16,5.05,5.98,0.31,2.75,7.25,7.25,7.55,12M,0.36,14.74,0,12089240,245095,5345,346,35
1482360,"Jack Francis",1482360,G,TTU,BAMA,"Texas Tech",ACTIVE,-1.5,164.5,83,0,0,0,0,0,0,0,0,0,0,0,0,0,0,0,0,0,0,0,0,12089180,289228,5342,347,35
1405899,"Oziyah Sellers",1405899,G,STJN,KU,"St. John's (NY)",ACTIVE,-3.5,144.5,74,24,8.69,2.37,0.97,1.73,0.45,0.5,0.11,9.66,11.06,12.03,0.61,3.34,14.37,14.37,14.97,26M,7.18,22.76,0,12090720,245417,5442,348,35
1461350,"Desmond Roberts",1461350,G,UVA,TENN,Virginia,ACTIVE,1.5,137.5,68,0,0,0,0,0,0,0,0,0,0,0,0,0,0,0,0,0,0,0,0,12089250,281809,5580,349,35
1538438,"Dominick Nelson",1538438,G,ISU,UK,"Iowa State",ACTIVE,4.5,145.5,75,8,3.26,1.02,0.4,0.13,0.8,0.26,0.26,3.66,4.28,4.68,0.52,1.42,5.86,5.86,5.85,10M,0,12.58,0,12089190,460490,5438,350,35
1417207,"Donovan Atwell",1417207,F,TTU,BAMA,"Texas Tech",ACTIVE,-1.5,164.5,83,37,17.03,4.22,1.01,4.24,0.58,1.13,0.15,18.04,21.25,22.26,1.28,5.23,26.86,26.86,28.22,40M,17.92,38.52,0,12089180,245795,5342,351,35
1595011,"Salih Altuntas",1595011,C,MIA,PUR,"Miami (FL)",ACTIVE,-7.5,147.5,70,0,0,0,0,0,0,0,0,0,0,0,0,0,0,0,0,0,0,0,0,12090710,654936,5517,352,35
1420694,"Xaivian Lee",1420694,G,UF,IOWA,Florida,ACTIVE,10.5,145.5,78,29.25,10.83,3.18,4.2,1.71,2.32,1.1,0.05,15.03,14.01,18.21,1.15,7.38,22.07,22.07,23.11,30M,12.55,33.67,0,12090690,250149,5407,353,35
1520761,"Daniel Jacobsen",1520761,C,PUR,MIA,Purdue,ACTIVE,7.5,147.5,77.5,8,3.01,1.69,0.12,0.04,0.4,0.03,0.58,3.13,4.7,4.82,0.61,1.81,6.64,6.64,6.33,10M,6.33,6.33,0,12090710,457503,5517,354,35
1486177,"Xavier Booker",1486177,F,UCLA,UCONN,UCLA,ACTIVE,-4.5,136.5,66,21,6.79,3.72,0.41,0.88,0.75,0.24,1.19,7.2,10.51,10.92,1.43,4.13,15.4,15.4,14.98,22M,6.22,23.74,0,12090740,290759,5381,355,35
1532773,"Isaia Howard",1532773,G,IOWA,UF,Iowa,ACTIVE,-10.5,145.5,67.5,17,5.13,2.83,1.2,0.52,0.69,0.91,0.3,6.33,7.96,9.16,1.21,4.03,13.26,13.26,12.8,18M,3.58,22.02,0,12090690,505495,5407,356,35
1589786,"Trevin Jirak",1589786,C,IOWA,UF,Iowa,ACTIVE,-10.5,145.5,67.5,0,0,0,0,0,0,0,0,0,0,0,0,0,0,0,0,0,0,0,0,12090690,652059,5407,357,35
1523621,"Joson Sanon",1523621,G,STJN,KU,"St. John's (NY)",ACTIVE,-3.5,144.5,74,20,7.21,2.34,0.65,1.74,0.82,0.43,0.13,7.86,9.55,10.2,0.56,2.99,11.86,11.86,12.69,22M,4.91,20.47,0,12090720,455403,5442,358,35
1406802,"Drake Allen",1406802,G,UTST,ARIZ,"Utah State",ACTIVE,-11.5,154.5,71.5,33.5,10.1,4.07,4.85,1.21,2.6,2.2,0.85,14.95,14.17,19.02,3.05,8.92,28.82,28.82,27.9,34M,16.43,39.37,0,12089240,246710,5345,359,35
1340791,"Bryce Hopkins",1340791,F,STJN,KU,"St. John's (NY)",ACTIVE,-3.5,144.5,74,34,13.76,7.98,1.47,0.94,1.36,1.18,0.23,15.23,21.74,23.21,1.41,9.45,28.42,28.42,28.86,36M,17.79,39.93,0,12090720,179668,5442,360,35
1405416,"Otega Oweh",1405416,G,UK,ISU,Kentucky,ACTIVE,-4.5,145.5,70.5,39,19.22,4.86,2.81,1.13,2.85,1.87,0.19,22.03,24.08,26.89,2.06,7.67,32.58,32.58,32.8,40M,20.69,44.91,0,12089190,245045,5438,361,35
1612458,"Owen Odom",1612458,G,UVA,TENN,Virginia,ACTIVE,1.5,137.5,68,0,0,0,0,0,0,0,0,0,0,0,0,0,0,0,0,0,0,0,0,12089250,657247,5580,362,35
1461351,"Elijah Gertrude",1461351,G,UVA,TENN,Virginia,ACTIVE,1.5,137.5,68,0,0,0,0,0,0,0,0,0,0,0,0,0,0,0,0,0,0,0,0,12089250,281783,5580,363,35
1595012,"Shelton Henderson",1595012,F,MIA,PUR,"Miami (FL)",ACTIVE,-7.5,147.5,70,33,11.48,4.54,2.06,0.23,1.57,0.92,0.48,13.54,16.02,18.08,1.4,6.6,22.62,22.62,22.37,34M,13.45,31.29,0,12090710,654977,5517,364,35
1522940,"Josiah Moseley",1522940,F,TTU,BAMA,"Texas Tech",ACTIVE,-1.5,164.5,83,21,8.88,6.53,0.83,0.35,0.86,0.57,1.3,9.71,15.41,16.24,1.87,7.36,22.7,22.7,21.85,22M,9.07,34.63,0,12089180,457540,5342,365,35
1520762,"Jack Benter",1520762,G,PUR,MIA,Purdue,ACTIVE,7.5,147.5,77.5,15,3.82,2.05,0.76,0.88,0.65,0.54,0.02,4.58,5.87,6.63,0.56,2.81,8.45,8.45,8.76,16M,1.9,15.62,0,12090710,457425,5517,366,35
1522951,"Cooper Koch",1522951,F,IOWA,UF,Iowa,ACTIVE,-10.5,145.5,67.5,34,8.73,2.81,1.32,2.37,0.64,0.46,0.13,10.05,11.54,12.86,0.59,4.13,15.21,15.21,16.26,36M,10.03,22.49,0,12090690,455383,5407,367,35
1532774,"Joey Matteoni",1532774,F,IOWA,UF,Iowa,ACTIVE,-10.5,145.5,67.5,0,0,0,0,0,0,0,0,0,0,0,0,0,0,0,0,0,0,0,0,12090690,505507,5407,368,35
1610446,"Fotis Konstantinidis",1610446,G,STJN,KU,"St. John's (NY)",ACTIVE,-3.5,144.5,74,0,0,0,0,0,0,0,0,0,0,0,0,0,0,0,0,0,0,0,0,12090720,652662,5442,369,35
1460340,"Jaland Lowe",1460340,G,UK,ISU,Kentucky,"O(Arm - 01/14/2026)",-4.5,145.5,70.5,0,0,0,0,0,0,0,0,0,0,0,0,0,0,0,0,0,0,0,0,12089190,281794,5438,370,35
1593330,"Amari Evans",1593330,G,TENN,UVA,Tennessee,ACTIVE,-1.5,137.5,69.5,18,4.62,3.49,0.69,0.42,0.56,0.92,0.35,5.31,8.11,8.8,1.27,4.18,13.09,13.09,12.49,20M,4.27,20.71,0,12089250,652019,5580,371,35
1612459,"Thijs De Ridder",1612459,F,UVA,TENN,Virginia,ACTIVE,1.5,137.5,68,28,12.17,5.58,1.41,0.89,1.62,0.89,0.42,13.58,17.75,19.16,1.31,6.99,23.29,23.29,23.57,30M,13.18,33.96,0,12089250,657226,5580,372,35
1340198,"Addison Arnold",1340198,G,ARIZ,UTST,Arizona,ACTIVE,11.5,154.5,83,0,0,0,0,0,0,0,0,0,0,0,0,0,0,0,0,0,0,0,0,12089240,179296,5345,373,35
1520730,"Bishop Boswell",1520730,G,TENN,UVA,Tennessee,ACTIVE,-1.5,137.5,69.5,27,5.42,3.53,2.78,0.79,1.65,0.99,0.14,8.2,8.95,11.73,1.13,6.31,15.56,15.56,15.83,28M,8.03,23.63,0,12089250,457997,5580,374,35
1542664,"Marcus Allen",1542664,G,MIA,PUR,"Miami (FL)","O(Illness - 12/19/2025)",-7.5,147.5,70,0,0,0,0,0,0,0,0,0,0,0,0,0,0,0,0,0,0,0,0,12090710,216948,5517,375,35
1599534,"Nginyu Ngala",1599534,G,KU,STJN,Kansas,ACTIVE,3.5,144.5,70.5,0,0,0,0,0,0,0,0,0,0,0,0,0,0,0,0,0,0,0,0,12090720,652336,5442,376,35
1522952,"Jacob Koch",1522952,G,IOWA,UF,Iowa,ACTIVE,-10.5,145.5,67.5,0,0,0,0,0,0,0,0,0,0,0,0,0,0,0,0,0,0,0,0,12090690,455384,5407,377,35
1599435,"Kelvin Odih",1599435,G,STJN,KU,"St. John's (NY)",ACTIVE,-3.5,144.5,74,0,0,0,0,0,0,0,0,0,0,0,0,0,0,0,0,0,0,0,0,12090720,652686,5442,378,35
1232079,"Latrell Wrightsell",1232079,G,BAMA,TTU,Alabama,ACTIVE,1.5,164.5,81.5,30,13.11,3.54,1.91,2.53,1.01,1.08,0.01,15.02,16.65,18.56,1.09,5.45,22.47,22.47,23.33,32M,13.07,33.59,0,12089180,149660,5342,379,35
1459515,"Alex Condon",1459515,F,UF,IOWA,Florida,ACTIVE,10.5,145.5,78,29.25,13.27,5.97,2.65,0.24,2.61,0.45,1.23,15.92,19.24,21.89,1.68,8.62,26.82,26.82,26.96,30M,15.08,38.84,0,12090690,289021,5407,380,35
1480394,"Mouhamed Dioubate",1480394,F,UK,ISU,Kentucky,ACTIVE,-4.5,145.5,70.5,22,8.38,5.84,1.07,0.31,1.01,0.85,0.97,9.45,14.22,15.29,1.82,6.91,21.47,21.47,20.64,24M,10.04,31.24,0,12089190,289029,5438,381,35
1592594,"Jacob Furphy",1592594,G,UCONN,UCLA,Connecticut,ACTIVE,4.5,136.5,70.5,0,0,0,0,0,0,0,0,0,0,0,0,0,0,0,0,0,0,0,0,12090740,652315,5381,382,35
1493275,"Luke Kearney",1493275,F,UTST,ARIZ,"Utah State",ACTIVE,-11.5,154.5,71.5,0,0,0,0,0,0,0,0,0,0,0,0,0,0,0,0,0,0,0,0,12089240,291795,5345,383,35
1473101,"Cooper Josefsberg",1473101,G,UF,IOWA,Florida,ACTIVE,10.5,145.5,78,0,0,0,0,0,0,0,0,0,0,0,0,0,0,0,0,0,0,0,0,12090690,289063,5407,384,35
1460286,"Brandon Garrison",1460286,C,UK,ISU,Kentucky,ACTIVE,-4.5,145.5,70.5,20,5.96,5.23,1.17,0.2,1.46,0.82,1.31,7.13,11.19,12.36,2.13,6.4,18.91,18.91,17.89,22M,17.89,17.89,0,12089190,282634,5438,385,35
1596697,"Markell Alston",1596697,G,UCLA,UCONN,UCLA,ACTIVE,-4.5,136.5,66,0,0,0,0,0,0,0,0,0,0,0,0,0,0,0,0,0,0,0,0,12090740,652300,5381,386,35
1595014,"John Laboy",1595014,G,MIA,PUR,"Miami (FL)",ACTIVE,-7.5,147.5,70,0,0,0,0,0,0,0,0,0,0,0,0,0,0,0,0,0,0,0,0,12090710,654992,5517,387,35
1520753,"Aaron Fine",1520753,G,PUR,MIA,Purdue,ACTIVE,7.5,147.5,77.5,0,0,0,0,0,0,0,0,0,0,0,0,0,0,0,0,0,0,0,0,12090710,457465,5517,388,35
1343026,"Houston Mallette",1343026,G,BAMA,TTU,Alabama,ACTIVE,1.5,164.5,81.5,22,4.4,4.24,1.02,1.28,0.45,0.57,0.01,5.42,8.64,9.66,0.58,5.26,12.31,12.31,12.81,24M,5.6,20.02,0,12089180,179914,5342,389,35
1402800,"Sadiku Ibine Ayo",1402800,F,STJN,KU,"St. John's (NY)",ACTIVE,-3.5,144.5,74,0,0,0,0,0,0,0,0,0,0,0,0,0,0,0,0,0,0,0,0,12090720,246652,5442,390,35
1334226,"Malachi Smith",1334226,G,UCONN,UCLA,Connecticut,ACTIVE,4.5,136.5,70.5,12,2.41,1.07,1.71,0.42,0.74,0.53,0.11,4.12,3.48,5.19,0.64,2.78,7.43,7.43,7.43,14M,0.95,13.91,0,12090740,179462,5381,391,35
1521578,"Isaiah Brown",1521578,G,UF,IOWA,Florida,ACTIVE,10.5,145.5,78,16.25,6.27,2.49,0.64,0.73,0.56,0.34,0.23,6.91,8.76,9.4,0.57,3.13,11.37,11.37,11.57,18M,3.24,19.9,0,12090690,457427,5407,392,35
1459516,"Thomas Haugh",1459516,F,UF,IOWA,Florida,ACTIVE,10.5,145.5,78,35.25,15.51,5.59,1.67,1.77,1.61,0.9,0.91,17.18,21.1,22.77,1.81,7.26,28.55,28.55,28.78,36M,17.75,39.81,0,12090690,289052,5407,393,35
1522326,"Jalil Bethea",1522326,G,BAMA,TTU,Alabama,ACTIVE,1.5,164.5,81.5,4,1.67,0.68,0.27,0.25,0.21,0.09,0.03,1.94,2.35,2.62,0.12,0.95,3.04,3.04,3.19,5M,0,8.94,0,12089180,457990,5342,394,35
1459769,"Jaylen Carey",1459769,F,TENN,UVA,Tennessee,ACTIVE,-1.5,137.5,69.5,14,4.06,4.17,0.76,0.02,0.57,0.15,0.09,4.82,8.23,8.99,0.24,4.93,10.34,10.34,10.62,16M,2.78,18.46,0,12089250,289688,5580,395,35
1481231,"Justin Cross",1481231,G,KU,STJN,Kansas,ACTIVE,3.5,144.5,70.5,0,0,0,0,0,0,0,0,0,0,0,0,0,0,0,0,0,0,0,0,12090720,281777,5442,396,35
1460540,"Alex Kovatchev",1460540,G,UF,IOWA,Florida,ACTIVE,10.5,145.5,78,0,0,0,0,0,0,0,0,0,0,0,0,0,0,0,0,0,0,0,0,12090690,288837,5407,397,35
1592595,"Braylon Mullins",1592595,G,UCONN,UCLA,Connecticut,ACTIVE,4.5,136.5,70.5,34,12.92,3.57,1.72,2.27,1.43,1.12,0.69,14.64,16.49,18.21,1.81,5.29,23.79,23.79,24.01,36M,14.56,33.46,0,12090740,652335,5381,398,35
1593332,"Clarence Massamba",1593332,G,TENN,UVA,Tennessee,ACTIVE,-1.5,137.5,69.5,0,0,0,0,0,0,0,0,0,0,0,0,0,0,0,0,0,0,0,0,12089250,652089,5580,399,35
1461343,"Carter Lang",1461343,F,UVA,TENN,Virginia,ACTIVE,1.5,137.5,68,0,0,0,0,0,0,0,0,0,0,0,0,0,0,0,0,0,0,0,0,12089250,289261,5580,400,35
1460375,"Jace Rayl",1460375,G,PUR,MIA,Purdue,ACTIVE,7.5,147.5,77.5,0,0,0,0,0,0,0,0,0,0,0,0,0,0,0,0,0,0,0,0,12090710,289090,5517,401,35
1232543,"Liam Murphy",1232543,F,PUR,MIA,Purdue,ACTIVE,7.5,147.5,77.5,0,0,0,0,0,0,0,0,0,0,0,0,0,0,0,0,0,0,0,0,12090710,149489,5517,402,35
1552731,"Anthony Peoples",1552731,F,UCLA,UCONN,UCLA,ACTIVE,-4.5,136.5,66,0,0,0,0,0,0,0,0,0,0,0,0,0,0,0,0,0,0,0,0,12090740,505284,5381,403,35
1231124,"Dwayne Koroma",1231124,F,UCONN,UCLA,Connecticut,ACTIVE,4.5,136.5,70.5,0,0,0,0,0,0,0,0,0,0,0,0,0,0,0,0,0,0,0,0,12090740,148985,5381,404,35
1595015,"Timotej Malovec",1595015,F,MIA,PUR,"Miami (FL)",ACTIVE,-7.5,147.5,70,4,0.95,0.4,0.24,0.28,0.18,0.07,0.08,1.19,1.35,1.59,0.15,0.64,2.04,2.04,2.14,5M,0,5.48,0,12090710,655003,5517,405,35
1323513,"Charles Bediako",1323513,F,BAMA,TTU,Alabama,ACTIVE,1.5,164.5,81.5,0,0,0,0,0,0,0,0,0,0,0,0,0,0,0,0,0,0,0,0,12089180,179290,5342,406,35
1520765,"Gicarri Harris",1520765,G,PUR,MIA,Purdue,ACTIVE,7.5,147.5,77.5,14,3.76,1.25,0.51,0.79,0.46,0.62,0.08,4.27,5.01,5.52,0.7,1.76,7.68,7.68,7.66,16M,1.66,13.66,0,12090710,457493,5517,407,35
1599437,"Casper Pohto",1599437,G,STJN,KU,"St. John's (NY)","O(Hip - 01/06/2026)",-3.5,144.5,74,0,0,0,0,0,0,0,0,0,0,0,0,0,0,0,0,0,0,0,0,12090720,652697,5442,408,35
1334337,"Handje Tamba",1334337,F,STJN,KU,"St. John's (NY)",ACTIVE,-3.5,144.5,74,0,0,0,0,0,0,0,0,0,0,0,0,0,0,0,0,0,0,0,0,12090720,180063,5442,409,35
1610602,"Trey Thompson",1610602,F,IOWA,UF,Iowa,ACTIVE,-10.5,145.5,67.5,0,0,0,0,0,0,0,0,0,0,0,0,0,0,0,0,0,0,0,0,12090690,652180,5407,410,35
1405903,"Tre White",1405903,G,KU,STJN,Kansas,ACTIVE,3.5,144.5,70.5,32,11.36,5.81,1.32,1.73,1.86,0.36,0.37,12.68,17.17,18.49,0.73,7.13,20.62,20.62,22.05,34M,12.99,31.11,0,12090720,245428,5442,411,35
1612418,"Ethan Burg",1612418,G,TENN,UVA,Tennessee,ACTIVE,-1.5,137.5,69.5,15,3.31,1.15,1.05,0.73,0.96,0.48,0.08,4.36,4.46,5.51,0.56,2.2,6.99,6.99,7.33,16M,1.59,13.07,0,12089250,654387,5580,412,35
1538608,"Sven Djopmo",1538608,G,ARIZ,UTST,Arizona,ACTIVE,11.5,154.5,83,0,0,0,0,0,0,0,0,0,0,0,0,0,0,0,0,0,0,0,0,12089240,503255,5345,413,35
1594895,"Corbin Allen",1594895,G,KU,STJN,Kansas,ACTIVE,3.5,144.5,70.5,0,0,0,0,0,0,0,0,0,0,0,0,0,0,0,0,0,0,0,0,12090720,652299,5442,414,35
1592596,"Eric Reibe",1592596,C,UCONN,UCLA,Connecticut,ACTIVE,4.5,136.5,70.5,11,4.6,2.62,0.32,0.02,0.35,0.24,0.39,4.92,7.22,7.54,0.63,2.94,9.79,9.79,9.47,12M,9.47,9.47,0,12090740,652344,5381,415,35
1593333,"DeWayne Brown",1593333,F,TENN,UVA,Tennessee,ACTIVE,-1.5,137.5,69.5,8,2.07,1.79,0.45,0.01,0.36,0.17,0.29,2.52,3.86,4.31,0.46,2.24,5.9,5.9,5.72,10M,0,11.84,0,12089250,651983,5580,416,35
1422613,"Garry Clark",1422613,F,UTST,ARIZ,"Utah State",ACTIVE,-11.5,154.5,71.5,15.5,4.99,3.42,0.49,0.08,0.88,0.29,0.46,5.48,8.41,8.9,0.75,3.91,11.22,11.22,11.11,16M,2.91,19.31,0,12089240,250159,5345,417,35
1520766,"Raleigh Burgess",1520766,F,PUR,MIA,Purdue,ACTIVE,7.5,147.5,77.5,0,0,0,0,0,0,0,0,0,0,0,0,0,0,0,0,0,0,0,0,12090710,457428,5517,418,35
1402846,"Tamin Lipsey",1402846,G,ISU,UK,"Iowa State",ACTIVE,4.5,145.5,75,34,13.12,4.83,5.44,1.26,2.11,2.18,0.01,18.56,17.95,23.39,2.19,10.27,31.52,31.52,31.34,36M,19,43.68,0,12089190,245021,5438,419,35
1610746,"Rrezon Elezaj",1610746,C,UCONN,UCLA,Connecticut,ACTIVE,4.5,136.5,70.5,0,0,0,0,0,0,0,0,0,0,0,0,0,0,0,0,0,0,0,0,12090740,652311,5381,420,35
1523626,"Boogie Fland",1523626,G,UF,IOWA,Florida,ACTIVE,10.5,145.5,78,31.25,11.07,2.38,2.78,1.07,1.65,1.41,0.08,13.85,13.45,16.23,1.49,5.16,20.91,20.91,20.9,32M,11.71,30.09,0,12090690,457466,5407,421,35
1611725,"Uroš Paunović",1611725,G,UCONN,UCLA,Connecticut,ACTIVE,4.5,136.5,70.5,0,0,0,0,0,0,0,0,0,0,0,0,0,0,0,0,0,0,0,0,12090740,652339,5381,422,35
1593982,"CJ Ingram",1593982,G,UF,IOWA,Florida,ACTIVE,10.5,145.5,78,0,0,0,0,0,0,0,0,0,0,0,0,0,0,0,0,0,0,0,0,12090690,652054,5407,423,35
1481222,"Jamar Brown",1481222,G,UCLA,UCONN,UCLA,ACTIVE,-4.5,136.5,66,6,0.91,0.97,0.21,0.18,0.12,0.13,0.01,1.12,1.88,2.09,0.14,1.18,2.68,2.68,2.74,10M,0,5.89,0,12090740,290023,5381,424,35
1593312,"Nolan Groves",1593312,G,TTU,BAMA,"Texas Tech",ACTIVE,-1.5,164.5,83,0,0,0,0,0,0,0,0,0,0,0,0,0,0,0,0,0,0,0,0,12089180,652317,5342,425,35
1591013,"Dwayne Aristode",1591013,G,ARIZ,UTST,Arizona,ACTIVE,11.5,154.5,83,11,3.01,1.4,0.63,0.71,0.46,0.44,0.09,3.64,4.41,5.04,0.53,2.03,6.76,6.76,6.88,12M,0.33,13.43,0,12089240,651959,5345,426,35
1594896,"Samis Calderon",1594896,F,KU,STJN,Kansas,"Q(Undisclosed - 03/20/2026)",3.5,144.5,70.5,0,0,0,0,0,0,0,0,0,0,0,0,0,0,0,0,0,0,0,0,12090720,652305,5442,427,35
1592597,"Jacob Ross",1592597,G,UCONN,UCLA,Connecticut,ACTIVE,4.5,136.5,70.5,0,0,0,0,0,0,0,0,0,0,0,0,0,0,0,0,0,0,0,0,12090740,652347,5381,428,35
1593334,"Nate Ament",1593334,F,TENN,UVA,Tennessee,ACTIVE,-1.5,137.5,69.5,30,14.65,6.17,1.96,1.42,1.95,0.71,0.75,16.61,20.82,22.78,1.46,8.13,27.43,27.43,28.08,32M,16.6,39.56,0,12089250,651957,5580,429,35
1365403,"Alex Karaban",1365403,F,UCONN,UCLA,Connecticut,ACTIVE,4.5,136.5,70.5,37,11.77,5.16,2.46,1.74,1.57,0.84,0.64,14.23,16.93,19.39,1.48,7.62,24.5,24.5,24.98,40M,15.86,34.1,0,12090740,181795,5381,430,35
1460179,"Tru Washington",1460179,G,MIA,PUR,"Miami (FL)",ACTIVE,-7.5,147.5,70,27,10.42,3.69,1.57,1.37,1.16,1.38,0.02,11.99,14.11,15.68,1.4,5.26,20.25,20.25,20.3,28M,10.29,30.31,0,12090710,288948,5517,431,35
1520734,"Campbell Duncan",1520734,G,TENN,UVA,Tennessee,ACTIVE,-1.5,137.5,69.5,0,0,0,0,0,0,0,0,0,0,0,0,0,0,0,0,0,0,0,0,12089250,458035,5580,432,35
1520756,"Jack Lusk",1520756,G,PUR,MIA,Purdue,ACTIVE,7.5,147.5,77.5,0,0,0,0,0,0,0,0,0,0,0,0,0,0,0,0,0,0,0,0,12090710,457525,5517,433,35
1599439,"Imran Suljanovic",1599439,F,STJN,KU,"St. John's (NY)","O(Knee - 11/02/2025)",-3.5,144.5,74,0,0,0,0,0,0,0,0,0,0,0,0,0,0,0,0,0,0,0,0,12090720,652716,5442,434,35
1459805,"Jamari McDowell",1459805,G,KU,STJN,Kansas,ACTIVE,3.5,144.5,70.5,13,2,1.34,0.63,0.57,0.44,0.33,0.1,2.63,3.34,3.97,0.43,1.97,5.4,5.4,5.54,14M,0.71,10.37,0,12090720,281797,5442,435,35
1591640,"Chance Mallory",1591640,G,UVA,TENN,Virginia,ACTIVE,1.5,137.5,68,23,6.96,2.94,2.91,0.83,0.99,1.17,0.11,9.87,9.9,12.81,1.28,5.85,17.72,17.72,17.49,24M,7.64,27.34,0,12089250,657246,5580,436,35
1593983,"Alex Lloyd",1593983,G,UF,IOWA,Florida,ACTIVE,10.5,145.5,78,0,0,0,0,0,0,0,0,0,0,0,0,0,0,0,0,0,0,0,0,12090690,652080,5407,437,35
1591696,"Elijah Perryman",1591696,G,UTST,ARIZ,"Utah State",ACTIVE,-11.5,154.5,71.5,6,1.76,0.79,1.26,0.25,0.62,0.33,0.07,3.02,2.55,3.81,0.4,2.05,5.16,5.16,5.24,10M,0,11.27,0,12089240,655013,5345,438,35
1461401,"Cam Manyawu",1461401,F,IOWA,UF,Iowa,ACTIVE,-10.5,145.5,67.5,23,6.89,4.88,1.1,0.03,1.17,1.17,0.59,7.99,11.77,12.87,1.76,5.98,18.49,18.49,17.59,24M,8.56,26.62,0,12090690,289584,5407,439,35
1593313,"Marial Akuentok",1593313,F,TTU,BAMA,"Texas Tech",ACTIVE,-1.5,164.5,83,3,0.8,0.79,0.12,0.04,0.19,0.06,0.07,0.92,1.59,1.71,0.13,0.91,2.14,2.14,2.16,5M,0,5.53,0,12089180,652298,5342,440,35
1594897,"Kohl Rosario",1594897,G,KU,STJN,Kansas,ACTIVE,3.5,144.5,70.5,1,0.24,0.1,0.05,0.05,0.04,0.03,0.01,0.29,0.34,0.39,0.04,0.15,0.5,0.5,0.51,5M,0,1.43,0,12090720,652346,5442,441,35
1231567,"Nate Heise",1231567,G,ISU,UK,"Iowa State",ACTIVE,4.5,145.5,75,30,7.01,6.54,2.44,1.03,0.72,1.21,0.07,9.45,13.55,15.99,1.28,8.98,21.64,21.64,21.62,32M,12.11,31.13,0,12089190,148965,5438,442,35
1461115,"Solomon Ball",1461115,G,UCONN,UCLA,Connecticut,ACTIVE,4.5,136.5,70.5,27,10.4,2.72,1.34,1.84,1.14,0.17,0.11,11.74,13.12,14.46,0.28,4.06,15.39,15.39,16.73,28M,8.48,24.98,0,12090740,288743,5381,443,35
1461126,"Brandon Williams",1461126,G,UCLA,UCONN,UCLA,ACTIVE,-4.5,136.5,66,10,2.02,1.47,0.2,0.16,0.24,0.3,0.18,2.22,3.49,3.69,0.48,1.67,5.29,5.29,5.08,12M,0.25,9.91,0,12090740,288955,5381,444,35
1576956,"Zach Tow",1576956,F,UK,ISU,Kentucky,ACTIVE,-4.5,145.5,70.5,0,0,0,0,0,0,0,0,0,0,0,0,0,0,0,0,0,0,0,0,12089190,596053,5438,445,35
1500814,"Andrija Jelavic",1500814,F,UK,ISU,Kentucky,ACTIVE,-4.5,145.5,70.5,14,4.36,3.35,0.73,0.66,0.84,0.41,0.24,5.09,7.71,8.44,0.65,4.08,10.59,10.59,10.86,16M,2.84,18.88,0,12089190,652058,5438,446,35
1459806,"Elmarko Jackson",1459806,G,KU,STJN,Kansas,ACTIVE,3.5,144.5,70.5,19,4.85,1.77,1.52,0.58,1.13,0.69,0.16,6.37,6.62,8.14,0.85,3.29,10.68,10.68,10.76,20M,3.68,17.84,0,12090720,281787,5442,447,35
1591641,"Johann Grünloh",1591641,C,UVA,TENN,Virginia,ACTIVE,1.5,137.5,68,20,5.69,3.9,0.42,0.5,0.83,0.41,1.53,6.11,9.59,10.01,1.94,4.32,16.01,16.01,14.93,22M,14.93,14.93,0,12089250,657236,5580,448,35
1460510,"Alvaro Folgueiras",1460510,F,IOWA,UF,Iowa,ACTIVE,-10.5,145.5,67.5,22,8.35,5.36,2.56,1.14,1.43,0.76,0.15,10.91,13.71,16.27,0.91,7.92,19.91,19.91,20.58,24M,10.01,31.15,0,12090690,290360,5407,449,35
1591697,"Brayden Boe",1591697,G,UTST,ARIZ,"Utah State",ACTIVE,-11.5,154.5,71.5,0,0,0,0,0,0,0,0,0,0,0,0,0,0,0,0,0,0,0,0,12089240,654944,5345,450,35
1461116,"Jaylin Stewart",1461116,F,UCONN,UCLA,Connecticut,"Q(Knee - 03/20/2026)",4.5,136.5,70.5,0,0,0,0,0,0,0,0,0,0,0,0,0,0,0,0,0,0,0,0,12090740,288927,5381,451,35
1520736,"Gavin Paull",1520736,G,TENN,UVA,Tennessee,ACTIVE,-1.5,137.5,69.5,0,0,0,0,0,0,0,0,0,0,0,0,0,0,0,0,0,0,0,0,12089250,458163,5580,452,35
1520747,"C.J. Cox",1520747,G,PUR,MIA,Purdue,ACTIVE,7.5,147.5,77.5,25,8.19,2.81,1.2,1.78,0.45,0.51,0.2,9.39,11,12.2,0.71,4.01,15.02,15.02,15.57,26M,7.47,23.67,0,12090710,457441,5517,453,35
1591642,"Silas Barksdale",1591642,F,UVA,TENN,Virginia,ACTIVE,1.5,137.5,68,0,0,0,0,0,0,0,0,0,0,0,0,0,0,0,0,0,0,0,0,12089250,657220,5580,454,35
1593941,"Anthony Rise",1593941,G,ISU,UK,"Iowa State",ACTIVE,4.5,145.5,75,0,0,0,0,0,0,0,0,0,0,0,0,0,0,0,0,0,0,0,0,12089190,652144,5438,455,35
1590597,"Antione West",1590597,G,PUR,MIA,Purdue,ACTIVE,7.5,147.5,77.5,0,0,0,0,0,0,0,0,0,0,0,0,0,0,0,0,0,0,0,0,12090710,652194,5517,456,35
1591698,"David Iweze",1591698,F,UTST,ARIZ,"Utah State",ACTIVE,-11.5,154.5,71.5,0,0,0,0,0,0,0,0,0,0,0,0,0,0,0,0,0,0,0,0,12089240,654979,5345,457,35
1461315,"Karson Templin",1461315,F,UTST,ARIZ,"Utah State",ACTIVE,-11.5,154.5,71.5,18.5,7.94,4.49,0.58,0.7,0.78,0.68,0.73,8.52,12.43,13.01,1.41,5.07,17.67,17.67,17.23,20M,6.84,27.62,0,12089240,288932,5345,458,35
1594899,"Bryson Tiller",1594899,F,KU,STJN,Kansas,ACTIVE,3.5,144.5,70.5,23,6.65,5.75,1.01,0.25,1.88,0.35,1.15,7.66,12.4,13.41,1.5,6.76,17.68,17.68,17.57,24M,8.55,26.59,0,12090720,597345,5442,459,35
1593337,"Troy Henderson",1593337,G,TENN,UVA,Tennessee,ACTIVE,-1.5,137.5,69.5,0,0,0,0,0,0,0,0,0,0,0,0,0,0,0,0,0,0,0,0,12089250,652044,5580,460,35
1460138,"Reece Potter",1460138,F,UK,ISU,Kentucky,ACTIVE,-4.5,145.5,70.5,0,0,0,0,0,0,0,0,0,0,0,0,0,0,0,0,0,0,0,0,12089190,289089,5438,461,35
1422606,"Steven Jamerson",1422606,C,UCLA,UCONN,UCLA,ACTIVE,-4.5,136.5,66,5,0.99,1.11,0.14,0.01,0.33,0.21,0.19,1.13,2.1,2.24,0.4,1.25,3.41,3.41,3.23,10M,3.23,3.23,0,12090740,251033,5381,462,35
1590620,"London Jemison",1590620,F,BAMA,TTU,Alabama,ACTIVE,1.5,164.5,81.5,21,7.32,4.2,0.64,1.02,1,0.94,0.27,7.96,11.52,12.16,1.21,4.84,15.96,15.96,15.98,22M,6.63,25.33,0,12089180,623001,5342,463,35
1591699,"Kingston Tosi",1591699,F,UTST,ARIZ,"Utah State",ACTIVE,-11.5,154.5,71.5,0,0,0,0,0,0,0,0,0,0,0,0,0,0,0,0,0,0,0,0,12089240,655033,5345,464,35
1461404,"Kael Combs",1461404,G,IOWA,UF,Iowa,ACTIVE,-10.5,145.5,67.5,25.5,5.98,2.98,1.77,0.51,1.63,0.62,0.04,7.75,8.96,10.73,0.66,4.75,12.57,12.57,13.13,26M,6.3,19.96,0,12090690,289535,5407,465,35
1461349,"Blake Buchanan",1461349,F,ISU,UK,"Iowa State",ACTIVE,4.5,145.5,75,26,9.06,7.15,2.1,0.02,1.35,0.91,1.39,11.16,16.21,18.31,2.3,9.25,26.34,26.34,25.22,28M,13.44,37,0,12089190,281768,5438,466,35
1522938,"Lefteris Liotopoulos",1522938,G,STJN,KU,"St. John's (NY)",ACTIVE,-3.5,144.5,74,2,0.72,0.25,0.1,0.16,0.12,0.05,0.01,0.82,0.97,1.07,0.06,0.35,1.23,1.23,1.32,5M,0,3.7,0,12090720,457524,5442,467,35
1480434,"Motiejus Krivas",1480434,C,ARIZ,UTST,Arizona,ACTIVE,11.5,154.5,83,25,9.37,6.78,0.77,0.12,1.72,0.66,2.08,10.14,16.15,16.92,2.74,7.55,25.16,25.16,23.79,26M,23.79,23.79,0,12089240,288838,5345,468,35
1594900,"Darryn Peterson",1594900,G,KU,STJN,Kansas,ACTIVE,3.5,144.5,70.5,37,21.63,5.58,2.02,3.02,2.05,1.73,0.55,23.65,27.21,29.23,2.28,7.6,36.15,36.15,36.76,40M,23.18,50.34,0,12090720,652340,5442,469,35
1593943,"Dominykas Pleta",1593943,F,ISU,UK,"Iowa State",ACTIVE,4.5,145.5,75,14,5.45,3.4,0.81,0.02,0.79,0.51,0.33,6.26,8.85,9.66,0.84,4.21,12.47,12.47,12.21,16M,3.2,21.22,0,12089190,652133,5438,470,35
1461119,"Jayden Ross",1461119,F,UCONN,UCLA,Connecticut,ACTIVE,4.5,136.5,70.5,22,5.36,3.04,1.2,0.77,0.94,0.81,0.43,6.56,8.4,9.6,1.24,4.24,13.59,13.59,13.35,24M,6.49,20.21,0,12090740,288906,5381,471,35
1522939,"Rub√©n Prey",1522939,G,STJN,KU,STJN,ACTIVE,0,0,0,0,0,0,0,0,0,0,0,0,0,0,0,0,0,0,0,0,0,0,0,0,457561,0,472,35
1591700,"Adlan Elamin",1591700,F,UTST,ARIZ,"Utah State",ACTIVE,-11.5,154.5,71.5,26.5,7.4,4.6,1.1,1.06,1.12,0.83,0.43,8.5,12,13.1,1.26,5.7,17.22,17.22,17.29,28M,9.21,25.37,0,12089240,654963,5345,473,35
1460954,"Cade Phillips",1460954,F,TENN,UVA,Tennessee,"O(Shoulder - 12/08/2025)",-1.5,137.5,69.5,0,0,0,0,0,0,0,0,0,0,0,0,0,0,0,0,0,0,0,0,12089250,289297,5580,474,35
1593944,"Killyan Toure",1593944,G,ISU,UK,"Iowa State",ACTIVE,4.5,145.5,75,30,9.84,4.94,2.76,0.82,2.23,1.35,0.36,12.6,14.78,17.54,1.71,7.7,22.79,22.79,22.89,32M,12.82,32.96,0,12089190,652181,5438,475,35
1594902,"Paul Mbiya",1594902,C,KU,STJN,Kansas,ACTIVE,3.5,144.5,70.5,6,1.81,1.22,0.13,0.04,0.32,0.08,0.32,1.94,3.03,3.16,0.4,1.35,4.36,4.36,4.2,10M,4.2,4.2,0,12090720,652332,5442,476,35
1460955,"J.P. Estrella",1460955,F,TENN,UVA,Tennessee,ACTIVE,-1.5,137.5,69.5,23,10.78,6.11,0.88,0.23,1.09,0.35,0.61,11.66,16.89,17.77,0.96,6.99,21.22,21.22,21.3,24M,10.36,32.24,0,12089250,289220,5580,477,35
1593945,"Xzavion Mitchell",1593945,F,ISU,UK,"Iowa State",ACTIVE,4.5,145.5,75,0,0,0,0,0,0,0,0,0,0,0,0,0,0,0,0,0,0,0,0,12089190,652103,5438,478,35
1482306,"Melvin Council",1482306,G,KU,STJN,Kansas,ACTIVE,3.5,144.5,70.5,36,10.29,3.55,5.05,0.69,2.23,1.2,0.23,15.34,13.84,18.89,1.43,8.6,24.21,24.21,24.45,40M,15.42,33.48,0,12090720,289539,5442,479,35
1234818,"Evan Nelson",1234818,G,ARIZ,UTST,Arizona,ACTIVE,11.5,154.5,83,0,0,0,0,0,0,0,0,0,0,0,0,0,0,0,0,0,0,0,0,12089240,190377,5345,480,35
1593935,"Jamarion Batemon",1593935,G,ISU,UK,"Iowa State",ACTIVE,4.5,145.5,75,22,9.64,1.83,0.58,1.82,0.92,0.77,0.15,10.22,11.47,12.05,0.92,2.41,14.52,14.52,15.06,24M,6.58,23.54,0,12089190,651966,5438,481,35
1482307,"Oscar Cluff",1482307,F,PUR,MIA,Purdue,ACTIVE,7.5,147.5,77.5,30,11.57,8.41,1.85,0.03,1.57,0.64,1.5,13.42,19.98,21.83,2.14,10.26,29.29,29.29,28.68,32M,16.96,40.4,0,12090710,288764,5517,482,35
1480438,"Jackson Cook",1480438,G,ARIZ,UTST,Arizona,ACTIVE,11.5,154.5,83,0,0,0,0,0,0,0,0,0,0,0,0,0,0,0,0,0,0,0,0,12089240,288766,5345,483,35
1594904,"Jasper Johnson",1594904,G,UK,ISU,Kentucky,ACTIVE,-4.5,145.5,70.5,5,1.52,0.38,0.51,0.33,0.55,0.11,0.01,2.03,1.9,2.41,0.12,0.89,2.53,2.53,2.87,10M,0,6.17,0,12089190,652061,5438,484,35
1593936,"Collins Onyejiaka",1593936,C,BAMA,TTU,Alabama,"O(Undisclosed - 11/12/2025)",1.5,164.5,81.5,0,0,0,0,0,0,0,0,0,0,0,0,0,0,0,0,0,0,0,0,12089180,652122,5342,485,35
1594905,"Braydon Hawthorne",1594905,F,UK,ISU,Kentucky,ACTIVE,-4.5,145.5,70.5,0,0,0,0,0,0,0,0,0,0,0,0,0,0,0,0,0,0,0,0,12089190,652043,5438,486,35
,1,,3,4,5,6,7,8,9,10,11,12,13,14,15,16,17,18,19,20,21,22,23,24,25,26,27,28,29,30,31,32,33,34,35
